{"name": "00683694-a6ac-11e6-bc56-80e65024849a.file", "apistats": {"NtWriteFile": 234, "SetErrorMode": 1, "RegEnumKeyExW": 21, "CreateThread": 1, "NtOpenFile": 6, "NtFreeVirtualMemory": 427, "GetSystemDirectoryW": 3, "GetForegroundWindow": 1, "LoadResource": 3, "GetFileSize": 1, "NtOpenProcess": 14, "GetNativeSystemInfo": 1, "CreateActCtxW": 1, "GetTempPathW": 1, "NtCreateMutant": 2, "NtQueryDirectoryFile": 13, "NtDuplicateObject": 3, "SHGetFolderPathW": 93, "CoCreateInstance": 2, "NtQuerySystemInformation": 1, "LdrLoadDll": 26, "CreateDirectoryW": 13, "NtCreateFile": 392, "GetFileAttributesW": 377, "NtUnmapViewOfSection": 3, "FindFirstFileExW": 17, "RegOpenKeyExW": 490, "NtSetInformationFile": 2, "NtProtectVirtualMemory": 1, "SetFilePointer": 1835, "CreateProcessInternalW": 1, "GetSystemTimeAsFileTime": 38, "DrawTextExW": 2, "SetFileTime": 1, "UuidCreate": 2, "OleInitialize": 1, "NtClose": 133, "GetVolumeNameForVolumeMountPointW": 3, "NtQueryValueKey": 11, "RegQueryValueExA": 1, "NtReadFile": 23657, "NtOpenKey": 32, "NtAllocateVirtualMemory": 488, "NtQueryInformationFile": 3, "NtMapViewOfSection": 7, "LdrGetDllHandle": 354, "GetVolumePathNamesForVolumeNameW": 6, "GetFileType": 3, "NtOpenMutant": 1, "GetSystemMetrics": 9, "FindResourceExW": 5, "NtDelayExecution": 7, "DeleteFileW": 2, "GetFileSizeEx": 12, "LoadStringW": 6, "GlobalMemoryStatusEx": 1, "RegOpenKeyExA": 5, "RegCloseKey": 326, "LdrGetProcedureAddress": 396, "NtCreateSection": 3, "LdrUnloadDll": 2, "RegEnumKeyW": 109, "GetFileInformationByHandleEx": 12, "RegQueryValueExW": 2202, "NtOpenSection": 7, "GetSystemWindowsDirectoryW": 7, "CoUninitialize": 15, "CoInitializeEx": 16}, "class": "malware"}