{"apistats": {"NtOpenSection": 7, "CoUninitialize": 19, "GetForegroundWindow": 2, "GetBestInterfaceEx": 2, "LdrUnloadDll": 1, "NtSetInformationFile": 2, "MoveFileWithProgressW": 1, "WSAStartup": 4, "NtTerminateProcess": 3, "SetFileTime": 1, "GetFileVersionInfoSizeW": 1, "GetAdaptersAddresses": 1, "RegCloseKey": 2, "GetFileAttributesW": 2, "IWbemServices_ExecQuery": 1, "GetVolumePathNamesForVolumeNameW": 6, "setsockopt": 3, "GetSystemMetrics": 9, "NtClose": 20, "GetFileSize": 1, "RegOpenKeyExW": 3, "NtDelayExecution": 18, "NtDuplicateObject": 2, "SetErrorMode": 3, "NtAllocateVirtualMemory": 3, "RegOpenKeyExA": 5, "DeleteFileW": 4, "SetStdHandle": 4, "SHGetFolderPathW": 93, "CoCreateInstance": 7, "RegEnumKeyExW": 23, "CreateDirectoryW": 13, "FindResourceExW": 7, "NtCreateFile": 2, "GetSystemTimeAsFileTime": 2, "GlobalMemoryStatusEx": 1, "FindFirstFileExW": 10, "closesocket": 3, "GetFileInformationByHandleEx": 12, "NtCreateSection": 1, "NtOpenMutant": 1, "LoadResource": 5, "CoInitializeSecurity": 1, "GetFileType": 3, "SetFileAttributesW": 2, "GetSystemWindowsDirectoryW": 1, "InternetOpenW": 1, "NtQueryInformationFile": 3, "CreateProcessInternalW": 1, "RegSetValueExW": 14, "RegCreateKeyExW": 7, "GetNativeSystemInfo": 2, "NtQueryKey": 4, "GetComputerNameW": 1, "DrawTextExW": 2, "RegQueryValueExA": 1, "LookupPrivilegeValueW": 1, "NtQueryValueKey": 4, "NtOpenProcess": 14, "RegQueryValueExW": 14, "HttpOpenRequestW": 1, "NtMapViewOfSection": 1, "InternetConnectW": 1, "CreateActCtxW": 1, "GetFileSizeEx": 12, "RegEnumKeyW": 109, "InternetQueryOptionA": 1, "NtDeviceIoControlFile": 22, "NtReadFile": 23734, "NtWriteFile": 238, "LdrGetDllHandle": 4, "CoGetClassObject": 1, "NtQuerySystemInformation": 1, "OleInitialize": 1, "NtOpenFile": 8, "CreateThread": 2, "NtUnmapViewOfSection": 3, "RegQueryInfoKeyW": 1, "SetFilePointer": 1836, "GetSystemDirectoryW": 3, "NtQueryDirectoryFile": 15, "SetUnhandledExceptionFilter": 1, "NtFreeVirtualMemory": 1108, "GetVolumeNameForVolumeMountPointW": 3, "CoCreateInstanceEx": 1, "NtCreateMutant": 2, "NtProtectVirtualMemory": 47, "GetAddrInfoW": 1, "CoInitializeEx": 21, "RegDeleteValueW": 3, "GetTempPathW": 1, "socket": 3, "LoadStringW": 6, "NtOpenKey": 4, "InternetCrackUrlW": 1, "LdrGetProcedureAddress": 6, "NtOpenThread": 1, "GetFileVersionInfoW": 1, "LdrLoadDll": 1, "UuidCreate": 2}, "name": "00e12fb8-a6ac-11e6-8265-80e65024849a.file", "class": "malware"}