{"class": "malware", "name": "03cb69bd-a6ac-11e6-9475-80e65024849a.file", "apistats": {"GetNativeSystemInfo": 2, "FindResourceExW": 9, "NtOpenKey": 36, "NtDuplicateObject": 3, "NtProtectVirtualMemory": 17, "GetForegroundWindow": 3, "NtAllocateVirtualMemory": 20, "RegDeleteKeyA": 56, "CreateActCtxW": 2, "GetFileInformationByHandleEx": 12, "RegSetValueExW": 37, "RegCreateKeyExA": 273, "DeleteFileW": 2, "ReadProcessMemory": 41, "DrawTextExW": 10, "OleInitialize": 2, "LdrGetDllHandle": 31, "RegOpenKeyExW": 547, "LdrGetProcedureAddress": 99, "GetSystemTimeAsFileTime": 39, "NtOpenFile": 3, "NtWriteFile": 22, "GetVolumeNameForVolumeMountPointW": 3, "GetSystemDirectoryA": 12, "NtFreeVirtualMemory": 6, "NtOpenMutant": 1, "SetErrorMode": 1, "NtMapViewOfSection": 12, "GetFileSize": 5, "GetVolumePathNamesForVolumeNameW": 6, "LdrLoadDll": 36, "NtCreateFile": 35, "FindFirstFileExW": 1, "RegEnumValueW": 37, "RegQueryValueExA": 52, "LoadStringW": 6, "NtOpenProcess": 14, "NtQueryValueKey": 11, "CoUninitialize": 15, "GetFileAttributesW": 21, "NtCreateMutant": 3, "RegQueryInfoKeyW": 2, "RegCreateKeyExW": 85, "RegDeleteKeyW": 1, "GetTempPathW": 1, "RegEnumKeyExA": 20, "NtQueryKey": 146, "LoadResource": 3, "GlobalMemoryStatusEx": 1, "NtCreateSection": 8, "NtDeleteKey": 73, "CoInitializeEx": 16, "SetFilePointer": 89, "GetSystemInfo": 1, "GetFileSizeEx": 13, "CreateDirectoryW": 12, "RegCloseKey": 795, "SetFileTime": 4, "GetSystemMetrics": 56, "RegOpenKeyExA": 132, "RegQueryInfoKeyA": 31, "NtReadFile": 172, "RegEnumKeyExW": 25, "RegEnumKeyW": 109, "RegQueryValueExW": 2245, "NtOpenSection": 7, "RegSetValueExA": 209, "GetSystemDirectoryW": 3, "GetFileType": 3, "NtQueryDirectoryFile": 7, "NtUnmapViewOfSection": 7, "NtQuerySystemInformation": 1, "NtClose": 266, "CoCreateInstance": 27, "NtOpenKeyEx": 146, "GetSystemWindowsDirectoryW": 8, "LdrUnloadDll": 7}}