{"apistats": {"CreateToolhelp32Snapshot": 1, "NtDuplicateObject": 2, "NtOpenSection": 3, "RegCloseKey": 17, "GetSystemInfo": 3, "RegQueryValueExA": 32, "WSAStartup": 1, "GetSystemWindowsDirectoryW": 1, "NtClose": 46, "RegQueryValueExW": 8, "NtFreeVirtualMemory": 8, "Process32NextW": 32, "GetSystemMetrics": 18, "RegOpenKeyExW": 28, "NtReadFile": 1, "NtMapViewOfSection": 9, "Process32FirstW": 1, "GetComputerNameW": 1, "NtResumeThread": 3, "GetFileSizeEx": 1, "CreateThread": 4, "NtUnmapViewOfSection": 3, "RegQueryInfoKeyW": 2, "CoCreateInstance": 1, "GetSystemDirectoryW": 2, "RegEnumKeyExW": 25, "SetUnhandledExceptionFilter": 2, "FindResourceExW": 15, "NtCreateFile": 2, "GetSystemTimeAsFileTime": 1, "NtCreateMutant": 1, "NtProtectVirtualMemory": 10, "CoInitializeEx": 3, "RegEnumValueW": 37, "LdrGetDllHandle": 8, "NtCreateSection": 5, "LoadStringW": 7, "NtOpenKey": 20, "NtOpenMutant": 1, "LoadResource": 12, "LdrGetProcedureAddress": 391, "SetWindowsHookExW": 2, "NtAllocateVirtualMemory": 25, "LdrLoadDll": 28, "NtQueryValueKey": 17}, "name": "03fe93e6-a71c-11e6-8434-80e65024849a.file", "class": "malware"}