{"apistats": {"LdrUnloadDll": 3, "NtOpenSection": 2, "NtOpenMutant": 1, "RegCloseKey": 55, "NtDuplicateObject": 1, "GetShortPathNameW": 1, "GetSystemInfo": 78, "NtCreateFile": 165, "NtResumeThread": 4, "GetSystemWindowsDirectoryW": 2, "NtClose": 60, "GetFileVersionInfoSizeW": 3, "NtOpenProcess": 19, "NtCreateSection": 17, "GetFileAttributesW": 59, "RegQueryValueExW": 175, "NtMapViewOfSection": 21, "RtlAddVectoredContinueHandler": 1, "CreateActCtxW": 3, "GetFileSize": 7, "WriteProcessMemory": 1, "RegOpenKeyExW": 83, "NtDelayExecution": 136, "SetErrorMode": 74, "NtDeviceIoControlFile": 1, "NtReadFile": 10, "GetFileInformationByHandle": 8, "RegOpenKeyExA": 1, "LdrGetDllHandle": 87, "NtQuerySystemInformation": 3, "NtAllocateVirtualMemory": 818, "NtOpenFile": 1, "SHGetFolderPathW": 2, "CreateThread": 4, "NtUnmapViewOfSection": 7, "RegQueryInfoKeyW": 3, "ReadProcessMemory": 29946, "GetSystemDirectoryW": 4, "NtQueryDirectoryFile": 2, "RegEnumKeyExW": 14, "SetUnhandledExceptionFilter": 1, "NtFreeVirtualMemory": 336, "GetSystemTimeAsFileTime": 6, "GlobalMemoryStatusEx": 11, "NtQueryAttributesFile": 3, "FindFirstFileExW": 15, "NtCreateMutant": 4, "NtProtectVirtualMemory": 67, "GetFileAttributesExW": 6, "RegEnumValueW": 3, "GlobalMemoryStatus": 1, "LoadStringW": 6, "NtOpenKey": 4, "CoInitializeEx": 4, "LdrGetProcedureAddress": 288, "GetFileVersionInfoW": 3, "IsDebuggerPresent": 1, "NtOpenDirectoryObject": 1, "NtOpenKeyEx": 2, "LdrLoadDll": 39, "LookupPrivilegeValueW": 1, "NtQueryValueKey": 4}, "name": "04ad8951-e495-11e7-8ffd-80e65024849a.file", "class": "malware"}