{"class": "malware", "apistats": {"GetSystemWindowsDirectoryW": 1, "DrawTextExW": 47, "NtWriteFile": 13, "NtMapViewOfSection": 1, "NtOpenKey": 2, "NtCreateFile": 3, "NtClose": 8, "RegQueryValueExW": 9, "SetFilePointer": 1, "GetForegroundWindow": 5, "NtOpenMutant": 1, "FindResourceExA": 1, "FindResourceExW": 10, "LoadResource": 9, "NtQueryValueKey": 2, "RegOpenKeyExA": 2, "NtOpenSection": 3, "GetFileSize": 1, "RegOpenKeyExW": 25, "NtReadFile": 39137, "GetTempPathW": 1, "LdrGetProcedureAddress": 3, "LdrGetDllHandle": 1, "NtAllocateVirtualMemory": 8, "GetSystemInfo": 1, "LdrLoadDll": 2, "GetFileAttributesW": 1, "LoadStringW": 7, "GetFileType": 3, "RegEnumKeyExW": 21, "GetSystemMetrics": 6, "NtFreeVirtualMemory": 1, "RegCloseKey": 13, "NtCreateSection": 1, "NtUnmapViewOfSection": 2, "CreateProcessInternalW": 1, "NtOpenDirectoryObject": 1, "IsDebuggerPresent": 1, "CoInitializeEx": 1, "GetSystemDirectoryW": 2}, "name": "04f9e638-aef1-11e6-b905-80e65024849a.file"}