{"apistats": {"LdrUnloadDll": 2, "NtOpenMutant": 1, "RegCloseKey": 39, "NtQueryKey": 6, "NtDuplicateObject": 2, "GetShortPathNameW": 1, "GetSystemInfo": 62, "NtResumeThread": 2, "GetSystemWindowsDirectoryW": 2, "NtClose": 62, "GetFileVersionInfoSizeW": 4, "NtOpenProcess": 2, "GetFileAttributesW": 24, "RegQueryValueExW": 87, "NtMapViewOfSection": 15, "RtlAddVectoredContinueHandler": 1, "CreateActCtxW": 2, "GetFileSize": 5, "RegOpenKeyExW": 60, "NtDelayExecution": 53, "SetErrorMode": 80, "NtReadFile": 10, "GetFileInformationByHandle": 8, "RegOpenKeyExA": 1, "NtWriteFile": 4, "LdrGetDllHandle": 95, "NtQuerySystemInformation": 1, "NtAllocateVirtualMemory": 322, "SHGetFolderPathW": 4, "CreateThread": 3, "NtUnmapViewOfSection": 7, "RegQueryInfoKeyW": 3, "GetSystemDirectoryW": 4, "NtQueryDirectoryFile": 2, "RegEnumKeyExW": 14, "CryptAcquireContextW": 1, "SetUnhandledExceptionFilter": 1, "NtFreeVirtualMemory": 68, "GetSystemTimeAsFileTime": 5, "NtCreateSection": 11, "FindFirstFileExW": 23, "NtCreateMutant": 5, "NtProtectVirtualMemory": 30, "GetFileAttributesExW": 12, "RegEnumValueW": 3, "GlobalMemoryStatus": 1, "NtOpenKey": 7, "CoInitializeEx": 2, "LdrGetProcedureAddress": 267, "CoInitializeSecurity": 1, "GetFileVersionInfoW": 4, "IsDebuggerPresent": 1, "NtOpenDirectoryObject": 1, "GetFileType": 8, "NtOpenKeyEx": 9, "LdrLoadDll": 30, "NtCreateFile": 86, "UuidCreate": 1, "NtQueryValueKey": 8}, "name": "05645fb3-9d22-11e6-a127-80e65024849a.file", "class": "malware"}