{"apistats": {"GetSystemInfo": 1, "NtQueryDirectoryFile": 62, "GetSystemWindowsDirectoryW": 1, "NtQueryValueKey": 1, "GetSystemTimeAsFileTime": 12, "FindFirstFileExW": 1, "NtProtectVirtualMemory": 1, "NtCreateSection": 1, "GetTimeZoneInformation": 1, "LdrGetProcedureAddress": 134, "SetErrorMode": 1, "NtMapViewOfSection": 1, "NtAllocateVirtualMemory": 14, "LdrLoadDll": 2, "NtCreateFile": 1, "LdrGetDllHandle": 28, "NtFreeVirtualMemory": 2, "NtClose": 4}, "name": "0703f926-9eb3-11e6-b93a-80e65024849a.file", "class": "malware"}