{"class": "malware", "name": "072f8d63-9d22-11e6-a1a7-80e65024849a.file", "apistats": {"FindResourceExW": 1, "NtOpenKey": 7, "SetUnhandledExceptionFilter": 1, "RegQueryValueExA": 13, "NtAllocateVirtualMemory": 10, "NtQueryValueKey": 8, "LdrGetDllHandle": 6, "LoadResource": 1, "WSAStartup": 3, "GlobalMemoryStatusEx": 1, "NtCreateSection": 1, "NtSetInformationFile": 1, "LdrUnloadDll": 2, "NtDuplicateObject": 2, "GetSystemInfo": 2, "RegOpenKeyExW": 13, "RegCloseKey": 20, "LdrGetProcedureAddress": 52, "GetSystemTimeAsFileTime": 1, "OutputDebugStringA": 1, "NtCreateThreadEx": 1, "setsockopt": 1, "RegQueryValueExW": 23, "NtFreeVirtualMemory": 11, "NtMapViewOfSection": 1, "LdrLoadDll": 17, "NtCreateFile": 1, "WSASocketW": 1, "NtDeviceIoControlFile": 1, "NtResumeThread": 1, "RegEnumValueW": 2, "NtQuerySystemInformation": 1, "bind": 1, "RegOpenKeyExA": 9, "NtClose": 10, "GetSystemWindowsDirectoryW": 1, "CoInitializeEx": 1}}