{"apistats": {"RegCreateKeyExW": 22, "NtDuplicateObject": 3, "GetVolumePathNameW": 1, "RegCloseKey": 62, "NtQueryKey": 8, "GetBestInterfaceEx": 6, "WSAStartup": 13, "CoUninitialize": 12, "GetSystemWindowsDirectoryW": 1, "NtQueryValueKey": 1, "GetAdaptersAddresses": 3, "CryptHashData": 1, "GetFileAttributesW": 12, "InternetOpenW": 1, "RegQueryValueExW": 86, "CryptCreateHash": 1, "RegOpenKeyExW": 59, "SetErrorMode": 13, "NtDeviceIoControlFile": 74, "NtAllocateVirtualMemory": 27, "NtMapViewOfSection": 1, "NtOpenFile": 1, "setsockopt": 10, "CreateThread": 1, "CoCreateInstance": 15, "RegEnumKeyExW": 6, "CryptAcquireContextW": 1, "SetUnhandledExceptionFilter": 2, "NtFreeVirtualMemory": 5, "GetSystemTimeAsFileTime": 13, "FindFirstFileExW": 8, "closesocket": 10, "NtProtectVirtualMemory": 37, "GetAddrInfoW": 3, "SHGetFolderPathW": 2, "RegDeleteValueW": 10, "LdrGetDllHandle": 2, "NtCreateSection": 1, "socket": 10, "RegSetValueExW": 43, "InternetSetOptionA": 3, "NtOpenKey": 6, "CoInitializeEx": 13, "LdrGetProcedureAddress": 42, "LdrLoadDll": 8, "NtCreateFile": 1, "UuidCreate": 1, "NtQueryInformationFile": 1, "NtClose": 97}, "name": "086c15b3-9eb3-11e6-9672-80e65024849a.file", "class": "malware"}