{"class": "malware", "apistats": {"NtQueryKey": 2, "GetSystemWindowsDirectoryW": 7, "SetFilePointerEx": 5, "CreateActCtxW": 2, "NtSetInformationFile": 1, "GetComputerNameW": 5, "NtCreateFile": 32, "OleInitialize": 2, "NtOpenProcess": 14, "NtOpenKey": 27, "NtQueryDirectoryFile": 7, "CreateProcessInternalW": 1, "GetNativeSystemInfo": 1, "NtOpenFile": 3, "FindResourceExW": 2, "GetFileSizeEx": 12, "RegEnumKeyW": 109, "RegOpenKeyExA": 5, "LdrUnloadDll": 3, "GetFileSize": 1, "CoUninitialize": 15, "GetTempPathW": 1, "LdrGetProcedureAddress": 80, "NtAllocateVirtualMemory": 9, "GetFileInformationByHandleEx": 12, "NtOpenDirectoryObject": 1, "GetSystemTimeAsFileTime": 38, "LdrLoadDll": 19, "RegOpenKeyExW": 456, "NtCreateThreadEx": 1, "GetFileType": 2, "NtFreeVirtualMemory": 7, "RegCloseKey": 318, "NtProtectVirtualMemory": 20, "UuidCreate": 1, "GetVolumePathNamesForVolumeNameW": 6, "NtDeviceIoControlFile": 1, "CoInitializeSecurity": 1, "GetAdaptersInfo": 2, "IsDebuggerPresent": 1, "CoInitializeEx": 15, "RegEnumKeyExW": 411, "RegEnumValueW": 2, "FindFirstFileExW": 1, "NtWriteFile": 944, "NtMapViewOfSection": 5, "CreateDirectoryW": 13, "GlobalMemoryStatusEx": 1, "WSAStartup": 3, "NtDuplicateObject": 3, "NtClose": 97, "RegQueryValueExW": 2197, "SetFilePointer": 42, "LoadResource": 2, "LoadStringW": 1, "RegQueryInfoKeyW": 1, "NtQueryValueKey": 9, "NtOpenSection": 5, "IWbemServices_ExecQuery": 1, "NtTerminateProcess": 3, "CoCreateInstanceEx": 4, "CoCreateInstance": 2, "SetFileTime": 1, "NtReadFile": 507, "RegQueryValueExA": 1, "LdrGetDllHandle": 11, "NtQuerySystemInformation": 1, "GetSystemInfo": 1, "GetUserNameExW": 2, "CoGetClassObject": 3, "NtResumeThread": 1, "NtCreateMutant": 2, "NtQueryInformationFile": 1, "InternetCrackUrlW": 2, "GetFileAttributesW": 18, "DeleteFileW": 2, "GetSystemMetrics": 3, "SetErrorMode": 1, "NtCreateSection": 3, "NtUnmapViewOfSection": 1, "SetUnhandledExceptionFilter": 1, "GetSystemDirectoryW": 2, "GetVolumeNameForVolumeMountPointW": 3}, "name": "09eefca1-ae92-11e6-8bfb-80e65024849a.file"}