{"apistats": {"NtOpenSection": 2, "NtOpenMutant": 1, "RegCloseKey": 8, "DrawTextExW": 5, "GetSystemInfo": 1, "EnumWindows": 1, "NtQueryValueKey": 5, "GetFileAttributesW": 3, "RegQueryValueExW": 5, "NtMapViewOfSection": 4, "GetSystemMetrics": 35, "GetFileSize": 1, "RegOpenKeyExW": 19, "SetErrorMode": 15, "NtAllocateVirtualMemory": 40, "RegOpenKeyExA": 2, "LdrGetDllHandle": 4, "OleInitialize": 1, "LoadStringA": 19, "GetSystemDirectoryW": 2, "SetFilePointer": 2, "NtUnmapViewOfSection": 2, "RegEnumKeyExW": 21, "CryptAcquireContextW": 1, "LoadStringW": 5, "FindResourceExW": 7, "NtFreeVirtualMemory": 2, "GlobalMemoryStatus": 1, "NtProtectVirtualMemory": 3, "CoInitializeEx": 1, "GetTempPathW": 1, "NtCreateSection": 2, "SetWindowsHookExA": 1, "NtOpenKey": 5, "SearchPathW": 2, "LoadResource": 5, "LdrGetProcedureAddress": 208, "GetFileType": 1, "SetEndOfFile": 1, "LdrLoadDll": 15, "NtCreateFile": 1, "NtQueryInformationFile": 1, "NtClose": 21}, "name": "0af13797-cca8-11e7-bed0-80e65024849a.file", "class": "malware"}