{"class": "malware", "apistats": {"NtQueryKey": 8, "FindFirstFileExW": 8, "GetAddrInfoW": 3, "CryptAcquireContextW": 1, "NtOpenKey": 6, "WSAStartup": 13, "CryptHashData": 1, "NtClose": 95, "GetAdaptersAddresses": 3, "socket": 10, "NtOpenFile": 1, "InternetSetOptionA": 3, "RegQueryValueExW": 84, "SHGetFolderPathW": 1, "CryptCreateHash": 1, "InternetOpenW": 1, "RegCreateKeyExW": 22, "CoUninitialize": 12, "closesocket": 10, "CoCreateInstance": 15, "LdrGetProcedureAddress": 76, "LdrGetDllHandle": 29, "NtAllocateVirtualMemory": 17, "NtQueryInformationFile": 1, "GetSystemTimeAsFileTime": 13, "SetErrorMode": 5, "CoInitializeEx": 13, "LdrLoadDll": 7, "GetBestInterfaceEx": 6, "GetFileAttributesW": 8, "NtDuplicateObject": 5, "RegOpenKeyExW": 58, "RegEnumKeyExW": 6, "NtFreeVirtualMemory": 1, "RegCloseKey": 61, "NtProtectVirtualMemory": 40, "UuidCreate": 1, "RegSetValueExW": 43, "RegDeleteValueW": 10, "NtDeviceIoControlFile": 74, "SetUnhandledExceptionFilter": 2, "GetVolumePathNameW": 1, "setsockopt": 10, "CreateThread": 1}, "name": "0af36beb-ae92-11e6-bdc4-80e65024849a.file"}