{"apistats": {"CreateToolhelp32Snapshot": 10, "NtDuplicateObject": 2, "RegCloseKey": 9, "WriteProcessMemory": 8, "RegQueryValueExA": 7, "GetSystemWindowsDirectoryW": 1, "NtClose": 67, "RegCreateKeyExA": 1, "NtOpenProcess": 9, "RemoveDirectoryA": 109, "GetFileAttributesW": 6, "NtMapViewOfSection": 2, "Process32NextW": 168, "NtCreateThreadEx": 1, "SizeofResource": 1, "GetFileSize": 2, "RegOpenKeyExW": 1, "NtCreateMutant": 1, "SetErrorMode": 1, "NtReadFile": 2, "RegOpenKeyExA": 7, "CopyFileExW": 1, "NtFreeVirtualMemory": 4, "Process32FirstW": 10, "LdrUnloadDll": 1, "NtQuerySystemInformation": 1, "FindResourceExA": 1, "NtResumeThread": 1, "NtOpenFile": 2, "CreateDirectoryExW": 96, "NtUnmapViewOfSection": 3, "CreateDirectoryW": 1, "GetTempPathW": 1, "NtCreateFile": 35, "GetSystemTimeAsFileTime": 1, "GlobalMemoryStatusEx": 1, "FindFirstFileExW": 1, "NtWriteFile": 1, "NtProtectVirtualMemory": 9, "SHGetFolderPathW": 32, "LdrGetDllHandle": 5, "NtCreateSection": 2, "GetKeyboardState": 1, "NtOpenKey": 6, "LoadResource": 1, "LdrGetProcedureAddress": 220, "RegSetValueExA": 1, "NtAllocateVirtualMemory": 21, "LdrLoadDll": 18, "LookupPrivilegeValueW": 3, "FindResourceA": 1, "NtQueryInformationFile": 2, "NtQueryValueKey": 6}, "name": "0b9c5e07-ae92-11e6-86ee-80e65024849a.file", "class": "malware"}