{"class": "malware", "name": "0ba178ca-aef1-11e6-ac09-80e65024849a.file", "apistats": {"FindResourceExW": 2, "NtOpenKey": 7, "GetTempPathW": 2, "SetUnhandledExceptionFilter": 1, "GetForegroundWindow": 1, "NtAllocateVirtualMemory": 25, "NtQueryInformationFile": 781, "LoadResource": 1, "RegSetValueExW": 1, "NtMapViewOfSection": 4, "NtCreateSection": 1, "DrawTextExW": 7, "CoInitializeEx": 1, "SetFilePointer": 35, "OleInitialize": 1, "LdrGetDllHandle": 34, "RegOpenKeyExW": 22, "FindResourceExA": 1, "IsDebuggerPresent": 1, "CreateDirectoryW": 1, "RegCloseKey": 12, "NtOpenDirectoryObject": 1, "LdrGetProcedureAddress": 56, "GetSystemInfo": 1, "GetSystemMetrics": 62, "DrawTextExA": 1, "CoUninitialize": 1, "NtReadFile": 115, "RegEnumKeyExW": 21, "NtWriteFile": 77, "RegQueryValueExW": 7, "NtUnmapViewOfSection": 2, "NtOpenSection": 2, "NtFreeVirtualMemory": 5, "NtOpenMutant": 1, "NtClose": 37, "GetSystemDirectoryW": 1, "GetFileType": 15, "DeleteFileW": 5, "LdrLoadDll": 7, "NtCreateFile": 13, "NtOpenFile": 1, "CreateProcessInternalW": 1, "LoadStringW": 5, "NtOpenProcess": 1, "NtQueryValueKey": 3, "RegOpenKeyExA": 5, "GetFileAttributesW": 1, "GetSystemWindowsDirectoryW": 1, "timeGetTime": 3, "RegCreateKeyExW": 1}}