{"apistats": {"CreateToolhelp32Snapshot": 1, "LdrUnloadDll": 1, "RegCloseKey": 38, "GetNativeSystemInfo": 1, "DrawTextExW": 2, "NtSetContextThread": 1, "RegQueryValueExA": 38, "FindResourceW": 188, "NtCreateFile": 1, "NtTerminateProcess": 3, "NtClose": 12, "RegQueryValueExW": 1, "NtMapViewOfSection": 1, "Process32NextW": 31, "GetSystemMetrics": 17, "SizeofResource": 188, "GetSystemWindowsDirectoryW": 1, "RegOpenKeyExW": 1, "NtDelayExecution": 219, "SetErrorMode": 2, "NtAllocateVirtualMemory": 2, "RegOpenKeyExA": 37, "LdrGetDllHandle": 1, "Process32FirstW": 1, "GetCursorPos": 220, "NtResumeThread": 1, "LoadStringA": 96, "NtUnmapViewOfSection": 1, "SetUnhandledExceptionFilter": 1, "FindResourceExW": 22, "NtFreeVirtualMemory": 191, "GetSystemTimeAsFileTime": 1, "NtQueryAttributesFile": 4, "RegEnumKeyExA": 13, "NtCreateSection": 1, "NtGetContextThread": 1, "GetUserNameA": 1, "NtOpenKey": 1, "LoadResource": 190, "LdrGetProcedureAddress": 36, "LdrLoadDll": 15, "LookupPrivilegeValueW": 8, "OleInitialize": 1, "CreateProcessInternalW": 1, "NtQueryValueKey": 1}, "name": "0c24e90a-cca8-11e7-83a9-80e65024849a.file", "class": "malware"}