{"apistats": {"LdrUnloadDll": 5, "RegCloseKey": 10, "GetSystemInfo": 3, "RegQueryValueExA": 1, "FindResourceW": 2, "GetSystemWindowsDirectoryW": 1, "NtQueryValueKey": 2, "NtOpenProcess": 33, "RegQueryValueExW": 9, "NtFreeVirtualMemory": 6, "GetSystemMetrics": 3, "SizeofResource": 1, "RegOpenKeyExW": 13, "NtDelayExecution": 1, "NtAllocateVirtualMemory": 17, "RegOpenKeyExA": 4, "NtMapViewOfSection": 4, "NtQuerySystemInformation": 3, "FindResourceExA": 1, "GetSystemDirectoryW": 1, "CoCreateInstance": 5778, "NtUnmapViewOfSection": 2, "SetUnhandledExceptionFilter": 1, "GetTempPathW": 1, "NtCreateFile": 8, "GetSystemTimeAsFileTime": 4, "NtQueryAttributesFile": 1, "NtCreateMutant": 5, "SHGetFolderPathW": 1, "LdrGetDllHandle": 17, "NtCreateSection": 4, "SearchPathW": 5780, "LoadStringW": 1, "NtOpenMutant": 1, "LoadResource": 2, "LdrGetProcedureAddress": 51, "LdrLoadDll": 8, "NtTerminateProcess": 3, "NtOpenKey": 1, "NtClose": 777}, "name": "0d7c9fa8-ae92-11e6-ab07-80e65024849a.file", "class": "malware"}