{"apistats": {"RegDeleteKeyA": 1, "NtOpenSection": 5, "CoUninitialize": 1, "RegCloseKey": 73, "LdrUnloadDll": 3, "NtSetInformationFile": 1, "WSAStartup": 1, "NtTerminateProcess": 3, "SetFileTime": 1, "GetSystemDirectoryA": 1, "GetVolumePathNamesForVolumeNameW": 6, "GetFileSize": 1, "RegOpenKeyExW": 31, "SetErrorMode": 3, "NtAllocateVirtualMemory": 6, "RegOpenKeyExA": 49, "SetFilePointerEx": 1, "GetFileSizeEx": 12, "CoCreateInstance": 2, "CreateDirectoryW": 5, "FindResourceExW": 2, "NtCreateFile": 1, "GetSystemTimeAsFileTime": 1, "GlobalMemoryStatusEx": 1, "FindFirstFileExW": 21, "GetFileInformationByHandleEx": 12, "NtCreateSection": 1, "RegSetValueExW": 20, "LoadResource": 1, "GetFileType": 3, "NtQueryInformationFile": 4, "CreateProcessInternalW": 1, "NtClose": 41, "RegCreateKeyExW": 18, "NtDuplicateObject": 3, "GetSystemInfo": 2, "RegQueryValueExA": 5, "GetSystemWindowsDirectoryW": 2, "NtQueryValueKey": 1, "RegCreateKeyExA": 27, "NtOpenProcess": 14, "RegQueryValueExW": 25, "NtMapViewOfSection": 1, "SizeofResource": 1, "CreateActCtxW": 2, "RegEnumKeyW": 109, "NtReadFile": 18, "NtWriteFile": 25, "LdrGetDllHandle": 7, "NtQuerySystemInformation": 1, "OleInitialize": 1, "NtOpenFile": 1, "SetFilePointer": 21, "NtUnmapViewOfSection": 2, "NtQueryDirectoryFile": 74, "SetUnhandledExceptionFilter": 2, "NtFreeVirtualMemory": 1, "GetVolumeNameForVolumeMountPointW": 3, "NtQueryAttributesFile": 1, "NtProtectVirtualMemory": 10, "CoInitializeEx": 15, "GetTempPathW": 1, "SearchPathW": 1, "NtOpenKey": 2, "LdrGetProcedureAddress": 14, "RegSetValueExA": 27, "NtOpenKeyEx": 4, "LdrLoadDll": 3, "FindResourceA": 1}, "name": "0e46a92b-c041-11e6-8370-80e65024849a.file", "class": "malware"}