{"apistats": {"NtDuplicateObject": 3, "RegCloseKey": 5, "GetNativeSystemInfo": 1, "GetSystemInfo": 5759, "RegQueryValueExA": 15, "FindWindowW": 55, "IsDebuggerPresent": 1, "GetSystemWindowsDirectoryW": 1, "NtQueryValueKey": 6, "RegCreateKeyExA": 3, "NtOpenProcess": 1, "RegQueryValueExW": 1, "NtMapViewOfSection": 3, "GetSystemMetrics": 3, "NtCreateThreadEx": 1, "RegOpenKeyExW": 3, "NtDelayExecution": 50, "NtAllocateVirtualMemory": 180, "ReadProcessMemory": 5, "RegOpenKeyExA": 4, "LdrGetDllHandle": 21, "RtlDecompressBuffer": 20, "GetCursorPos": 5, "NtQuerySystemInformation": 1, "FindResourceExA": 3, "NtResumeThread": 1, "LoadStringA": 29, "CreateThread": 1, "NtUnmapViewOfSection": 1, "GetSystemDirectoryW": 1, "SetUnhandledExceptionFilter": 1, "FindResourceExW": 80, "NtFreeVirtualMemory": 123, "GetSystemTimeAsFileTime": 3, "GlobalMemoryStatusEx": 1, "GetSystemDirectoryA": 1, "NtCreateMutant": 4, "NtProtectVirtualMemory": 22, "NtCreateSection": 2, "LoadStringW": 5758, "NtOpenKey": 7, "__exception__": 1918, "RegSetValueExA": 7, "LdrGetProcedureAddress": 42, "LdrLoadDll": 14, "NtCreateFile": 1, "NtClose": 20}, "name": "0f3bb1d9-ae92-11e6-8a36-80e65024849a.file", "class": "malware"}