{"class": "malware", "name": "0f795b9c-c5d3-11e6-8cf4-80e65024849a.file", "apistats": {"GetNativeSystemInfo": 1, "FindResourceExW": 2, "NtOpenKey": 28, "NtSetContextThread": 1, "CryptDecrypt": 1, "NtProtectVirtualMemory": 1, "NtAllocateVirtualMemory": 27, "CreateActCtxW": 1, "GetFileInformationByHandleEx": 12, "NtQueryDirectoryFile": 7, "NtMapViewOfSection": 2, "OleInitialize": 1, "LdrGetDllHandle": 1, "RegOpenKeyExW": 1, "LdrGetProcedureAddress": 6, "GetSystemTimeAsFileTime": 38, "CryptAcquireContextW": 2, "NtOpenFile": 2, "NtWriteFile": 17, "SetFileTime": 6, "NtFreeVirtualMemory": 1, "SetErrorMode": 1, "DeleteFileW": 2, "GetVolumePathNamesForVolumeNameW": 6, "LdrLoadDll": 3, "NtCreateFile": 3, "FindFirstFileExW": 1, "CreateProcessInternalW": 1, "CryptCreateHash": 1, "LoadStringW": 1, "NtOpenProcess": 14, "NtQueryValueKey": 1, "CoUninitialize": 15, "GetFileAttributesW": 1, "NtCreateMutant": 2, "NtTerminateProcess": 3, "CryptHashData": 1, "GetTempPathW": 1, "RegQueryValueExA": 1, "GetFileSize": 1, "LoadResource": 2, "RtlAddVectoredExceptionHandler": 1, "GlobalMemoryStatusEx": 1, "RtlRemoveVectoredExceptionHandler": 1, "LdrUnloadDll": 4, "SetFilePointer": 3, "NtDuplicateObject": 3, "GetFileSizeEx": 12, "CreateDirectoryW": 13, "RegCloseKey": 7, "GetVolumeNameForVolumeMountPointW": 3, "RegOpenKeyExA": 10, "NtUnmapViewOfSection": 1, "NtReadFile": 3, "RegEnumKeyW": 109, "RegQueryValueExW": 2, "NtOpenSection": 5, "CryptDecodeObjectEx": 2, "GetSystemDirectoryW": 2, "CreateThread": 1, "RtlDecompressBuffer": 1, "NtCreateSection": 2, "NtQuerySystemInformation": 48, "NtGetContextThread": 1, "NtClose": 5, "CoCreateInstance": 2, "GetSystemWindowsDirectoryW": 1, "CoInitializeEx": 15, "RegEnumKeyExA": 6}}