{"apistats": {"GetUserNameExW": 1, "GetNativeSystemInfo": 3, "RegCloseKey": 80, "GetUserNameExA": 1, "NtDuplicateObject": 6, "RegQueryValueExA": 50, "WSAStartup": 1, "LookupPrivilegeValueW": 8, "NtQueryValueKey": 1, "RegCreateKeyExA": 2, "CertOpenSystemStoreA": 1, "NtOpenProcess": 7, "GetFileAttributesW": 13, "RegQueryValueExW": 88, "NtMapViewOfSection": 2, "FindFirstFileExW": 202, "RegOpenKeyExW": 59, "NtDelayExecution": 1, "NtDeviceIoControlFile": 1, "NtAllocateVirtualMemory": 8, "RegOpenKeyExA": 576, "LdrGetDllHandle": 6, "NtReadFile": 2, "NtOpenFile": 2, "OleInitialize": 1, "CoCreateInstance": 1, "NtQueryDirectoryFile": 16, "NtOpenKey": 3, "GetUserNameA": 1, "GetTempPathW": 2, "NtFreeVirtualMemory": 4, "GetSystemTimeAsFileTime": 23, "GlobalMemoryStatusEx": 1, "RegEnumKeyExA": 17, "NtProtectVirtualMemory": 56, "SHGetFolderPathW": 185, "NtCreateSection": 2, "socket": 1, "SetUnhandledExceptionFilter": 1, "OpenServiceW": 2, "RegSetValueExW": 3, "OpenSCManagerW": 1, "LdrGetProcedureAddress": 164, "CreateDirectoryW": 9, "RegSetValueExA": 1, "StartServiceA": 1, "LdrLoadDll": 34, "GetSystemWindowsDirectoryW": 1, "InternetCrackUrlA": 2, "UuidCreate": 1, "NtQueryInformationFile": 2, "NtCreateFile": 81, "NtClose": 67}, "name": "0fc29b97-a71c-11e6-b548-80e65024849a.file", "class": "malware"}