{"apistats": {"CreateToolhelp32Snapshot": 1, "GetNativeSystemInfo": 1, "RegCloseKey": 38, "LdrUnloadDll": 1, "DrawTextExW": 2, "NtSetContextThread": 1, "RegQueryValueExA": 38, "FindResourceW": 209, "NtResumeThread": 1, "LookupPrivilegeValueW": 8, "NtQueryValueKey": 1, "RegQueryValueExW": 1, "NtMapViewOfSection": 4, "Process32NextW": 31, "GetSystemMetrics": 17, "SizeofResource": 209, "RegOpenKeyExW": 1, "NtDelayExecution": 217, "SetErrorMode": 2, "NtAllocateVirtualMemory": 223, "RegOpenKeyExA": 5, "LdrGetDllHandle": 13, "Process32FirstW": 1, "GetCursorPos": 218, "OleInitialize": 1, "LoadStringA": 96, "NtUnmapViewOfSection": 1, "NtQueryAttributesFile": 4, "SetUnhandledExceptionFilter": 1, "FindResourceExW": 22, "NtCreateFile": 1, "GetSystemTimeAsFileTime": 1, "NtTerminateProcess": 3, "RegEnumKeyExA": 13, "NtCreateSection": 2, "NtGetContextThread": 1, "GetUserNameA": 1, "NtOpenKey": 1, "NtFreeVirtualMemory": 212, "LoadResource": 211, "LdrGetProcedureAddress": 55, "LdrLoadDll": 5, "GetSystemWindowsDirectoryW": 1, "CreateProcessInternalW": 1, "NtClose": 26}, "name": "10ed5435-cca8-11e7-9cbe-80e65024849a.file", "class": "malware"}