{"apistats": {"NtOpenSection": 4, "CoUninitialize": 1, "RegCloseKey": 93, "GetBestInterfaceEx": 2, "NtDuplicateObject": 3, "NtCreateKey": 5, "ioctlsocket": 2, "WSAStartup": 4, "GetFileVersionInfoSizeW": 4, "GetAdaptersAddresses": 4, "GetFileAttributesW": 33, "NtReadVirtualMemory": 51, "GetFileSize": 8, "RegOpenKeyExW": 134, "NtDelayExecution": 70, "SetErrorMode": 80, "NtAllocateVirtualMemory": 3437, "GetFileInformationByHandle": 10, "RegOpenKeyExA": 2, "SHGetFolderPathW": 2, "WSASocketW": 4, "GetComputerNameW": 1, "NtResumeThread": 2, "RtlAddVectoredExceptionHandler": 1, "CoInitializeEx": 3, "RegEnumKeyExW": 1819, "NtCreateFile": 105, "GetSystemTimeAsFileTime": 41, "GlobalMemoryStatusEx": 1, "closesocket": 2, "RegEnumValueW": 5, "NtCreateSection": 19, "GetTimeZoneInformation": 2, "NtOpenMutant": 2, "LoadResource": 1, "GetFileType": 2, "LookupPrivilegeValueW": 1, "NtClose": 109, "LdrUnloadDll": 8, "NtQueryKey": 30, "GetShortPathNameW": 1, "GetSystemInfo": 78, "setsockopt": 2, "IsDebuggerPresent": 1, "GetSystemWindowsDirectoryW": 3, "NtQueryValueKey": 75, "NtOpenProcess": 4, "RegQueryValueExW": 200, "NtMapViewOfSection": 24, "RtlAddVectoredContinueHandler": 1, "CreateActCtxW": 3, "NtDeviceIoControlFile": 21, "NtReadFile": 18, "LdrGetDllHandle": 65, "NtQuerySystemInformation": 1, "NtSetValueKey": 12, "NtOpenFile": 16, "CreateThread": 3, "NtUnmapViewOfSection": 8, "RegQueryInfoKeyW": 7, "GetSystemDirectoryW": 4, "NtQueryDirectoryFile": 18, "SetUnhandledExceptionFilter": 1, "NtFreeVirtualMemory": 2537, "NtQueryAttributesFile": 3, "NtCreateMutant": 16, "NtProtectVirtualMemory": 76, "GetFileAttributesExW": 11, "LoadStringW": 4, "NtOpenKey": 3, "LdrGetProcedureAddress": 503, "NtOpenThread": 2, "GetFileVersionInfoW": 4, "NtOpenDirectoryObject": 1, "NtOpenKeyEx": 27, "LdrLoadDll": 63, "NtEnumerateValueKey": 2, "UuidCreate": 2}, "name": "110f0a35-a71c-11e6-896b-80e65024849a.file", "class": "malware"}