{"class": "malware", "name": "1142d2c2-c041-11e6-acf0-80e65024849a.file", "apistats": {"GetNativeSystemInfo": 1, "FindResourceExW": 1, "NtOpenKey": 32, "NtDuplicateObject": 3, "NtProtectVirtualMemory": 696, "GetForegroundWindow": 1, "NtAllocateVirtualMemory": 115, "GetFileInformationByHandle": 2, "GetBestInterfaceEx": 4, "CreateActCtxW": 2, "NtQueryDirectoryFile": 2, "NtMapViewOfSection": 14, "SHGetFolderPathW": 2, "LdrGetDllHandle": 5893, "RegOpenKeyExW": 115, "NtSetValueKey": 7, "GetFileAttributesExW": 2, "SetUnhandledExceptionFilter": 1, "LdrGetProcedureAddress": 563, "GetSystemTimeAsFileTime": 10, "FindWindowA": 14, "OutputDebugStringA": 1, "NtOpenFile": 2, "RtlAddVectoredContinueHandler": 1, "CreateThread": 29, "GetSystemDirectoryA": 21, "CertControlStore": 1, "NtFreeVirtualMemory": 39, "CertOpenStore": 11, "NtOpenMutant": 1, "SetErrorMode": 18, "FindFirstFileExW": 11, "NtDelayExecution": 11, "LdrLoadDll": 80, "NtCreateFile": 43, "LdrUnloadDll": 6, "NtDeviceIoControlFile": 35, "RegEnumValueW": 148, "RegEnumKeyExA": 103, "CryptCreateHash": 2, "LoadStringW": 169, "NtOpenProcess": 2, "__exception__": 117, "NtQueryValueKey": 22, "CoUninitialize": 2, "GetFileAttributesW": 13, "NtCreateMutant": 5, "RegCreateKeyExW": 1, "RegQueryValueExA": 36, "GetFileSize": 6, "LoadResource": 1, "CryptAcquireContextA": 2, "Process32NextW": 1, "WSAStartup": 3, "NtCreateSection": 11, "DeviceIoControl": 1, "CoInitializeEx": 2, "SetFilePointer": 5, "GetSystemInfo": 48, "CreateToolhelp32Snapshot": 1, "RegCloseKey": 210, "NtQueryAttributesFile": 2, "RegOpenKeyExA": 145, "NtUnmapViewOfSection": 11, "NtReadFile": 9, "NtCreateThreadEx": 1, "RegEnumKeyExW": 16, "RegQueryValueExW": 156, "NtOpenSection": 2, "GlobalMemoryStatus": 2, "CryptDecodeObjectEx": 12, "GetSystemDirectoryW": 2, "GetShortPathNameW": 1, "NtResumeThread": 4, "RegQueryInfoKeyW": 76, "NtQuerySystemInformation": 16, "GetFileVersionInfoSizeW": 1, "IsDebuggerPresent": 2, "GetFileVersionInfoW": 1, "GetAdaptersAddresses": 8, "NtClose": 122, "GetSystemWindowsDirectoryW": 5, "Process32FirstW": 1, "timeGetTime": 2876}}