{"class": "malware", "name": "11968085-9eb3-11e6-8d68-80e65024849a.file", "apistats": {"WriteProcessMemory": 24, "GetNativeSystemInfo": 2, "FindResourceExW": 17, "NtOpenKey": 41, "gethostbyname": 1, "NtProtectVirtualMemory": 42, "GetForegroundWindow": 25, "NtQueryInformationFile": 5, "GetFileInformationByHandle": 1, "CreateToolhelp32Snapshot": 11, "GetFileInformationByHandleEx": 6, "NtQueryDirectoryFile": 156, "DeleteFileW": 213, "ReadProcessMemory": 3, "LdrGetDllHandle": 61, "NtSetValueKey": 7, "GetFileAttributesExW": 4, "SetUnhandledExceptionFilter": 1, "RemoveDirectoryW": 5, "EnumWindows": 1, "NtOpenFile": 12, "GetFileSizeEx": 4, "RegQueryInfoKeyA": 1, "GetSystemDirectoryA": 1, "LookupPrivilegeValueW": 1, "SetErrorMode": 29, "NtMapViewOfSection": 83, "NtDelayExecution": 2, "NtCreateFile": 296, "FindFirstFileExW": 77, "RegEnumKeyExA": 2, "LoadStringW": 13, "NtOpenProcess": 96, "LoadStringA": 124, "__exception__": 1, "CoUninitialize": 123, "GetFileAttributesW": 26, "NtCreateMutant": 9, "RegCreateKeyExW": 4, "GetTempPathW": 2, "NtQueryValueKey": 15, "SHGetSpecialFolderLocation": 9, "Process32NextW": 318, "WSAStartup": 2, "GlobalMemoryStatusEx": 1, "SetFilePointer": 482, "GetSystemInfo": 6, "GetVolumeNameForVolumeMountPointW": 2, "GetSystemMetrics": 6, "RegOpenKeyExA": 64, "NtReadFile": 482, "RegEnumKeyExW": 7, "RegEnumKeyW": 5, "RegQueryValueExW": 984, "RegCreateKeyExA": 3, "RegSetValueExA": 6, "GetComputerNameA": 1, "GetShortPathNameW": 4, "NtResumeThread": 5, "GetComputerNameW": 2, "SetWindowsHookExW": 2, "CoCreateInstance": 60, "GetSystemWindowsDirectoryW": 9, "SetFileAttributesW": 3, "NtAllocateVirtualMemory": 72, "GetUserNameA": 1, "CreateActCtxW": 7, "NetShareEnum": 3, "SHGetFolderPathW": 63, "NtSetInformationFile": 1, "OleInitialize": 3, "RegOpenKeyExW": 1243, "GetKeyState": 12, "NtOpenDirectoryObject": 38, "LdrGetProcedureAddress": 884, "GetSystemTimeAsFileTime": 146, "FindWindowA": 4, "NtWriteFile": 16, "NtUnmapViewOfSection": 72, "NtFreeVirtualMemory": 60, "NtLoadDriver": 1, "NtOpenMutant": 7, "SendNotifyMessageW": 8, "GetVolumePathNamesForVolumeNameW": 6, "LdrLoadDll": 41, "GetAdaptersInfo": 2, "RegEnumValueW": 14, "RegQueryValueExA": 3, "GetFileSize": 10, "RegQueryInfoKeyW": 7, "NtCreateKey": 6, "NtQueryKey": 715, "LoadResource": 15, "NtQueryAttributesFile": 9, "NtCreateSection": 22, "DeviceIoControl": 295, "CoInitializeEx": 128, "NtDuplicateObject": 65, "RegCloseKey": 679, "RegDeleteKeyA": 3, "FindWindowExA": 8, "CreateThread": 14, "NtOpenSection": 15, "GetSystemDirectoryW": 3, "GetFileType": 10, "NtQuerySystemInformation": 1, "Process32FirstW": 11, "GetCursorPos": 25, "NtClose": 803, "NtOpenKeyEx": 441, "LdrUnloadDll": 40}}