{"name": "11a84dde-a71c-11e6-8aca-80e65024849a.file", "apistats": {"NtWriteFile": 2, "SetErrorMode": 1, "RegEnumKeyExW": 4, "NtCreateMutant": 2, "socket": 6, "NtOpenFile": 1, "NtFreeVirtualMemory": 2, "GetSystemDirectoryW": 2, "NtQueryKey": 6, "GetForegroundWindow": 1, "closesocket": 6, "LoadResource": 4, "GetFileSize": 1, "NtOpenProcess": 14, "GetNativeSystemInfo": 2, "setsockopt": 6, "CoInitializeEx": 24, "GetTempPathW": 1, "CreateThread": 1, "InternetQueryOptionA": 1, "InternetCrackUrlA": 1, "NtQueryDirectoryFile": 7, "GetBestInterfaceEx": 4, "SHGetFolderPathW": 1, "CoCreateInstance": 12, "GetAdaptersAddresses": 2, "NtQuerySystemInformation": 1, "NtDuplicateObject": 4, "LdrLoadDll": 36, "CreateDirectoryW": 8, "NtCreateFile": 43, "GetFileAttributesW": 26, "NtUnmapViewOfSection": 1, "FindFirstFileExW": 1, "RegOpenKeyExW": 501, "RegSetValueExW": 28, "NtProtectVirtualMemory": 50, "SetFilePointer": 5, "GetSystemTimeAsFileTime": 47, "GetAddrInfoW": 2, "UuidCreate": 1, "GetSystemDirectoryA": 5, "OleInitialize": 1, "InternetSetOptionA": 2, "NtClose": 152, "GetVolumeNameForVolumeMountPointW": 3, "NtQueryValueKey": 11, "RegQueryValueExA": 2, "NtReadFile": 235, "RegDeleteValueW": 6, "NtOpenKey": 36, "NtAllocateVirtualMemory": 41, "NtMapViewOfSection": 5, "LdrGetDllHandle": 41, "GetVolumePathNamesForVolumeNameW": 6, "GetSystemMetrics": 3, "RegCreateKeyExW": 14, "FindResourceExW": 3, "HttpOpenRequestA": 1, "DeleteFileW": 2, "GetFileSizeEx": 12, "WSAStartup": 8, "FindResourceExA": 1, "GlobalMemoryStatusEx": 1, "RegOpenKeyExA": 7, "InternetOpenA": 1, "RegCloseKey": 365, "LdrGetProcedureAddress": 118, "NtCreateSection": 3, "LoadStringW": 1, "LdrUnloadDll": 3, "RegEnumKeyW": 109, "NtDeviceIoControlFile": 46, "GetFileInformationByHandleEx": 12, "RegQueryValueExW": 2256, "NtOpenSection": 5, "InternetConnectA": 1, "GetSystemWindowsDirectoryW": 7, "CoUninitialize": 23, "CreateActCtxW": 1}, "class": "malware"}