{"class": "malware", "name": "12152aba-9eb3-11e6-ac50-80e65024849a.file", "apistats": {"GetNativeSystemInfo": 1, "FindResourceExW": 7, "NtOpenKey": 11, "SetUnhandledExceptionFilter": 1, "NtProtectVirtualMemory": 8, "NtDuplicateObject": 5, "GetForegroundWindow": 1, "NtAllocateVirtualMemory": 22, "NtQueryInformationFile": 6, "RegDeleteKeyA": 4, "SetFilePointerEx": 1, "CreateActCtxW": 2, "GetFileInformationByHandleEx": 1, "RegSetValueExW": 8, "RegCreateKeyExA": 13, "NtMapViewOfSection": 13, "SetEndOfFile": 1, "DrawTextExW": 8, "CoGetClassObject": 2, "OleInitialize": 1, "LdrGetDllHandle": 39, "NtDelayExecution": 1, "RegOpenKeyExW": 279, "NtSetValueKey": 30, "SetFilePointer": 7, "SetFileAttributesW": 11, "GetKeyState": 6, "LdrGetProcedureAddress": 124, "GetSystemTimeAsFileTime": 9, "RegCloseKey": 165, "CryptAcquireContextW": 1, "NtOpenFile": 8, "NtWriteFile": 1, "NtUnmapViewOfSection": 10, "GetSystemDirectoryA": 1, "NtFreeVirtualMemory": 2, "SetErrorMode": 22, "SendNotifyMessageW": 1, "GetVolumePathNamesForVolumeNameW": 6, "LdrLoadDll": 27, "NtCreateFile": 12, "FindFirstFileExW": 13, "CreateProcessInternalW": 1, "LoadStringW": 22, "NtOpenProcess": 3, "LoadStringA": 21, "GetFileSize": 2, "CreateJobObjectW": 1, "CoUninitialize": 4, "NtResumeThread": 2, "GetFileAttributesW": 16, "NtCreateMutant": 4, "NtTerminateProcess": 3, "RegCreateKeyExW": 29, "NtCreateKey": 30, "GetFileAttributesExW": 4, "GetTempPathW": 1, "RegQueryValueExW": 250, "RegQueryValueExA": 29, "NtQueryKey": 1517, "SHGetSpecialFolderLocation": 21, "LoadResource": 9, "GetUserNameExW": 1, "FindResourceA": 9, "NtQueryAttributesFile": 2, "GlobalMemoryStatusEx": 1, "NtCreateSection": 9, "CreateDirectoryW": 2, "CoInitializeEx": 3, "NtOpenMutant": 1, "GetSystemInfo": 1, "SetFileTime": 3, "GetFileSizeEx": 1, "NtQueryValueKey": 7, "EnumWindows": 2, "GetVolumeNameForVolumeMountPointW": 3, "RemoveDirectoryA": 2, "SearchPathW": 3, "GetSystemMetrics": 78, "RegOpenKeyExA": 4, "NtReadFile": 8, "RegEnumKeyExW": 12, "RegEnumKeyW": 2, "GetTimeZoneInformation": 1, "RegDeleteValueA": 4, "UnhookWindowsHookEx": 2, "NtOpenSection": 12, "GlobalMemoryStatus": 1, "RegSetValueExA": 12, "DeleteFileW": 2, "SetWindowsHookExA": 2, "UuidCreate": 1, "GetSystemDirectoryW": 4, "GetFileType": 1, "GetDiskFreeSpaceW": 1, "NtQueryDirectoryFile": 3, "SHGetFolderPathW": 2, "NtCreateThreadEx": 1, "NtQuerySystemInformation": 1, "GetDiskFreeSpaceExW": 1, "GetFileVersionInfoSizeW": 1, "GetCursorPos": 2, "GetFileVersionInfoW": 1, "ShellExecuteExW": 1, "NtClose": 114, "CoCreateInstance": 3, "NtOpenKeyEx": 942, "GetSystemWindowsDirectoryW": 11, "LdrUnloadDll": 7, "RegEnumKeyExA": 3}}