{"name": "1250bd0f-e495-11e7-82ab-80e65024849a.file", "apistats": {"RtlAddVectoredContinueHandler": 1, "NtUnmapViewOfSection": 6, "RegEnumKeyExW": 14, "NtCreateMutant": 4, "NtClose": 39, "NtQueryValueKey": 2, "NtReadFile": 10, "NtOpenKey": 2, "GetSystemDirectoryW": 4, "NtQueryDirectoryFile": 2, "NtAllocateVirtualMemory": 424, "GetSystemInfo": 65, "GetFileSize": 7, "NtOpenProcess": 2, "NtResumeThread": 2, "LdrGetDllHandle": 74, "NtOpenMutant": 1, "CreateThread": 2, "NtFreeVirtualMemory": 168, "NtDelayExecution": 71, "NtDuplicateObject": 1, "SHGetFolderPathW": 2, "GetFileVersionInfoSizeW": 1, "NtQuerySystemInformation": 1, "FindFirstFileExW": 14, "LoadStringW": 4, "GlobalMemoryStatusEx": 6, "RegOpenKeyExA": 1, "LdrLoadDll": 25, "NtMapViewOfSection": 17, "RegQueryInfoKeyW": 3, "NtOpenDirectoryObject": 1, "LdrGetProcedureAddress": 211, "NtCreateFile": 104, "IsDebuggerPresent": 1, "GetFileAttributesW": 36, "GlobalMemoryStatus": 1, "NtCreateSection": 14, "GetFileVersionInfoW": 1, "RegOpenKeyExW": 71, "NtQueryAttributesFile": 3, "LdrUnloadDll": 3, "CoInitializeEx": 2, "GetFileAttributesExW": 6, "SetUnhandledExceptionFilter": 1, "RegEnumValueW": 3, "GetSystemTimeAsFileTime": 5, "NtProtectVirtualMemory": 28, "SetErrorMode": 44, "NtOpenSection": 2, "GetSystemWindowsDirectoryW": 2, "RegCloseKey": 43, "RegQueryValueExW": 111, "NtOpenKeyEx": 2, "CreateActCtxW": 3, "GetShortPathNameW": 1, "GetFileInformationByHandle": 6}, "class": "malware"}