{"class": "malware", "apistats": {"DrawTextExW": 2, "Process32NextW": 32, "NtMapViewOfSection": 4, "NtCreateFile": 2, "OleInitialize": 1, "FindResourceW": 617, "NtClose": 2, "NtOpenKey": 1, "LoadResource": 619, "Process32FirstW": 1, "FindResourceExW": 22, "CreateProcessInternalW": 1, "NtQueryValueKey": 1, "RegOpenKeyExA": 5, "LdrUnloadDll": 1, "NtTerminateProcess": 3, "NtReadFile": 1, "LdrGetProcedureAddress": 61, "LdrGetDllHandle": 14, "NtAllocateVirtualMemory": 7, "SetErrorMode": 2, "NtDelayExecution": 107, "GetCursorPos": 55, "SizeofResource": 617, "NtQueryInformationFile": 2, "NtGetContextThread": 1, "NtResumeThread": 1, "LdrLoadDll": 5, "GetSystemMetrics": 17, "NtFreeVirtualMemory": 2, "NtSetContextThread": 1, "NtCreateSection": 2, "NtUnmapViewOfSection": 1, "CreateToolhelp32Snapshot": 1, "NtQueryAttributesFile": 4, "LoadStringA": 96}, "name": "125cc266-cca8-11e7-9ba5-80e65024849a.file"}