{"class": "malware", "apistats": {"NtQueryKey": 4, "CreateActCtxW": 2, "NtCreateFile": 37, "GetForegroundWindow": 1, "NtOpenFile": 10, "FindResourceExW": 2, "GetFileSizeEx": 12, "LdrUnloadDll": 3, "GetTempPathW": 1, "FindFirstFileExW": 13, "NtAllocateVirtualMemory": 46, "InternetConnectW": 1, "GetFileInformationByHandleEx": 12, "GetSystemTimeAsFileTime": 48, "GetAddrInfoW": 1, "FindResourceW": 1, "RegOpenKeyExW": 838, "NtProtectVirtualMemory": 50, "UuidCreate": 1, "RegSetValueExW": 22, "InternetOpenW": 1, "GetVolumePathNamesForVolumeNameW": 6, "NtQueryAttributesFile": 4, "InternetCrackUrlW": 1, "CoInitializeEx": 20, "NtSetInformationFile": 1, "NtWriteFile": 1, "NtMapViewOfSection": 18, "CreateDirectoryW": 1, "GetAdaptersAddresses": 1, "LoadResource": 1, "LoadStringW": 22, "SHGetFolderPathW": 2, "NtOpenSection": 12, "NtTerminateProcess": 3, "SizeofResource": 1, "NtQueryInformationFile": 9, "NtResumeThread": 2, "GetUserNameExW": 1, "GetFileAttributesW": 18, "HttpOpenRequestW": 1, "NtCreateSection": 14, "GetSystemDirectoryW": 4, "GetSystemWindowsDirectoryW": 10, "CreateJobObjectW": 1, "SetFilePointerEx": 2, "NtOpenKeyEx": 4, "OleInitialize": 1, "NtOpenProcess": 16, "NtOpenKey": 65, "NtQueryDirectoryFile": 78, "CreateProcessInternalW": 1, "RegEnumKeyW": 134, "RegOpenKeyExA": 9, "RegCreateKeyExW": 7, "GetFileSize": 1, "CoUninitialize": 20, "GetFileAttributesExW": 4, "closesocket": 3, "LdrGetProcedureAddress": 133, "SetFileTime": 41, "GetBestInterfaceEx": 2, "NtCreateThreadEx": 1, "NtFreeVirtualMemory": 6, "RegCloseKey": 527, "RegDeleteValueW": 3, "NtDeviceIoControlFile": 22, "RegEnumKeyExW": 14, "GetNativeSystemInfo": 1, "GlobalMemoryStatusEx": 1, "WSAStartup": 4, "NtDuplicateObject": 7, "NtClose": 201, "RegQueryValueExW": 2748, "SetFilePointer": 2, "InternetSetOptionA": 5, "ShellExecuteExW": 1, "socket": 3, "NtQueryValueKey": 28, "CoCreateInstance": 12, "NtReadFile": 14, "RegQueryValueExA": 1, "LdrGetDllHandle": 16, "NtQuerySystemInformation": 1, "SetErrorMode": 32, "NtCreateMutant": 4, "LdrLoadDll": 34, "NtUnmapViewOfSection": 11, "SetUnhandledExceptionFilter": 1, "setsockopt": 3, "GetVolumeNameForVolumeMountPointW": 4}, "name": "1366b602-c041-11e6-b87f-80e65024849a.file"}