{"apistats": {"CreateToolhelp32Snapshot": 1, "LdrUnloadDll": 1, "RegCloseKey": 2, "GetShortPathNameW": 1, "GetSystemInfo": 2, "RegQueryValueExA": 1, "WSAStartup": 1, "NtTerminateProcess": 3, "NtClose": 11, "RegQueryValueExW": 1, "NtMapViewOfSection": 1, "Process32NextW": 33, "RegOpenKeyExW": 4, "NtDelayExecution": 1, "SetErrorMode": 2, "NtAllocateVirtualMemory": 6, "RegOpenKeyExA": 1, "NtFreeVirtualMemory": 2, "Process32FirstW": 1, "NtResumeThread": 1, "NtOpenFile": 1, "NtUnmapViewOfSection": 1, "NtQueryDirectoryFile": 147, "ObtainUserAgentString": 1, "NtCreateFile": 1, "GetSystemTimeAsFileTime": 1, "FindFirstFileExW": 4, "NtProtectVirtualMemory": 15, "CoInitializeEx": 1, "LdrGetDllHandle": 31, "NtCreateSection": 1, "NtGetContextThread": 1, "NtOpenKey": 1, "LdrGetProcedureAddress": 186, "NtOpenDirectoryObject": 1, "NtOpenKeyEx": 2, "LdrLoadDll": 5, "LookupPrivilegeValueW": 1, "NtQueryInformationFile": 1, "CreateProcessInternalW": 1, "NtQueryValueKey": 1}, "name": "1414e714-c5d3-11e6-a30e-80e65024849a.file", "class": "malware"}