{"name": "16234742-4ee2-11e7-b451-80e65024849a.file", "apistats": {"NtWriteFile": 35, "RegSetValueExW": 1, "OleInitialize": 2, "NtOpenDirectoryObject": 1, "RegCreateKeyExW": 1, "NtOpenFile": 2, "GetVolumeNameForVolumeMountPointW": 3, "CreateThread": 1, "NtQueryValueKey": 1, "RegQueryValueExA": 1, "GlobalMemoryStatusEx": 1, "FindResourceExW": 2, "NtOpenKey": 27, "GetForegroundWindow": 1, "NtAllocateVirtualMemory": 22, "GetSystemInfo": 1, "LoadResource": 2, "LoadStringW": 1, "NtOpenProcess": 14, "GetNativeSystemInfo": 1, "CreateDirectoryW": 13, "LdrGetDllHandle": 2, "GetVolumePathNamesForVolumeNameW": 6, "CoInitializeEx": 15, "GetTempPathW": 1, "NtCreateMutant": 2, "NtFreeVirtualMemory": 1, "CreateActCtxW": 2, "NtQueryDirectoryFile": 7, "NtDuplicateObject": 3, "SHGetFolderPathW": 2, "DeleteFileW": 2, "CoCreateInstance": 2, "GetFileSizeEx": 12, "NtQuerySystemInformation": 4, "FindFirstFileExW": 1, "GetFileSize": 1, "NtReadFile": 2, "RegOpenKeyExA": 5, "LdrLoadDll": 23, "NtMapViewOfSection": 1, "SetUnhandledExceptionFilter": 1, "NtClose": 5, "NtDelayExecution": 3, "RegCloseKey": 7, "LdrGetProcedureAddress": 72, "NtCreateFile": 3, "GetFileAttributesW": 1, "NtUnmapViewOfSection": 1, "NtCreateSection": 1, "GetSystemDirectoryW": 13, "NtOpenSection": 5, "RegOpenKeyExW": 12, "NtQueryAttributesFile": 1, "LdrUnloadDll": 8, "RegEnumKeyW": 109, "SetFileTime": 1, "GetFileInformationByHandleEx": 12, "CreateProcessInternalW": 1, "SetFilePointer": 2, "GetSystemWindowsDirectoryW": 1, "CoUninitialize": 15, "GetSystemTimeAsFileTime": 1, "SetErrorMode": 2, "RegQueryValueExW": 3}, "class": "malware"}