{"class": "malware", "apistats": {"GetSystemWindowsDirectoryW": 1, "RegEnumValueW": 2, "Process32NextW": 31, "NtMapViewOfSection": 4, "DrawTextExW": 2, "CreateActCtxW": 5, "ReadProcessMemory": 730, "NtCreateFile": 13, "NtResumeThread": 1, "LoadStringA": 96, "NtOpenProcess": 1, "NtClose": 21, "RegQueryValueExW": 19, "NtQueryDirectoryFile": 2, "LoadResource": 222, "NtOpenKey": 1, "GlobalMemoryStatus": 2, "Process32FirstW": 1, "FindResourceExW": 22, "RegQueryInfoKeyW": 4, "CreateProcessInternalW": 1, "NtQueryValueKey": 1, "RegOpenKeyExA": 5, "LdrUnloadDll": 1, "GetFileSize": 3, "GetFileAttributesExW": 1, "NtTerminateProcess": 3, "RegOpenKeyExW": 31, "GetFileVersionInfoW": 1, "RegQueryValueExA": 1, "__exception__": 1, "LdrGetDllHandle": 13, "NtAllocateVirtualMemory": 216, "GetSystemInfo": 6, "NtDelayExecution": 221, "GetCursorPos": 222, "SizeofResource": 200, "NtGetContextThread": 1, "NtSetContextThread": 1, "GetSystemTimeAsFileTime": 3, "SetErrorMode": 2, "NtCreateMutant": 4, "LdrLoadDll": 5, "NtOpenDirectoryObject": 1, "GetFileAttributesW": 5, "LdrGetProcedureAddress": 55, "FindResourceW": 200, "FindFirstFileExW": 6, "GetSystemDirectoryW": 2, "GetSystemMetrics": 17, "NtFreeVirtualMemory": 202, "RegCloseKey": 25, "NtProtectVirtualMemory": 57, "NtCreateSection": 2, "NtUnmapViewOfSection": 1, "CreateToolhelp32Snapshot": 1, "NtQueryAttributesFile": 4, "GetFileVersionInfoSizeW": 1, "SetUnhandledExceptionFilter": 1, "RegEnumKeyExW": 10}, "name": "19a6ea0f-cca8-11e7-967e-80e65024849a.file"}