{"apistats": {"LdrUnloadDll": 1, "NtEnumerateValueKey": 1, "NtQueryKey": 8, "GetNativeSystemInfo": 2, "GetSystemInfo": 3, "GetSystemDirectoryW": 3, "FindResourceW": 2, "SetUnhandledExceptionFilter": 1, "__exception__": 108, "NtTerminateProcess": 3, "NtQueryValueKey": 9, "GetSystemTimeAsFileTime": 18, "NtCreateSection": 1, "NtQuerySystemInformation": 1, "NtProtectVirtualMemory": 1, "NtMapViewOfSection": 1, "SizeofResource": 2, "NtOpenKey": 16, "LoadResource": 2, "LdrGetProcedureAddress": 174, "NtCreateMutant": 2, "NtOpenDirectoryObject": 1, "NtAllocateVirtualMemory": 3, "NtOpenKeyEx": 9, "LdrLoadDll": 14, "NtCreateFile": 1, "LdrGetDllHandle": 5, "CreateProcessInternalW": 1, "NtFreeVirtualMemory": 1, "NtClose": 20}, "name": "19eaff6e-c448-11e6-981f-80e65024849a.file", "class": "malware"}