{"class": "malware", "apistats": {"GetSystemWindowsDirectoryW": 1, "RegQueryValueExA": 40, "Process32NextW": 32, "GetNativeSystemInfo": 2, "NtMapViewOfSection": 4, "DrawTextExW": 2, "RegOpenKeyExA": 5, "NtOpenKey": 1, "NtCreateFile": 78, "NtResumeThread": 1, "WSAStartup": 1, "FindResourceW": 145, "NtClose": 19, "RegEnumKeyExA": 13, "RegQueryValueExW": 1, "NtQueryDirectoryFile": 8, "LoadResource": 147, "LdrUnloadDll": 1, "NtOpenFile": 2, "Process32FirstW": 1, "FindResourceExW": 22, "SHGetFolderPathW": 83, "CreateProcessInternalW": 1, "NtQueryValueKey": 1, "StartServiceA": 1, "OleInitialize": 1, "LookupPrivilegeValueW": 8, "OpenSCManagerW": 1, "NtTerminateProcess": 3, "RegOpenKeyExW": 1, "NtReadFile": 2, "GetTempPathW": 1, "FindFirstFileExW": 97, "LdrGetDllHandle": 13, "NtAllocateVirtualMemory": 158, "SetErrorMode": 2, "NtDelayExecution": 109, "GetCursorPos": 56, "SizeofResource": 145, "NtQueryInformationFile": 2, "NtGetContextThread": 1, "NtSetContextThread": 1, "GetSystemTimeAsFileTime": 1, "OpenServiceW": 2, "LdrLoadDll": 5, "LdrGetProcedureAddress": 55, "RegCreateKeyExA": 1, "GetUserNameA": 1, "GetSystemMetrics": 17, "NtFreeVirtualMemory": 146, "RegCloseKey": 40, "UuidCreate": 1, "NtCreateSection": 2, "NtUnmapViewOfSection": 1, "CreateToolhelp32Snapshot": 1, "NtQueryAttributesFile": 4, "SetUnhandledExceptionFilter": 1, "RegSetValueExA": 1, "LoadStringA": 96}, "name": "1a78d12e-cca8-11e7-808a-80e65024849a.file"}