{"name": "1bc33ffd-a71c-11e6-89a3-80e65024849a.file", "apistats": {"NtWriteFile": 1, "GetSystemMetrics": 22, "SetErrorMode": 4, "RegEnumKeyExW": 21, "NtCreateMutant": 3, "socket": 1, "NtOpenFile": 2, "SendNotifyMessageA": 1, "GetCursorPos": 1, "NtOpenKeyEx": 1253, "NtFreeVirtualMemory": 7, "GetFileVersionInfoW": 2, "NtQueryKey": 2016, "GetForegroundWindow": 24, "closesocket": 1, "LoadResource": 1, "GetFileSize": 4, "NtOpenProcess": 2, "GetNativeSystemInfo": 2, "NtCreateKey": 34, "setsockopt": 1, "CreateActCtxW": 2, "CreateThread": 1, "InternetQueryOptionA": 1, "NtQueryDirectoryFile": 1, "GetBestInterfaceEx": 2, "SearchPathW": 4, "CoCreateInstance": 6, "NtQuerySystemInformation": 5, "NtDuplicateObject": 1, "FindFirstFileExW": 1, "NtEnumerateValueKey": 52, "LdrLoadDll": 6, "CreateDirectoryW": 1, "NtCreateFile": 10, "GetFileAttributesW": 2, "NtUnmapViewOfSection": 17, "GetSystemDirectoryW": 1, "RegOpenKeyExW": 109, "NtQueryAttributesFile": 2, "LoadStringA": 39, "RegSetValueExW": 3, "GetSystemWindowsDirectoryA": 1, "NtProtectVirtualMemory": 6, "SetFilePointer": 10, "CreateProcessInternalW": 1, "GetSystemTimeAsFileTime": 11, "DrawTextExW": 139, "FindResourceA": 1, "SetFileTime": 1, "UuidCreate": 1, "RegCloseKey": 280, "GetSystemDirectoryA": 2, "NtClose": 248, "NtQueryValueKey": 234, "RegQueryValueExA": 13, "NtReadFile": 157, "NtOpenKey": 6, "NtAllocateVirtualMemory": 1, "NtQueryInformationFile": 1, "NtResumeThread": 2, "NtMapViewOfSection": 6, "LdrGetDllHandle": 5, "NtOpenMutant": 2, "SendNotifyMessageW": 1, "RegCreateKeyExW": 7, "FindResourceExW": 34, "GetSystemInfo": 1, "NtCreateThreadEx": 1, "NtDelayExecution": 15, "GetFileVersionInfoSizeW": 2, "WSAStartup": 2, "LoadStringW": 7, "GlobalMemoryStatusEx": 1, "RegOpenKeyExA": 15, "EnumWindows": 2, "LdrGetProcedureAddress": 1, "FindResourceW": 4, "NtCreateSection": 5, "LdrUnloadDll": 1, "RegEnumKeyW": 168, "SetEndOfFile": 1, "SizeofResource": 1, "NtDeviceIoControlFile": 8, "IsDebuggerPresent": 1, "RegQueryValueExW": 150, "NtOpenSection": 4, "GetSystemWindowsDirectoryW": 1, "CoUninitialize": 2, "GetKeyState": 6, "NtSetValueKey": 36, "CoInitializeEx": 2}, "class": "malware"}