{"apistats": {"GetUserNameExW": 1, "CreateToolhelp32Snapshot": 1, "NtOpenSection": 14, "GetVolumePathNameW": 2, "GetForegroundWindow": 6, "NtDuplicateObject": 19, "NtSetInformationFile": 3, "CoUninitialize": 33, "GetFileVersionInfoSizeW": 1, "RegCloseKey": 1021, "GetFileAttributesW": 8, "GetVolumePathNamesForVolumeNameW": 6, "GetSystemMetrics": 1413, "NtCreateThreadEx": 1, "GetFileSize": 12, "RegOpenKeyExW": 1566, "NtDelayExecution": 1304, "SetErrorMode": 62, "SetWindowsHookExA": 1, "NtAllocateVirtualMemory": 188, "RegOpenKeyExA": 16, "SHGetFolderPathW": 78, "GetCursorPos": 15, "ReadCabinetState": 1, "SetFilePointerEx": 1, "GetUserNameW": 1, "CoCreateInstance": 119, "RegEnumKeyExW": 21, "NetShareEnum": 1, "CryptAcquireContextW": 1, "CreateDirectoryW": 1, "FindResourceExW": 44, "NtCreateFile": 181, "GetFileAttributesExW": 4, "GetSystemTimeAsFileTime": 489, "Thread32Next": 423, "GlobalMemoryStatusEx": 2, "Thread32First": 1, "FindFirstFileExW": 7, "RegEnumValueW": 51, "NtCreateSection": 62, "GetTimeZoneInformation": 4, "SearchPathW": 42, "LoadResource": 89, "CoInitializeSecurity": 1, "SetWindowsHookExW": 1, "CoGetClassObject": 3, "NtQueryInformationFile": 3, "NtClose": 474, "RegCreateKeyExW": 41, "GetNativeSystemInfo": 1, "GetFileInformationByHandleEx": 13, "NtOpenMutant": 1, "NtQueryKey": 4, "WriteProcessMemory": 8, "DrawTextExW": 101, "GetSystemInfo": 11, "RegQueryValueExA": 1, "EnumWindows": 1, "FindResourceW": 47, "OpenServiceW": 1, "GetSystemWindowsDirectoryW": 10, "NtQueryValueKey": 24, "NtOpenProcess": 127, "RegQueryValueExW": 4068, "DrawTextExA": 101, "NtResumeThread": 1, "NtMapViewOfSection": 78, "SizeofResource": 37, "CreateActCtxW": 4, "GetFileSizeEx": 13, "RegEnumKeyW": 320, "NtReadFile": 15, "NtWriteFile": 2, "LdrGetDllHandle": 43, "GetKeyState": 476, "LdrUnloadDll": 50, "NtQuerySystemInformation": 2, "NtSetValueKey": 1, "OleInitialize": 3, "NtOpenFile": 4, "CreateThread": 3, "NtUnmapViewOfSection": 62, "RegQueryInfoKeyW": 1, "SetFilePointer": 1, "GetSystemDirectoryW": 5, "NtQueryDirectoryFile": 91, "LoadStringW": 334, "NtFreeVirtualMemory": 108, "GetVolumeNameForVolumeMountPointW": 3, "NtQueryAttributesFile": 29, "NtCreateMutant": 27, "NtProtectVirtualMemory": 3, "CoInitializeEx": 39, "RegDeleteValueW": 5, "GetTempPathW": 1, "RegSetValueExW": 25, "NtOpenKey": 89, "OpenSCManagerW": 1, "LdrGetProcedureAddress": 499, "GetFileVersionInfoW": 1, "SHGetSpecialFolderLocation": 6, "LdrLoadDll": 102, "UuidCreate": 3}, "name": "1c078e8c-310e-11e8-9167-80e65024849a.file", "class": "malware"}