{"name": "1cd8260c-ae92-11e6-ba89-80e65024849a.file", "apistats": {"RegOpenKeyExA": 1, "LdrLoadDll": 38, "NtMapViewOfSection": 1, "LdrGetProcedureAddress": 46, "GetSystemTimeAsFileTime": 2, "NtClose": 2, "NtCreateFile": 1, "RegQueryValueExA": 1, "NtUnmapViewOfSection": 1, "NtCreateSection": 1, "NtAllocateVirtualMemory": 4, "RegOpenKeyExW": 1, "OleInitialize": 1, "GetFileSize": 1, "GetNativeSystemInfo": 1, "LdrGetDllHandle": 12, "SetUnhandledExceptionFilter": 1, "NtFreeVirtualMemory": 1, "NtProtectVirtualMemory": 4, "RegCloseKey": 2, "RegQueryValueExW": 1}, "class": "malware"}