{"name": "1d00b41e-e495-11e7-85bd-80e65024849a.file", "apistats": {"RtlAddVectoredContinueHandler": 1, "NtUnmapViewOfSection": 5, "RegEnumKeyExW": 14, "NtCreateMutant": 4, "NtClose": 38, "NtQueryValueKey": 2, "NtReadFile": 10, "NtOpenKey": 2, "GetSystemDirectoryW": 4, "NtQueryDirectoryFile": 2, "NtAllocateVirtualMemory": 407, "GetSystemInfo": 61, "GetFileSize": 7, "NtOpenProcess": 2, "NtResumeThread": 2, "LdrGetDllHandle": 74, "NtOpenMutant": 1, "CreateThread": 2, "NtFreeVirtualMemory": 135, "NtDelayExecution": 47, "NtDuplicateObject": 1, "SHGetFolderPathW": 2, "GetFileVersionInfoSizeW": 1, "NtQuerySystemInformation": 1, "FindFirstFileExW": 13, "LoadStringW": 4, "GlobalMemoryStatusEx": 6, "RegOpenKeyExA": 1, "LdrLoadDll": 24, "NtMapViewOfSection": 15, "RegQueryInfoKeyW": 3, "NtOpenDirectoryObject": 1, "LdrGetProcedureAddress": 211, "NtCreateFile": 78, "IsDebuggerPresent": 1, "GetFileAttributesW": 24, "GlobalMemoryStatus": 1, "NtCreateSection": 13, "GetFileVersionInfoW": 1, "RegOpenKeyExW": 65, "NtQueryAttributesFile": 3, "LdrUnloadDll": 3, "CoInitializeEx": 2, "GetFileAttributesExW": 6, "SetUnhandledExceptionFilter": 1, "RegEnumValueW": 3, "GetSystemTimeAsFileTime": 5, "NtProtectVirtualMemory": 26, "SetErrorMode": 38, "NtOpenSection": 2, "GetSystemWindowsDirectoryW": 2, "RegCloseKey": 37, "RegQueryValueExW": 84, "NtOpenKeyEx": 2, "CreateActCtxW": 3, "GetShortPathNameW": 1, "GetFileInformationByHandle": 4}, "class": "malware"}