{"class": "malware", "name": "1d5ea987-531b-11e7-abf3-80e65024849a.file", "apistats": {"FindResourceW": 4, "GetNativeSystemInfo": 2, "FindResourceExW": 30, "NtOpenKey": 30, "GetSystemWindowsDirectoryA": 1, "NtDuplicateObject": 13, "NtProtectVirtualMemory": 16, "GetForegroundWindow": 29, "NtAllocateVirtualMemory": 58, "socket": 1, "GetBestInterfaceEx": 2, "CreateActCtxW": 2, "RegSetValueExW": 3, "NtQueryValueKey": 20, "NtQueryDirectoryFile": 1, "SendNotifyMessageW": 2, "DrawTextExW": 140, "LdrGetDllHandle": 26, "RegOpenKeyExW": 109, "NtSetValueKey": 35, "InternetQueryOptionA": 1, "GetKeyState": 26, "LdrGetProcedureAddress": 275, "GetSystemTimeAsFileTime": 11, "RegCloseKey": 77, "NtOpenFile": 1, "NtWriteFile": 6, "NtUnmapViewOfSection": 17, "GetSystemDirectoryA": 2, "NtFreeVirtualMemory": 12, "NtOpenMutant": 1, "SetErrorMode": 15, "NtMapViewOfSection": 24, "NtDelayExecution": 19, "LdrLoadDll": 53, "NtCreateFile": 26, "FindFirstFileExW": 1, "SearchPathW": 4, "NtDeviceIoControlFile": 8, "RegCreateKeyExW": 7, "CreateProcessInternalW": 1, "LoadStringW": 7, "NtOpenProcess": 18, "LoadStringA": 88, "NtQueryKey": 1859, "CoUninitialize": 2, "GetFileAttributesW": 25, "NtCreateMutant": 3, "RegOpenKeyExA": 15, "NtCreateKey": 33, "SendNotifyMessageA": 1, "RegQueryValueExA": 13, "closesocket": 1, "GetFileSize": 2, "LoadResource": 37, "FindResourceA": 14, "NtQueryAttributesFile": 8, "GlobalMemoryStatusEx": 1, "NtCreateSection": 12, "CoInitializeEx": 5, "SetFilePointer": 10, "GetSystemInfo": 1, "CreateDirectoryW": 9, "EnumWindows": 1, "SetFileTime": 1, "WSAStartup": 2, "GetSystemMetrics": 1035, "SetEndOfFile": 1, "CreateThread": 1, "NtReadFile": 59, "NtCreateThreadEx": 1, "setsockopt": 1, "RegEnumKeyW": 2, "RegQueryValueExW": 150, "NtOpenSection": 4, "UuidCreate": 1, "GetSystemDirectoryW": 1, "SizeofResource": 7, "NtResumeThread": 2, "NtQuerySystemInformation": 5, "GetFileVersionInfoSizeW": 2, "GetCursorPos": 2, "IsDebuggerPresent": 1, "GetFileVersionInfoW": 2, "NtClose": 108, "CoCreateInstance": 4, "NtOpenKeyEx": 1156, "GetSystemWindowsDirectoryW": 3, "LdrUnloadDll": 1, "RegEnumKeyExW": 21}}