{"class": "malware", "name": "1d6763bd-a71c-11e6-91fd-80e65024849a.file", "apistats": {"FindResourceExW": 4, "NtOpenKey": 5, "FindResourceExA": 1, "RegQueryValueExW": 1, "NtAllocateVirtualMemory": 12, "NtFreeVirtualMemory": 3, "NtQueryValueKey": 5, "NtMapViewOfSection": 1, "LdrLoadDll": 2, "GlobalMemoryStatusEx": 1, "NtCreateMutant": 2, "NtDuplicateObject": 1, "RegQueryValueExA": 1, "LdrGetDllHandle": 14, "GetSystemTimeAsFileTime": 1, "RegOpenKeyExW": 2, "GetCursorPos": 2, "IsDebuggerPresent": 1, "RegCloseKey": 2, "SetUnhandledExceptionFilter": 1, "NtClose": 5, "NtQuerySystemInformation": 1, "LdrGetProcedureAddress": 21, "GetSystemMetrics": 3, "RegOpenKeyExA": 1}}