{"class": "malware", "name": "1dc7be3a-b178-11e7-bce1-80e65024849a.file", "apistats": {"GetNativeSystemInfo": 1, "SetUnhandledExceptionFilter": 1, "NtProtectVirtualMemory": 8, "GetSystemDirectoryA": 2, "NtAllocateVirtualMemory": 10, "NtFreeVirtualMemory": 5, "GetSystemDirectoryW": 2, "NtDelayExecution": 1, "LdrLoadDll": 10, "RegOpenKeyExW": 2, "LdrGetProcedureAddress": 137, "LdrGetDllHandle": 12, "LoadStringW": 1, "NtOpenProcess": 1, "RegOpenKeyExA": 2, "RegQueryValueExW": 2, "NtClose": 1, "NtCreateMutant": 2, "GetSystemWindowsDirectoryW": 6, "GetSystemTimeAsFileTime": 1, "RegCloseKey": 2}}