{"apistats": {"LdrUnloadDll": 6, "NtOpenSection": 4, "NtOpenMutant": 1, "RegCloseKey": 42, "NtQueryKey": 6, "NtDuplicateObject": 3, "GetShortPathNameW": 1, "GetSystemInfo": 70, "NtCreateFile": 95, "NtResumeThread": 2, "NtTerminateProcess": 3, "NtClose": 82, "GetFileVersionInfoSizeW": 3, "NtOpenProcess": 2, "GetFileAttributesW": 30, "RegQueryValueExW": 98, "NtMapViewOfSection": 20, "RtlAddVectoredContinueHandler": 1, "CreateActCtxW": 3, "GetFileSize": 7, "RegOpenKeyExW": 69, "NtDelayExecution": 60, "SetErrorMode": 52, "NtReadFile": 10, "GetFileInformationByHandle": 8, "RegOpenKeyExA": 1, "DeleteFileW": 3, "LdrGetDllHandle": 161, "NtQuerySystemInformation": 1, "NtAllocateVirtualMemory": 528, "SHGetFolderPathW": 2, "CreateThread": 4, "NtUnmapViewOfSection": 11, "RegQueryInfoKeyW": 3, "GetSystemDirectoryW": 4, "NtQueryDirectoryFile": 2, "RegEnumKeyExW": 14, "CryptAcquireContextW": 1, "SetUnhandledExceptionFilter": 2, "NtFreeVirtualMemory": 213, "GetSystemTimeAsFileTime": 5, "NtCreateSection": 16, "NtQueryAttributesFile": 3, "FindFirstFileExW": 15, "NtCreateMutant": 4, "NtProtectVirtualMemory": 32, "GetFileAttributesExW": 6, "RegEnumValueW": 3, "GlobalMemoryStatus": 1, "LoadStringW": 4, "NtOpenKey": 8, "CoInitializeEx": 2, "LdrGetProcedureAddress": 330, "CoInitializeSecurity": 1, "GetFileVersionInfoW": 3, "IsDebuggerPresent": 1, "NtOpenDirectoryObject": 1, "NtOpenKeyEx": 9, "LdrLoadDll": 30, "GetSystemWindowsDirectoryW": 2, "UuidCreate": 1, "NtQueryValueKey": 9}, "name": "1e90f668-a9a0-11e7-bfe1-80e65024849a.file", "class": "malware"}