{"name": "1eae2238-a71c-11e6-b9f3-80e65024849a.file", "apistats": {"NtWriteFile": 1, "SendNotifyMessageW": 1, "NtUnmapViewOfSection": 14, "RegEnumKeyExW": 23, "CreateThread": 2, "socket": 3, "NtOpenFile": 4, "FindResourceExW": 10, "GetSystemDirectoryW": 1, "NtQueryKey": 902, "GetForegroundWindow": 12, "GetSystemInfo": 2, "LoadResource": 8, "GetFileSize": 1, "NtOpenProcess": 39, "GetNativeSystemInfo": 1, "NtCreateKey": 18, "setsockopt": 3, "CoInitializeEx": 4, "GetTempPathW": 1, "NtCreateMutant": 1, "GetCursorPos": 1, "NtQueryDirectoryFile": 12, "GetBestInterfaceEx": 2, "SHGetFolderPathW": 1, "__exception__": 1, "CoCreateInstance": 16, "GetAdaptersAddresses": 1, "NtDuplicateObject": 16, "GetVolumePathNameW": 1, "LdrLoadDll": 38, "CreateDirectoryW": 1, "GetComputerNameW": 3, "NtCreateFile": 20, "GetFileAttributesW": 3, "InternetCrackUrlW": 1, "SetErrorMode": 9, "FindFirstFileExW": 21, "RegOpenKeyExW": 1, "CreateActCtxW": 1, "GetFileSizeEx": 5, "RegSetValueExW": 17, "NetShareEnum": 1, "NtProtectVirtualMemory": 43, "SetFilePointer": 4, "GetSystemTimeAsFileTime": 30, "DrawTextExW": 13, "GetAddrInfoW": 1, "NtOpenKeyEx": 557, "UuidCreate": 1, "GetFileInformationByHandle": 1, "NtOpenKey": 38, "InternetConnectW": 1, "EnumWindows": 2, "NtClose": 160, "GetVolumeNameForVolumeMountPointW": 3, "NtQueryValueKey": 129, "NtSetValueKey": 18, "GetUserNameExW": 2, "RegDeleteValueW": 3, "HttpOpenRequestW": 1, "NtAllocateVirtualMemory": 10, "NtQueryInformationFile": 2, "GetUserNameW": 5, "NtMapViewOfSection": 1, "LdrGetDllHandle": 1, "GetVolumePathNamesForVolumeNameW": 6, "NtOpenMutant": 1, "GetSystemMetrics": 561, "RegCreateKeyExW": 10, "NtFreeVirtualMemory": 5, "closesocket": 3, "NtDelayExecution": 5, "FindWindowW": 2, "DeviceIoControl": 1, "WSAStartup": 4, "LoadStringW": 41, "NtReadFile": 6, "RegOpenKeyExA": 2, "RegCloseKey": 142, "LdrGetProcedureAddress": 1, "InternetOpenW": 2, "NtCreateSection": 1, "DeleteUrlCacheEntryW": 2, "LdrUnloadDll": 3, "RegEnumKeyW": 70, "NtDeviceIoControlFile": 22, "GetFileInformationByHandleEx": 5, "NtOpenSection": 7, "GetSystemWindowsDirectoryW": 2, "CoUninitialize": 2, "GetKeyState": 69, "RegQueryValueExW": 1}, "class": "malware"}