{"name": "1f5b2580-564d-11e7-ad7a-80e65024849a.file", "apistats": {"NtWriteFile": 1021, "NtUnmapViewOfSection": 7, "NtCreateMutant": 2, "socket": 4, "NtOpenFile": 4, "FindResourceExW": 2, "GetSystemDirectoryW": 2, "GetSystemInfo": 1, "LoadResource": 2, "LoadStringW": 1, "OutputDebugStringA": 72, "GetNativeSystemInfo": 1, "RegOpenKeyExW": 456, "CoInitializeEx": 15, "GetTempPathW": 1, "CreateThread": 4, "GetSystemWindowsDirectoryW": 7, "NtQueryDirectoryFile": 7, "GetBestInterfaceEx": 2, "SHGetFolderPathW": 1, "CoCreateInstance": 2, "NtQuerySystemInformation": 1, "NtDuplicateObject": 3, "FindFirstFileExW": 49, "LdrLoadDll": 17, "CreateDirectoryW": 402, "NtCreateFile": 75, "GetFileAttributesW": 450, "FindWindowA": 1, "SetErrorMode": 1, "GetFileVersionInfoW": 1, "setsockopt": 3, "LookupAccountSidW": 12, "GetFileVersionInfoSizeW": 1, "NtProtectVirtualMemory": 13, "SetFilePointer": 126, "CreateProcessInternalW": 1, "RegCloseKey": 342, "SetFileTime": 49, "UuidCreate": 2, "GetFileSizeEx": 12, "OleInitialize": 2, "GetAdaptersInfo": 1, "InternetGetConnectedState": 1, "NtClose": 183, "GetVolumeNameForVolumeMountPointW": 3, "NtQueryValueKey": 10, "RegQueryValueExA": 1, "GlobalMemoryStatusEx": 1, "NtOpenKey": 28, "NtAllocateVirtualMemory": 4, "NtQueryInformationFile": 24, "NtMapViewOfSection": 5, "LdrGetDllHandle": 6, "GetVolumePathNamesForVolumeNameW": 6, "GetFileType": 3, "GetSystemMetrics": 7, "NtFreeVirtualMemory": 2, "closesocket": 3, "NtDelayExecution": 111, "DeleteFileW": 1, "DeviceIoControl": 2, "WSAStartup": 6, "GetFileSize": 1, "NtReadFile": 1082, "RegOpenKeyExA": 5, "SetUnhandledExceptionFilter": 2, "GetSystemTimeAsFileTime": 38, "LdrGetProcedureAddress": 47, "NtOpenProcess": 14, "NtCreateSection": 3, "LdrUnloadDll": 4, "SetWindowsHookExW": 1, "RegEnumKeyW": 109, "NtDeviceIoControlFile": 13, "GetFileInformationByHandleEx": 12, "NtTerminateProcess": 3, "RegQueryValueExW": 2197, "NtOpenSection": 5, "ioctlsocket": 1, "CoUninitialize": 17, "CreateActCtxW": 1}, "class": "malware"}