{"apistats": {"GetNativeSystemInfo": 2, "RegCloseKey": 40, "RegQueryValueExA": 40, "WSAStartup": 1, "LookupPrivilegeValueW": 8, "NtClose": 23, "RegCreateKeyExA": 1, "RegQueryValueExW": 1, "NtMapViewOfSection": 2, "FindFirstFileExW": 97, "GetFileSize": 1, "RegOpenKeyExW": 1, "NtAllocateVirtualMemory": 10, "RegOpenKeyExA": 364, "LdrGetDllHandle": 14, "NtReadFile": 2, "NtOpenFile": 2, "NtUnmapViewOfSection": 1, "NtQueryDirectoryFile": 8, "SetUnhandledExceptionFilter": 1, "GetTempPathW": 1, "NtFreeVirtualMemory": 3, "GetSystemTimeAsFileTime": 2, "RegEnumKeyExA": 13, "NtProtectVirtualMemory": 4, "SHGetFolderPathW": 83, "NtCreateSection": 2, "GetUserNameA": 1, "OpenServiceW": 2, "OpenSCManagerW": 1, "LdrGetProcedureAddress": 51, "RegSetValueExA": 1, "StartServiceA": 1, "LdrLoadDll": 39, "GetSystemWindowsDirectoryW": 1, "OleInitialize": 1, "UuidCreate": 1, "NtQueryInformationFile": 2, "NtCreateFile": 79, "NtQueryValueKey": 1}, "name": "2001f55e-a71c-11e6-a986-80e65024849a.file", "class": "malware"}