{"class": "malware", "name": "2011d0ab-310e-11e8-a368-80e65024849a.file", "apistats": {"NtOpenKey": 3, "SetUnhandledExceptionFilter": 1, "NtProtectVirtualMemory": 32, "NtAllocateVirtualMemory": 1394, "GetFileSize": 8, "GetFileInformationByHandle": 10, "CreateActCtxW": 2, "GetFileVersionInfoSizeW": 5, "NtQueryDirectoryFile": 2, "NtMapViewOfSection": 21, "NtCreateSection": 16, "SHGetFolderPathW": 2, "LdrUnloadDll": 2, "NtOpenMutant": 1, "GetSystemInfo": 72, "LdrGetDllHandle": 73, "RegOpenKeyExW": 66, "IsDebuggerPresent": 1, "NtOpenDirectoryObject": 1, "GetFileAttributesExW": 8, "RtlAddVectoredContinueHandler": 1, "NtDuplicateObject": 1, "GetSystemTimeAsFileTime": 5, "RegCloseKey": 43, "GetSystemWindowsDirectoryW": 2, "NtUnmapViewOfSection": 8, "NtReadFile": 11, "RegEnumKeyExW": 14, "RegQueryValueExW": 98, "CreateThread": 2, "NtOpenSection": 4, "GlobalMemoryStatus": 1, "NtFreeVirtualMemory": 1024, "NtClose": 40, "LookupPrivilegeValueW": 1, "SetErrorMode": 64, "GetSystemDirectoryW": 4, "GetFileType": 2, "FindFirstFileExW": 16, "NtDelayExecution": 60, "LdrLoadDll": 31, "NtCreateFile": 97, "LdrGetProcedureAddress": 234, "GetShortPathNameW": 1, "NtResumeThread": 2, "RegQueryInfoKeyW": 3, "RegEnumValueW": 3, "NtQuerySystemInformation": 4, "NtOpenProcess": 2, "NtQueryValueKey": 4, "GetFileVersionInfoW": 5, "RegOpenKeyExA": 1, "GetFileAttributesW": 24, "NtOpenKeyEx": 2, "NtCreateMutant": 4, "CoInitializeEx": 2}}