{"apistats": {"RegCreateKeyExW": 1, "GetNativeSystemInfo": 1, "RegCloseKey": 41, "NtDuplicateObject": 2, "GetSystemInfo": 3, "RegQueryValueExA": 14, "WSAStartup": 3, "GetSystemWindowsDirectoryW": 6, "NtClose": 33, "NtCreateSection": 1, "GetFileAttributesW": 5, "RegQueryValueExW": 40, "NtMapViewOfSection": 1, "NtCreateThreadEx": 1, "RegOpenKeyExW": 35, "NtDelayExecution": 3, "SetErrorMode": 8, "NtAllocateVirtualMemory": 23, "RegOpenKeyExA": 13, "DeleteFileW": 1, "LdrGetDllHandle": 30, "LdrUnloadDll": 2, "NtQuerySystemInformation": 1, "NtResumeThread": 1, "GetSystemDirectoryW": 3, "LoadStringW": 1, "FindResourceExW": 1, "NtFreeVirtualMemory": 13, "GetSystemTimeAsFileTime": 5, "GlobalMemoryStatusEx": 1, "GetSystemDirectoryA": 1, "FindFirstFileExW": 18, "NtCreateMutant": 4, "NtProtectVirtualMemory": 1, "CoInitializeEx": 1, "RegEnumValueW": 2, "GetTempPathW": 1, "SetUnhandledExceptionFilter": 1, "NtOpenKey": 7, "RegSetValueExW": 1, "LoadResource": 1, "LdrGetProcedureAddress": 314, "__exception__": 2, "NtOpenDirectoryObject": 1, "GetFileType": 3, "SetFileAttributesW": 1, "LdrLoadDll": 30, "NtSuspendThread": 1, "NtCreateFile": 3, "NtQueryValueKey": 8}, "name": "20159d3a-ca8e-11e6-b94b-80e65024849a.file", "class": "malware"}