{"class": "malware", "name": "20adcf3a-ca8e-11e6-b0d1-80e65024849a.file", "apistats": {"GetNativeSystemInfo": 1, "FindResourceExW": 8, "NtOpenKey": 21, "SetUnhandledExceptionFilter": 1, "NtProtectVirtualMemory": 20, "GetAddrInfoW": 2, "GetForegroundWindow": 1, "NtAllocateVirtualMemory": 53, "FindResourceExA": 3, "LdrGetDllHandle": 16, "InternetConnectA": 1, "GetBestInterfaceEx": 4, "CreateActCtxW": 1, "GetFileInformationByHandleEx": 12, "RegSetValueExW": 28, "NtQueryDirectoryFile": 7, "FindFirstFileExW": 1, "DrawTextExW": 2, "CoGetClassObject": 3, "OleInitialize": 1, "socket": 6, "NtDelayExecution": 6, "RegOpenKeyExW": 27, "NtOpenDirectoryObject": 1, "InternetQueryOptionA": 1, "CreateDirectoryW": 8, "LdrGetProcedureAddress": 44, "GetSystemTimeAsFileTime": 3, "NtOpenFile": 4, "NtWriteFile": 6, "SetFileTime": 2, "GetSystemDirectoryA": 6, "InternetCrackUrlW": 2, "NtFreeVirtualMemory": 5, "SetErrorMode": 1, "NtMapViewOfSection": 1, "GetVolumePathNamesForVolumeNameW": 6, "LdrLoadDll": 10, "NtCreateFile": 4, "FindWindowExA": 4, "NtDeviceIoControlFile": 1, "CreateProcessInternalW": 1, "LoadStringW": 1, "NtOpenProcess": 2, "NtQueryKey": 4, "CoUninitialize": 1, "GetFileAttributesW": 1, "NtCreateMutant": 2, "RegQueryInfoKeyW": 1, "NtTerminateProcess": 3, "RegCreateKeyExW": 14, "GetTempPathW": 1, "NtOpenThread": 1, "IWbemServices_ExecQuery": 1, "RegQueryValueExA": 1, "closesocket": 6, "GetFileSize": 2, "LoadResource": 9, "GetUserNameExW": 2, "WSAStartup": 8, "setsockopt": 6, "NtCreateSection": 4, "LdrUnloadDll": 2, "NtOpenMutant": 1, "NtDuplicateObject": 1, "InternetCrackUrlA": 1, "CoCreateInstanceEx": 4, "HttpOpenRequestA": 1, "GetFileSizeEx": 12, "NtQueryValueKey": 13, "RegCloseKey": 21, "GetVolumeNameForVolumeMountPointW": 3, "GetComputerNameW": 5, "SearchPathW": 1, "GetSystemMetrics": 3, "RegOpenKeyExA": 4, "CreateThread": 1, "NtReadFile": 4, "InternetOpenA": 1, "RegEnumKeyW": 109, "RegQueryValueExW": 33, "NtOpenSection": 7, "DeleteFileW": 2, "UuidCreate": 1, "GetSystemDirectoryW": 3, "GetFileType": 2, "GlobalMemoryStatusEx": 1, "CoInitializeSecurity": 1, "NtUnmapViewOfSection": 1, "NtQuerySystemInformation": 1, "IsDebuggerPresent": 1, "RegDeleteValueW": 6, "GetAdaptersAddresses": 2, "NtClose": 62, "CoCreateInstance": 13, "SetFilePointer": 1, "GetSystemWindowsDirectoryW": 7, "CoInitializeEx": 1, "RegEnumKeyExW": 25}}