{"name": "21aec5fd-531b-11e7-a43b-80e65024849a.file", "apistats": {"SetErrorMode": 4, "RegEnumKeyExW": 12, "socket": 1, "NtFreeVirtualMemory": 5, "GetSystemDirectoryW": 1, "closesocket": 1, "LoadResource": 25, "GetFileSize": 1, "SizeofResource": 1, "setsockopt": 1, "CoInitializeEx": 1, "GetTempPathW": 1, "NtCreateMutant": 2, "GetCursorPos": 2, "NtDuplicateObject": 4, "CoCreateInstance": 1, "NtQuerySystemInformation": 1, "RegDeleteValueW": 2, "LdrLoadDll": 16, "NtMapViewOfSection": 4, "NtCreateFile": 2, "NtTerminateProcess": 3, "FindWindowA": 1, "NtUnmapViewOfSection": 4, "GetFileVersionInfoW": 1, "RegOpenKeyExW": 112, "NtQueryAttributesFile": 4, "RegDeleteKeyA": 1, "RegSetValueExW": 8, "NtProtectVirtualMemory": 28, "SetFilePointer": 27, "GetSystemTimeAsFileTime": 1, "UnhookWindowsHookEx": 2, "FindResourceA": 2, "OleInitialize": 2, "InternetSetOptionA": 2, "NtClose": 60, "NtQueryValueKey": 7, "RegQueryValueExA": 1, "NtReadFile": 24, "GetUserNameExW": 1, "NtOpenKey": 7, "NtAllocateVirtualMemory": 13, "NtResumeThread": 1, "LdrGetDllHandle": 15, "GetSystemMetrics": 29, "RegCreateKeyExW": 1, "FindResourceExW": 24, "GetSystemInfo": 2, "NtCreateThreadEx": 1, "RegCreateKeyExA": 2, "FindWindowW": 2, "GetFileVersionInfoSizeW": 1, "WSAStartup": 2, "GlobalMemoryStatusEx": 1, "RegOpenKeyExA": 8, "RegQueryInfoKeyW": 2, "RegCloseKey": 64, "LdrGetProcedureAddress": 145, "RegQueryInfoKeyA": 1, "DrawTextExW": 4, "NtCreateSection": 4, "LdrUnloadDll": 11, "SetWindowsHookExW": 2, "LoadStringA": 112, "NtDeviceIoControlFile": 2, "RegSetValueExA": 2, "NtOpenSection": 1, "GetSystemWindowsDirectoryW": 1, "CoUninitialize": 2, "RegQueryValueExW": 18}, "class": "malware"}