{"name": "21b3fe75-310e-11e8-b7a6-80e65024849a.file", "apistats": {"NtWriteFile": 6, "GetSystemMetrics": 38, "NtUnmapViewOfSection": 3, "RegEnumKeyExW": 4, "timeGetTime": 19, "NtClose": 124, "CreateThread": 5, "NtQueryValueKey": 163, "RegQueryValueExA": 16, "NtReadFile": 1, "NtFreeVirtualMemory": 1, "NtOpenKey": 16, "GetSystemDirectoryW": 3, "NtAllocateVirtualMemory": 39, "GetSystemInfo": 12, "LoadResource": 84, "LoadStringW": 45, "GetForegroundWindow": 1, "GetNativeSystemInfo": 1, "LdrGetDllHandle": 8, "NtOpenMutant": 1, "GetTempPathW": 5, "NtCreateMutant": 10, "FindResourceExW": 25, "NtCreateThreadEx": 1, "NtDelayExecution": 91, "NtDuplicateObject": 5, "RegQueryInfoKeyW": 2, "SearchPathW": 7, "CoCreateInstance": 1, "GetFileSizeEx": 1, "NtQuerySystemInformation": 1, "FindResourceExA": 1, "GlobalMemoryStatusEx": 1, "LdrLoadDll": 54, "NtMapViewOfSection": 9, "NtEnumerateKey": 21, "NtOpenFile": 2, "NtOpenDirectoryObject": 1, "LdrGetProcedureAddress": 212, "NtCreateFile": 17, "NtOpenThread": 2, "IsDebuggerPresent": 1, "NtOpenProcess": 5, "SetErrorMode": 44, "NtCreateSection": 2, "NtResumeThread": 3, "RegOpenKeyExW": 5, "LdrUnloadDll": 17, "CoInitializeEx": 2, "LoadStringA": 3, "NtProtectVirtualMemory": 2, "RegEnumValueW": 37, "SizeofResource": 62, "UuidCreate": 1, "NtOpenSection": 4, "GetSystemWindowsDirectoryW": 9, "RegCloseKey": 4, "DrawTextExW": 4, "FindResourceA": 68, "RegQueryValueExW": 2, "NtOpenKeyEx": 84, "CreateActCtxW": 1}, "class": "malware"}