{"class": "malware", "name": "21da8ed9-b178-11e7-9678-80e65024849a.file", "apistats": {"NtCreateKey": 2, "FindResourceExW": 1, "NtOpenKey": 2, "GetFileVersionInfoSizeW": 5, "SetUnhandledExceptionFilter": 1, "NtProtectVirtualMemory": 32, "NtDuplicateObject": 2, "NtAllocateVirtualMemory": 648, "GetFileSize": 97, "GetFileInformationByHandle": 10, "CreateActCtxW": 3, "NtQueryInformationFile": 92, "GlobalMemoryStatusEx": 6, "NtQueryDirectoryFile": 2, "NtMapViewOfSection": 81, "NtCreateSection": 76, "SHGetFolderPathW": 4, "LdrUnloadDll": 2, "NtOpenMutant": 1, "GetSystemInfo": 69, "LdrGetDllHandle": 97, "RegOpenKeyExW": 64, "IsDebuggerPresent": 1, "NtSetValueKey": 1, "RegCloseKey": 42, "RtlAddVectoredContinueHandler": 1, "NtOpenDirectoryObject": 1, "LdrGetProcedureAddress": 314, "GetSystemTimeAsFileTime": 5, "GetFileAttributesExW": 5, "GetSystemWindowsDirectoryW": 2, "CreateThread": 5, "NtReadFile": 10, "RegEnumKeyExW": 14, "RegQueryValueExW": 100, "NtUnmapViewOfSection": 70, "GlobalMemoryStatus": 1, "NtFreeVirtualMemory": 214, "NtClose": 197, "NtEnumerateValueKey": 28, "SetErrorMode": 66, "GetSystemDirectoryW": 6, "FindFirstFileExW": 16, "NtQueryKey": 2, "NtDelayExecution": 61, "LdrLoadDll": 39, "NtCreateFile": 189, "SearchPathW": 29, "GetShortPathNameW": 1, "NtResumeThread": 4, "RegQueryInfoKeyW": 3, "RegEnumValueW": 3, "NtQuerySystemInformation": 1, "GetSystemMetrics": 9, "NtOpenProcess": 2, "NtQueryValueKey": 4, "GetFileVersionInfoW": 5, "RegOpenKeyExA": 1, "GetFileAttributesW": 22, "NtOpenKeyEx": 4, "NtCreateMutant": 4, "CoInitializeEx": 4}}