{"name": "227f7ad1-ca8e-11e6-8115-80e65024849a.file", "apistats": {"NtWriteFile": 1, "GetSystemMetrics": 6, "SetErrorMode": 2, "RegEnumKeyExW": 21, "CreateThread": 1, "socket": 1, "NtOpenFile": 2, "InternetQueryOptionA": 1, "FindResourceExW": 51, "GetSystemDirectoryW": 1, "NtQueryKey": 14, "GetForegroundWindow": 1, "GetSystemInfo": 2, "LoadResource": 1, "GetFileSize": 4, "NtOpenProcess": 18, "GetNativeSystemInfo": 2, "SizeofResource": 1, "setsockopt": 1, "CreateActCtxW": 2, "NtCreateMutant": 3, "GetCursorPos": 31, "NtQueryDirectoryFile": 1, "NtDuplicateObject": 13, "SearchPathW": 4, "CoCreateInstance": 4, "NtQuerySystemInformation": 5, "GetBestInterfaceEx": 2, "FindFirstFileExW": 1, "NtEnumerateValueKey": 52, "LdrLoadDll": 6, "NtMapViewOfSection": 6, "NtCreateFile": 10, "GetFileAttributesW": 2, "NtUnmapViewOfSection": 17, "GetFileVersionInfoW": 2, "RegOpenKeyExW": 4, "NtQueryAttributesFile": 5, "CoInitializeEx": 6, "RegSetValueExW": 3, "NtProtectVirtualMemory": 6, "SetFilePointer": 10, "CreateProcessInternalW": 1, "GetSystemTimeAsFileTime": 11, "DrawTextExW": 197, "NtOpenKeyEx": 10, "UuidCreate": 1, "OleInitialize": 1, "EnumWindows": 2, "NtClose": 14, "NtQueryValueKey": 2, "RegQueryValueExA": 1, "GlobalMemoryStatusEx": 1, "NtOpenKey": 1, "NtAllocateVirtualMemory": 11, "NtQueryInformationFile": 1, "NtResumeThread": 2, "CreateDirectoryW": 1, "LdrGetDllHandle": 6, "NtOpenMutant": 1, "SendNotifyMessageW": 3, "RegCreateKeyExW": 7, "NtFreeVirtualMemory": 4, "closesocket": 1, "NtCreateThreadEx": 1, "NtDelayExecution": 1, "GetFileVersionInfoSizeW": 2, "WSAStartup": 2, "LoadStringW": 33, "NtReadFile": 261, "RegOpenKeyExA": 8, "RegCloseKey": 82, "LdrGetProcedureAddress": 14, "FindResourceW": 1, "NtCreateSection": 5, "LdrUnloadDll": 1, "RegEnumKeyW": 2, "SetEndOfFile": 1, "LoadStringA": 31, "NtDeviceIoControlFile": 8, "SetFileTime": 1, "NtReadVirtualMemory": 3, "NtOpenSection": 4, "GetSystemWindowsDirectoryW": 1, "CoUninitialize": 2, "IsDebuggerPresent": 1, "GetKeyState": 28, "RegQueryValueExW": 167}, "class": "malware"}