{"name": "232bfe99-310e-11e8-bdf9-80e65024849a.file", "apistats": {"NtUnmapViewOfSection": 3, "RegEnumKeyExW": 21, "NtCreateMutant": 10, "NtClose": 200, "NtQueryValueKey": 4, "NtFreeVirtualMemory": 13, "NtOpenKey": 8, "GetSystemDirectoryW": 3, "NtAllocateVirtualMemory": 55, "GetSystemInfo": 13, "LoadResource": 20, "LoadStringW": 45, "NtOpenProcess": 5, "GetNativeSystemInfo": 1, "LdrGetDllHandle": 28, "UuidCreate": 1, "NtOpenMutant": 1, "GetSystemMetrics": 33, "CreateThread": 5, "FindResourceExW": 7, "NtCreateThreadEx": 1, "NtDelayExecution": 332, "NtDuplicateObject": 4, "__exception__": 1, "SearchPathW": 6, "CoCreateInstance": 1, "LdrLoadDll": 45, "NtMapViewOfSection": 10, "LdrGetProcedureAddress": 354, "NtCreateFile": 13, "NtOpenThread": 2, "SetErrorMode": 44, "OpenSCManagerW": 2, "NtCreateSection": 2, "NtResumeThread": 1, "RegOpenKeyExW": 79, "LdrUnloadDll": 17, "SizeofResource": 9, "OpenServiceW": 2, "NtProtectVirtualMemory": 4, "NtOpenSection": 4, "GetSystemWindowsDirectoryW": 7, "RegCloseKey": 60, "DrawTextExW": 52, "FindResourceA": 28, "RegQueryValueExW": 143, "CoInitializeEx": 2}, "class": "malware"}