{"name": "23d83491-310e-11e8-8817-80e65024849a.file", "apistats": {"RtlAddVectoredContinueHandler": 1, "NtUnmapViewOfSection": 5, "RegEnumKeyExW": 14, "CreateThread": 2, "NtClose": 54, "NtQueryValueKey": 12, "NtOpenKey": 22, "GetSystemDirectoryW": 4, "NtQueryDirectoryFile": 2, "NtAllocateVirtualMemory": 643, "GetSystemInfo": 63, "GetFileSize": 7, "NtOpenProcess": 2, "NtResumeThread": 2, "LdrGetDllHandle": 73, "NtOpenMutant": 1, "NtCreateMutant": 4, "NtFreeVirtualMemory": 238, "NtDelayExecution": 63, "NtDuplicateObject": 1, "SHGetFolderPathW": 2, "GetFileVersionInfoSizeW": 2, "NtQuerySystemInformation": 1, "FindFirstFileExW": 13, "LoadStringW": 4, "NtEnumerateValueKey": 7, "NtReadFile": 10, "RegOpenKeyExA": 1, "LdrLoadDll": 28, "NtMapViewOfSection": 17, "NtEnumerateKey": 2, "RegQueryInfoKeyW": 3, "NtOpenDirectoryObject": 1, "LdrGetProcedureAddress": 224, "NtCreateFile": 95, "IsDebuggerPresent": 1, "GetFileAttributesW": 29, "GlobalMemoryStatus": 1, "NtCreateSection": 15, "GetFileVersionInfoW": 2, "RegOpenKeyExW": 69, "NtQueryAttributesFile": 3, "LdrUnloadDll": 3, "CoInitializeEx": 2, "GetFileAttributesExW": 6, "SetUnhandledExceptionFilter": 1, "RegEnumValueW": 3, "GetSystemTimeAsFileTime": 5, "NtProtectVirtualMemory": 26, "SetErrorMode": 44, "NtOpenSection": 4, "GetSystemWindowsDirectoryW": 2, "RegCloseKey": 41, "RegQueryValueExW": 103, "NtOpenKeyEx": 2, "CreateActCtxW": 3, "GetShortPathNameW": 1, "GetFileInformationByHandle": 4}, "class": "malware"}