{"class": "malware", "name": "245561e3-c364-11e6-8bc2-80e65024849a.file", "apistats": {"FindResourceW": 25, "FindResourceExW": 222, "NtOpenKey": 768, "NtDuplicateObject": 11, "FindWindowW": 3, "GetForegroundWindow": 3, "NtAllocateVirtualMemory": 45, "NtQueryInformationFile": 2, "GetFileInformationByHandle": 1, "CreateActCtxW": 1, "GetFileInformationByHandleEx": 12, "RegSetValueExW": 1, "NtQueryDirectoryFile": 10, "NtMapViewOfSection": 20, "SHGetFolderPathW": 2, "LdrGetDllHandle": 11, "GetVolumePathNamesForVolumeNameW": 6, "RegOpenKeyExW": 528, "GetKeyState": 75, "NtSetValueKey": 28, "LdrGetProcedureAddress": 107, "GetSystemTimeAsFileTime": 54, "EnumWindows": 4, "NtOpenFile": 4, "GetFileSizeEx": 12, "NtUnmapViewOfSection": 14, "NtFreeVirtualMemory": 32, "NtOpenMutant": 1, "SetErrorMode": 9, "SendNotifyMessageW": 2, "NtDelayExecution": 19, "LdrLoadDll": 36, "NtCreateFile": 29, "FindFirstFileExW": 14, "RegEnumValueW": 1, "RegQueryValueExA": 1, "LoadStringW": 7, "NtOpenProcess": 40, "NtQueryValueKey": 747, "CoUninitialize": 24, "GetFileAttributesW": 8, "NtCreateMutant": 1, "RegCreateKeyExW": 1, "NtCreateKey": 28, "GetTempPathW": 1, "DrawTextExW": 70, "NtQueryKey": 1245, "LoadResource": 225, "GlobalMemoryStatusEx": 1, "NtCreateSection": 7, "DeviceIoControl": 1, "CoInitializeEx": 27, "SetFilePointer": 3, "GetSystemInfo": 4, "NtWriteFile": 1, "CreateDirectoryW": 1, "RegCloseKey": 368, "GetVolumeNameForVolumeMountPointW": 3, "GetSystemMetrics": 244, "RegOpenKeyExA": 3, "CreateThread": 3, "NtReadFile": 15, "RegEnumKeyExW": 21, "RegEnumKeyW": 109, "RegQueryValueExW": 2210, "NtOpenSection": 6, "NetShareEnum": 1, "UuidCreate": 2, "GetSystemDirectoryW": 2, "SizeofResource": 6, "GetComputerNameW": 2, "NtQuerySystemInformation": 1, "GetFileVersionInfoSizeW": 1, "GetCursorPos": 1, "GetFileVersionInfoW": 1, "NtClose": 905, "CoCreateInstance": 3, "NtOpenKeyEx": 775, "GetSystemWindowsDirectoryW": 2, "LdrUnloadDll": 3}}