{"class": "malware", "name": "2462f951-ca8e-11e6-9f3e-80e65024849a.file", "apistats": {"GetNativeSystemInfo": 1, "FindResourceExW": 13, "NtOpenKey": 31, "GetSystemInfo": 5, "NtProtectVirtualMemory": 191, "GetAddrInfoW": 2, "NtDeviceIoControlFile": 52, "socket": 8, "GetBestInterfaceEx": 6, "CreateActCtxW": 2, "RegSetValueExW": 38, "RegCreateKeyExA": 1, "CoGetClassObject": 1, "OleInitialize": 1, "LdrGetDllHandle": 23, "RegOpenKeyExW": 417, "InternetQueryOptionA": 1, "LdrGetProcedureAddress": 479, "GetSystemTimeAsFileTime": 23, "GetFileAttributesExW": 4, "NtOpenFile": 2, "NtUnmapViewOfSection": 1, "NtFreeVirtualMemory": 5, "SetErrorMode": 51, "NtMapViewOfSection": 13, "NtQueryKey": 8, "LdrLoadDll": 73, "NtCreateFile": 4, "GetUserNameExA": 2, "NtAllocateVirtualMemory": 78, "RegEnumValueW": 8, "RegEnumKeyExA": 2, "NtOpenProcess": 7, "LoadStringA": 19, "NtQueryValueKey": 14, "CoUninitialize": 12, "SetWindowsHookExW": 2, "GetFileAttributesW": 7, "NtCreateMutant": 2, "RegCreateKeyExW": 21, "InternetSetOptionA": 19, "RegEnumValueA": 138, "InternetSetStatusCallback": 1, "RegQueryValueExA": 159, "RegDeleteValueW": 10, "GetFileSize": 1, "InternetConnectW": 1, "LoadResource": 14, "GetUserNameExW": 4, "HttpSendRequestW": 1, "NtQueryAttributesFile": 3, "setsockopt": 6, "NtCreateSection": 5, "DeviceIoControl": 1, "LdrUnloadDll": 3, "InternetOpenW": 1, "NtDuplicateObject": 6, "HttpOpenRequestW": 1, "RegCloseKey": 269, "SearchPathW": 2, "GetSystemMetrics": 17, "RegOpenKeyExA": 103, "GetSystemWindowsDirectoryW": 3, "CreateThread": 1, "NtReadFile": 24, "RegEnumKeyExW": 16, "FindResourceExA": 1, "RegQueryValueExW": 282, "WSAStartup": 9, "NtOpenSection": 14, "closesocket": 8, "SetWindowsHookExA": 1, "UuidCreate": 1, "GetSystemDirectoryW": 2, "GlobalMemoryStatusEx": 4, "NtResumeThread": 2, "RegQueryInfoKeyW": 4, "NtQuerySystemInformation": 1, "FindWindowA": 1, "IsDebuggerPresent": 2, "GetAdaptersAddresses": 2, "NtClose": 122, "CoCreateInstance": 15, "SetFilePointer": 27, "NtCreateThreadEx": 1, "CoInitializeEx": 13}}