{"name": "24763eab-b178-11e7-98f3-80e65024849a.file", "apistats": {"NtWriteFile": 5, "timeGetTime": 8, "FindResourceExW": 15, "GetSystemDirectoryW": 1, "LoadResource": 11, "LoadStringW": 1, "GetNativeSystemInfo": 2, "CoInitializeEx": 2, "GetTempPathW": 2, "NtCreateMutant": 2, "NtQueryDirectoryFile": 6, "NtDuplicateObject": 3, "SHGetFolderPathW": 5, "__exception__": 1, "CopyFileW": 1, "CoCreateInstance": 1, "NtQuerySystemInformation": 1, "CreateToolhelp32Snapshot": 3, "CreateDirectoryW": 2, "Process32FirstW": 3, "NtCreateFile": 20, "NtTerminateProcess": 1, "SetFilePointerEx": 30, "NtUnmapViewOfSection": 2, "FindFirstFileExW": 4, "RegOpenKeyExW": 83, "NtQueryAttributesFile": 3, "SetUnhandledExceptionFilter": 1, "EnumWindows": 18, "SetFileTime": 1, "RegCloseKey": 60, "NtClose": 53, "GetVolumeNameForVolumeMountPointW": 3, "NtQueryValueKey": 10, "RegQueryValueExA": 1, "NtReadFile": 23, "NtOpenKey": 10, "NtAllocateVirtualMemory": 111, "LdrLoadDll": 30, "NtMapViewOfSection": 5, "LdrGetDllHandle": 2, "GetVolumePathNamesForVolumeNameW": 6, "GetFileType": 4, "GetSystemMetrics": 11, "NtFreeVirtualMemory": 36, "NtDelayExecution": 7, "DeleteFileW": 1, "GetFileSizeEx": 1, "GlobalMemoryStatusEx": 1, "RegOpenKeyExA": 2, "GetSystemTimeAsFileTime": 32, "LdrGetProcedureAddress": 104, "IsDebuggerPresent": 1, "Process32NextW": 96, "NtCreateSection": 3, "LdrUnloadDll": 16, "RegEnumKeyW": 2, "SizeofResource": 3, "GetFileInformationByHandleEx": 1, "GetFileAttributesW": 6, "RegQueryValueExW": 92, "NtOpenSection": 5, "GetSystemWindowsDirectoryW": 7, "CoUninitialize": 1, "CreateActCtxW": 2}, "class": "malware"}