{"class": "malware", "apistats": {"NtQueryKey": 8, "GetSystemWindowsDirectoryW": 2, "NtMapViewOfSection": 412, "CreateActCtxW": 3, "GlobalMemoryStatusEx": 1, "RtlAddVectoredContinueHandler": 1, "NtCreateFile": 675, "NtDuplicateObject": 2, "GetFileVersionInfoSizeW": 5, "RegQueryValueExW": 107, "NtQueryDirectoryFile": 18, "SearchPathW": 189, "NtEnumerateValueKey": 188, "NtOpenMutant": 1, "NtOpenFile": 16, "FindResourceExW": 1, "SHGetFolderPathW": 4, "NtQueryValueKey": 4, "RegOpenKeyExA": 2, "LdrUnloadDll": 2, "NtOpenSection": 2, "RtlAddVectoredExceptionHandler": 1, "GetFileSize": 587, "GetFileAttributesExW": 5, "RegOpenKeyExW": 78, "NtReadFile": 10, "NtSetValueKey": 1, "LdrGetProcedureAddress": 269, "LdrGetDllHandle": 60, "NtAllocateVirtualMemory": 1371, "NtQuerySystemInformation": 1, "GetSystemInfo": 69, "NtDelayExecution": 60, "GetFileInformationByHandle": 10, "NtQueryInformationFile": 582, "NtCreateKey": 2, "GetSystemTimeAsFileTime": 18, "SetErrorMode": 68, "NtCreateMutant": 4, "LdrLoadDll": 41, "GetFileAttributesW": 22, "NtOpenKey": 2, "SetUnhandledExceptionFilter": 1, "NtOpenProcess": 2, "RegEnumValueW": 5, "GetShortPathNameW": 1, "NtClose": 1072, "RegQueryInfoKeyW": 3, "RegEnumKeyExW": 15, "GetSystemMetrics": 4, "NtFreeVirtualMemory": 596, "NtResumeThread": 2, "NtProtectVirtualMemory": 76, "GetFileVersionInfoW": 5, "NtCreateSection": 407, "NtUnmapViewOfSection": 401, "NtOpenKeyEx": 5, "NtOpenDirectoryObject": 1, "IsDebuggerPresent": 1, "CoInitializeEx": 2, "GetSystemDirectoryW": 6, "CreateThread": 3}, "name": "24b4155c-f246-11e7-978e-80e65024849a.file"}