{"class": "malware", "apistats": {"GetSystemWindowsDirectoryW": 1, "FindFirstFileExW": 2, "Process32NextW": 65, "NtWriteFile": 1, "NtMapViewOfSection": 1, "CreateDirectoryW": 1, "NtOpenKey": 1, "NtCreateFile": 1, "WSAStartup": 1, "NtOpenProcess": 2, "NtClose": 3, "RegQueryValueExW": 26, "CreateProcessInternalW": 1, "Process32FirstW": 2, "GetShortPathNameW": 2, "NtQueryValueKey": 1, "LdrUnloadDll": 1, "NtOpenSection": 1, "GetFileSize": 1, "GetTimeZoneInformation": 2, "RegOpenKeyExW": 15, "NtReadFile": 1, "LdrGetProcedureAddress": 219, "LdrGetDllHandle": 17, "NtAllocateVirtualMemory": 15, "GetSystemInfo": 1, "NtDelayExecution": 3, "GetSystemTimeAsFileTime": 251, "NtResumeThread": 3, "NtCreateMutant": 1, "LdrLoadDll": 7, "GetFileAttributesW": 1, "DeleteFileW": 1, "NtDuplicateObject": 1, "NtFreeVirtualMemory": 1, "RegCloseKey": 10, "NtProtectVirtualMemory": 2, "RegSetValueExW": 3, "NtCreateSection": 1, "CreateToolhelp32Snapshot": 2, "NtOpenDirectoryObject": 1, "SetUnhandledExceptionFilter": 1, "CreateThread": 3}, "name": "252e2d38-77be-11e7-8132-80e65024849a.file"}