{"class": "malware", "name": "25f118a1-a71c-11e6-8d0f-80e65024849a.file", "apistats": {"GetNativeSystemInfo": 1, "FindResourceExW": 5, "NtOpenKey": 32, "NtProtectVirtualMemory": 1, "GetForegroundWindow": 1, "NtAllocateVirtualMemory": 835, "NtQueryInformationFile": 3, "CreateActCtxW": 1, "GetFileInformationByHandleEx": 12, "NtQueryDirectoryFile": 13, "NtMapViewOfSection": 7, "SHGetFolderPathW": 93, "NtSetInformationFile": 2, "OleInitialize": 1, "LdrGetDllHandle": 354, "NtDelayExecution": 2, "RegOpenKeyExW": 490, "LdrGetProcedureAddress": 396, "GetSystemTimeAsFileTime": 38, "NtOpenFile": 6, "NtWriteFile": 234, "GetVolumeNameForVolumeMountPointW": 3, "NtFreeVirtualMemory": 915, "NtOpenMutant": 1, "SetErrorMode": 1, "DeleteFileW": 2, "GetVolumePathNamesForVolumeNameW": 6, "LdrLoadDll": 26, "NtCreateFile": 392, "FindFirstFileExW": 17, "CreateProcessInternalW": 1, "LoadStringW": 6, "NtOpenProcess": 14, "GetFileSize": 1, "CoUninitialize": 15, "UuidCreate": 2, "NtCreateMutant": 2, "GetTempPathW": 1, "RegQueryValueExA": 1, "NtQueryValueKey": 11, "LoadResource": 3, "GlobalMemoryStatusEx": 1, "NtCreateSection": 3, "LdrUnloadDll": 2, "SetFilePointer": 1835, "NtDuplicateObject": 3, "GetFileSizeEx": 12, "CreateDirectoryW": 13, "RegCloseKey": 326, "SetFileTime": 1, "GetSystemMetrics": 9, "RegOpenKeyExA": 5, "CreateThread": 1, "NtReadFile": 23657, "RegEnumKeyExW": 21, "RegEnumKeyW": 109, "RegQueryValueExW": 2202, "NtOpenSection": 7, "GetFileAttributesW": 377, "GetSystemDirectoryW": 3, "GetFileType": 3, "NtUnmapViewOfSection": 3, "NtQuerySystemInformation": 1, "DrawTextExW": 2, "NtClose": 131, "CoCreateInstance": 2, "GetSystemWindowsDirectoryW": 7, "CoInitializeEx": 16}}