{"class": "malware", "name": "261a5dc0-c364-11e6-b8eb-80e65024849a.file", "apistats": {"GetNativeSystemInfo": 1, "FindResourceExW": 2, "NtOpenKey": 27, "GetTempPathW": 1, "NtDuplicateObject": 3, "NtProtectVirtualMemory": 1, "NtAllocateVirtualMemory": 8, "GetFileSize": 1, "LoadResource": 2, "CreateActCtxW": 1, "GetFileInformationByHandleEx": 12, "NtQueryAttributesFile": 1, "GlobalMemoryStatusEx": 1, "NtQueryDirectoryFile": 7, "NtMapViewOfSection": 6, "NtCreateSection": 4, "LdrUnloadDll": 1, "SetFilePointer": 7, "OleInitialize": 1, "LdrGetDllHandle": 22, "RegOpenKeyExW": 456, "GetFileSizeEx": 12, "CreateDirectoryW": 13, "RegCloseKey": 318, "SetFileTime": 4, "LdrGetProcedureAddress": 66, "GetSystemTimeAsFileTime": 38, "RegOpenKeyExA": 5, "NtUnmapViewOfSection": 1, "NtReadFile": 165, "NtOpenFile": 2, "NtWriteFile": 23, "RegQueryValueExW": 2196, "GetVolumeNameForVolumeMountPointW": 3, "NtOpenSection": 5, "NtFreeVirtualMemory": 9, "NtClose": 98, "SetErrorMode": 1, "GetSystemDirectoryW": 13, "DeleteFileW": 2, "GetVolumePathNamesForVolumeNameW": 6, "LdrLoadDll": 28, "NtCreateFile": 36, "FindFirstFileExW": 1, "NtQuerySystemInformation": 1, "RegQueryValueExA": 1, "RegEnumKeyW": 109, "LoadStringW": 1, "NtOpenProcess": 14, "NtQueryValueKey": 9, "CoUninitialize": 15, "GetFileAttributesW": 27, "CoCreateInstance": 2, "NtCreateMutant": 2, "GetSystemWindowsDirectoryW": 7, "CoInitializeEx": 15}}