{"name": "26678fa8-a71c-11e6-8e63-80e65024849a.file", "apistats": {"NtWriteFile": 234, "NtUnmapViewOfSection": 3, "RegEnumKeyExW": 21, "NtReadFile": 23657, "CreateThread": 1, "NtOpenFile": 6, "SetStdHandle": 2, "GetForegroundWindow": 1, "LoadResource": 3, "GetFileSize": 1, "NtOpenProcess": 14, "GetNativeSystemInfo": 1, "CreateActCtxW": 1, "GetTempPathW": 1, "NtCreateMutant": 2, "FindFirstFileExW": 17, "NtDuplicateObject": 3, "SHGetFolderPathW": 93, "CoCreateInstance": 2, "NtQuerySystemInformation": 1, "LdrLoadDll": 26, "NtMapViewOfSection": 7, "NtCreateFile": 392, "GetFileAttributesW": 377, "SetErrorMode": 1, "GetSystemDirectoryW": 3, "RegOpenKeyExW": 490, "CoInitializeEx": 16, "SetUnhandledExceptionFilter": 1, "NtProtectVirtualMemory": 1, "SetFilePointer": 1835, "RegCloseKey": 326, "DrawTextExW": 2, "SetFileTime": 1, "UuidCreate": 2, "NtSetInformationFile": 2, "OleInitialize": 1, "NtClose": 143, "GetVolumeNameForVolumeMountPointW": 3, "NtQueryValueKey": 11, "RegQueryValueExA": 1, "CreateProcessInternalW": 1, "NtOpenKey": 32, "NtQueryDirectoryFile": 13, "NtAllocateVirtualMemory": 759, "NtQueryInformationFile": 3, "CreateDirectoryW": 13, "LdrGetDllHandle": 354, "GetVolumePathNamesForVolumeNameW": 6, "GetFileType": 3, "NtOpenMutant": 1, "GetSystemMetrics": 9, "FindResourceExW": 5, "NtDelayExecution": 7, "DeleteFileW": 2, "GetFileSizeEx": 12, "LoadStringW": 6, "GlobalMemoryStatusEx": 1, "RegOpenKeyExA": 5, "GetSystemTimeAsFileTime": 38, "LdrGetProcedureAddress": 396, "NtFreeVirtualMemory": 844, "NtOpenThread": 1, "NtCreateSection": 3, "LdrUnloadDll": 2, "RegEnumKeyW": 109, "GetFileInformationByHandleEx": 12, "NtOpenSection": 7, "GetSystemWindowsDirectoryW": 7, "CoUninitialize": 15, "RegQueryValueExW": 2202}, "class": "malware"}