{"class": "malware", "name": "2698a33a-f246-11e7-9a74-80e65024849a.file", "apistats": {"NtOpenKey": 2, "SetUnhandledExceptionFilter": 1, "NtProtectVirtualMemory": 30, "NtAllocateVirtualMemory": 208, "GetFileSize": 5, "GetFileInformationByHandle": 8, "CreateActCtxW": 2, "GetFileVersionInfoSizeW": 4, "NtQueryDirectoryFile": 2, "NtMapViewOfSection": 15, "NtCreateSection": 11, "SHGetFolderPathW": 2, "LdrUnloadDll": 2, "NtOpenMutant": 1, "GetSystemInfo": 62, "LdrGetDllHandle": 72, "RegOpenKeyExW": 63, "IsDebuggerPresent": 1, "NtOpenDirectoryObject": 1, "GetFileAttributesExW": 5, "RegQueryValueExW": 96, "NtDuplicateObject": 1, "GetSystemTimeAsFileTime": 5, "RegCloseKey": 39, "GetSystemWindowsDirectoryW": 2, "NtUnmapViewOfSection": 7, "NtReadFile": 10, "RegEnumKeyExW": 14, "RtlAddVectoredContinueHandler": 1, "CreateThread": 2, "GlobalMemoryStatus": 1, "NtFreeVirtualMemory": 22, "NtClose": 37, "SetErrorMode": 46, "GetSystemDirectoryW": 4, "FindFirstFileExW": 15, "NtDelayExecution": 57, "LdrLoadDll": 27, "NtCreateFile": 90, "LdrGetProcedureAddress": 206, "GetShortPathNameW": 1, "NtResumeThread": 2, "RegQueryInfoKeyW": 3, "RegEnumValueW": 3, "NtQuerySystemInformation": 1, "NtOpenProcess": 2, "NtQueryValueKey": 2, "GetFileVersionInfoW": 4, "RegOpenKeyExA": 1, "GetFileAttributesW": 18, "NtOpenKeyEx": 2, "NtCreateMutant": 4, "CoInitializeEx": 2}}