{"apistats": {"LdrUnloadDll": 4, "NtOpenSection": 2, "RegCloseKey": 22, "NtQueryKey": 7, "NtDuplicateObject": 4, "GetShortPathNameW": 1, "GetSystemInfo": 69, "CryptExportKey": 3, "NtCreateFile": 29, "IsDebuggerPresent": 2, "GetSystemWindowsDirectoryW": 1, "NtQueryValueKey": 15, "GetFileVersionInfoSizeW": 7, "NtOpenProcess": 4, "CryptHashData": 14, "GetFileAttributesW": 13, "RegQueryValueExW": 32, "CryptCreateHash": 14, "CryptAcquireContextA": 11, "GetFileSize": 3, "RegOpenKeyExW": 48, "NtDelayExecution": 1, "SetErrorMode": 38, "NtReadFile": 11, "GetFileInformationByHandle": 8, "NtMapViewOfSection": 21, "NtQuerySystemInformation": 4, "NtResumeThread": 3, "NtOpenFile": 23, "GetFileAttributesExW": 28, "CreateThread": 2, "GetSystemDirectoryW": 3, "RegQueryInfoKeyW": 2, "RtlAddVectoredExceptionHandler": 1, "RegEnumKeyExW": 58, "NtQueryDirectoryFile": 9, "CryptAcquireContextW": 1, "SetUnhandledExceptionFilter": 1, "NtFreeVirtualMemory": 1837, "NtCreateThreadEx": 1, "GetSystemTimeAsFileTime": 17, "GlobalMemoryStatusEx": 2, "NtCreateMutant": 5, "NtProtectVirtualMemory": 74, "SHGetFolderPathW": 2, "RegEnumValueW": 5, "LdrGetDllHandle": 38, "NtCreateSection": 14, "NtOpenKey": 11, "CoInitializeEx": 2, "LdrGetProcedureAddress": 208, "CopyFileW": 1, "GetFileVersionInfoW": 7, "NtAllocateVirtualMemory": 2498, "NtOpenDirectoryObject": 1, "GetFileType": 2, "SetFileAttributesW": 3, "NtOpenKeyEx": 8, "LdrLoadDll": 33, "LookupPrivilegeValueW": 1, "NtUnmapViewOfSection": 9, "NtClose": 54}, "name": "270dac91-d846-11e7-a1b4-80e65024849a.file", "class": "malware"}