{"class": "malware", "name": "272d1582-564d-11e7-9d6f-80e65024849a.file", "apistats": {"FindResourceExW": 4, "NtOpenKey": 262, "GetSystemInfo": 4, "NtProtectVirtualMemory": 51, "GetForegroundWindow": 9, "NtAllocateVirtualMemory": 89, "NtQueryInformationFile": 28, "GetFileInformationByHandle": 4, "CreateActCtxW": 1, "GetFileInformationByHandleEx": 14, "NtQueryDirectoryFile": 24, "NetShareEnum": 1, "ReadProcessMemory": 62, "SHGetFolderPathW": 5, "NtSetInformationFile": 5, "OleInitialize": 3, "LdrGetDllHandle": 46, "SetFilePointerEx": 3, "RegOpenKeyExW": 965, "NtSetValueKey": 17, "GetKeyState": 81, "LdrGetProcedureAddress": 141, "GetSystemTimeAsFileTime": 61, "EnumWindows": 2, "CryptAcquireContextW": 1, "NtOpenFile": 36, "GetFileSizeEx": 12, "GetVolumePathNameW": 1, "GetVolumeNameForVolumeMountPointW": 3, "NtFreeVirtualMemory": 23, "SetErrorMode": 181, "NtQueryFullAttributesFile": 10, "SendNotifyMessageW": 3, "NtQueryKey": 853, "GetVolumePathNamesForVolumeNameW": 6, "LdrLoadDll": 33, "NtCreateFile": 35, "FindFirstFileExW": 206, "RegEnumValueW": 4, "RegQueryValueExA": 9, "LoadStringW": 22, "NtOpenProcess": 109, "NtQueryValueKey": 115, "CoUninitialize": 14, "UuidCreate": 1, "RegQueryInfoKeyW": 2, "NtCreateKey": 17, "GetTempPathW": 1, "LookupAccountSidW": 32, "NtMapViewOfSection": 85, "GetFileSize": 1, "SHGetSpecialFolderLocation": 3, "LoadResource": 4, "NtQueryAttributesFile": 158, "GlobalMemoryStatusEx": 1, "NtCreateSection": 39, "DeviceIoControl": 1, "CoInitializeEx": 15, "SetFilePointer": 25, "NtDuplicateObject": 36, "NtWriteFile": 162, "CreateDirectoryW": 62, "RegCloseKey": 138, "SetFileTime": 3, "GetSystemMetrics": 181, "RegOpenKeyExA": 24, "NtUnmapViewOfSection": 74, "NtReadFile": 13, "RegEnumKeyExW": 20, "RegEnumKeyW": 69, "RegQueryValueExW": 2573, "NtOpenSection": 14, "GetFileAttributesW": 3, "GetSystemDirectoryW": 2, "CreateThread": 1, "NtDelayExecution": 8, "CoInitializeSecurity": 1, "GetComputerNameW": 8, "NtQuerySystemInformation": 3, "GetCursorPos": 2, "NtClose": 176, "CoCreateInstance": 1, "NtOpenKeyEx": 531, "GetSystemWindowsDirectoryW": 4, "LdrUnloadDll": 33}}