{"class": "malware", "name": "2732a987-77be-11e7-8d54-80e65024849a.file", "apistats": {"FindResourceExW": 9, "NtOpenKey": 3, "GetFileAttributesW": 3, "OleInitialize": 1, "NtProtectVirtualMemory": 3, "NtAllocateVirtualMemory": 47, "NtFreeVirtualMemory": 1, "NtQueryValueKey": 5, "SetErrorMode": 17, "LoadResource": 9, "CreateActCtxW": 2, "LdrLoadDll": 15, "SearchPathW": 2, "DrawTextExW": 2, "SetFilePointer": 2, "GetSystemInfo": 1, "LdrGetDllHandle": 5, "RegOpenKeyExW": 1, "LoadStringA": 19, "__exception__": 3, "SetWindowsHookExA": 1, "RegOpenKeyExA": 2, "NtClose": 4, "LdrGetProcedureAddress": 127, "GetSystemWindowsDirectoryW": 1, "GetSystemMetrics": 55}}