{"apistats": {"NtReadFile": 2, "FindFirstFileExW": 1, "NtClose": 67, "SHGetFolderPathW": 32, "NtOpenFile": 2, "GetFileAttributesW": 6, "GetKeyboardState": 1, "NtQueryValueKey": 6, "NtFreeVirtualMemory": 4, "LdrLoadDll": 18, "NtProtectVirtualMemory": 9, "NtCreateSection": 2, "GetSystemWindowsDirectoryW": 1, "RegOpenKeyExW": 1, "NtAllocateVirtualMemory": 21, "NtUnmapViewOfSection": 3, "CreateToolhelp32Snapshot": 10, "NtMapViewOfSection": 2, "RegCloseKey": 9, "GetFileSize": 2, "LdrUnloadDll": 1, "NtCreateThreadEx": 1, "NtResumeThread": 1, "RemoveDirectoryA": 109, "SetErrorMode": 1, "NtQueryInformationFile": 2, "FindResourceA": 1, "NtWriteFile": 1, "FindResourceExA": 1, "RegOpenKeyExA": 7, "CopyFileExW": 1, "NtCreateFile": 35, "NtCreateMutant": 1, "LdrGetProcedureAddress": 220, "NtOpenKey": 6, "RegQueryValueExA": 7, "RegCreateKeyExA": 1, "NtOpenProcess": 9, "CreateDirectoryW": 1, "Process32FirstW": 10, "Process32NextW": 168, "NtQuerySystemInformation": 1, "GlobalMemoryStatusEx": 1, "RegSetValueExA": 1, "SizeofResource": 1, "LookupPrivilegeValueW": 3, "WriteProcessMemory": 8, "GetSystemTimeAsFileTime": 1, "GetTempPathW": 1, "LoadResource": 1, "LdrGetDllHandle": 5, "CreateDirectoryExW": 96, "NtDuplicateObject": 2}, "class": "malware", "name": "277f3a61-afb8-11e6-82c1-80e65024849a.file"}