{"name": "27cbe287-310e-11e8-8b5b-80e65024849a.file", "apistats": {"RtlAddVectoredContinueHandler": 1, "NtUnmapViewOfSection": 7, "RegEnumKeyExW": 14, "NtCreateMutant": 4, "NtClose": 44, "NtQueryValueKey": 2, "LookupPrivilegeValueW": 1, "NtOpenKey": 2, "GetSystemDirectoryW": 4, "NtQueryDirectoryFile": 2, "NtAllocateVirtualMemory": 510, "GetSystemInfo": 69, "GetFileSize": 7, "NtOpenProcess": 5, "NtResumeThread": 2, "LdrGetDllHandle": 73, "NtOpenMutant": 1, "CreateThread": 2, "NtFreeVirtualMemory": 172, "NtDelayExecution": 65, "NtDuplicateObject": 1, "SHGetFolderPathW": 3, "GetFileVersionInfoSizeW": 4, "NtQuerySystemInformation": 1, "FindFirstFileExW": 15, "LoadStringW": 4, "NtReadFile": 10, "RegOpenKeyExA": 1, "LdrLoadDll": 33, "NtMapViewOfSection": 19, "RegQueryInfoKeyW": 3, "NtOpenDirectoryObject": 1, "LdrGetProcedureAddress": 249, "NtCreateFile": 101, "IsDebuggerPresent": 1, "GetFileAttributesW": 26, "GlobalMemoryStatus": 1, "NtCreateSection": 15, "GetFileVersionInfoW": 4, "RegOpenKeyExW": 70, "NtQueryAttributesFile": 3, "LdrUnloadDll": 3, "CoInitializeEx": 2, "GetFileAttributesExW": 7, "SetUnhandledExceptionFilter": 1, "RegEnumValueW": 3, "GetSystemTimeAsFileTime": 6, "NtProtectVirtualMemory": 30, "SetErrorMode": 64, "NtOpenSection": 2, "GetSystemWindowsDirectoryW": 2, "ReadProcessMemory": 5622, "RegCloseKey": 41, "RegQueryValueExW": 105, "NtOpenKeyEx": 2, "CreateActCtxW": 3, "GetShortPathNameW": 1, "GetFileInformationByHandle": 8}, "class": "malware"}