{"apistats": {"NtReadFile": 57, "NtClose": 95, "NtDeviceIoControlFile": 3, "RegDeleteKeyW": 1, "SearchPathW": 4, "NtFreeVirtualMemory": 5, "NtDuplicateObject": 8, "FindResourceW": 14, "FindFirstFileExW": 1, "GetSystemWindowsDirectoryW": 4, "CreateProcessInternalW": 1, "NtCreateKey": 98, "CoUninitialize": 2, "GetFileSize": 2, "NtTerminateProcess": 3, "EnumWindows": 2, "LdrGetProcedureAddress": 288, "SetUnhandledExceptionFilter": 1, "RegCreateKeyExA": 72, "LoadStringW": 58, "NtOpenMutant": 2, "NtWriteFile": 3, "NtSetValueKey": 102, "NtDelayExecution": 66, "NtAllocateVirtualMemory": 14, "NtMapViewOfSection": 24, "SetErrorMode": 19, "SetFilePointer": 7, "RegEnumKeyExW": 21, "SendNotifyMessageW": 3, "RegSetValueExA": 48, "NtDeleteKey": 73, "NtQueryKey": 4970, "GetCursorPos": 41, "RegEnumKeyW": 2, "RegCreateKeyExW": 16, "GetNativeSystemInfo": 1, "IsDebuggerPresent": 1, "CoInitializeEx": 6, "NtProtectVirtualMemory": 6, "GetFileAttributesW": 8, "GetForegroundWindow": 8, "GetKeyState": 26, "RegEnumKeyExA": 8, "RegCloseKey": 88, "SetEndOfFile": 1, "DrawTextExW": 162, "FindWindowW": 1, "RegQueryValueExW": 171, "NtCreateSection": 12, "NtQueryAttributesFile": 8, "CoCreateInstance": 4, "NtOpenKey": 25, "FindResourceExW": 36, "CreateDirectoryW": 9, "NtQueryDirectoryFile": 1, "SizeofResource": 6, "RegOpenKeyExW": 123, "LdrGetDllHandle": 33, "UuidCreate": 1, "NtOpenFile": 1, "NtQueryValueKey": 15, "GetFileVersionInfoW": 3, "LdrLoadDll": 42, "LdrUnloadDll": 1, "NtUnmapViewOfSection": 17, "OleInitialize": 1, "NtOpenKeyEx": 3091, "GetSystemDirectoryW": 4, "GetFileVersionInfoSizeW": 3, "RegSetValueExW": 16, "CreateActCtxW": 2, "RegOpenKeyExA": 4, "NtCreateFile": 24, "NtCreateMutant": 3, "NtOpenProcess": 18, "GetSystemInfo": 1, "GetSystemMetrics": 1039, "NtOpenSection": 4, "GetSystemTimeAsFileTime": 10, "LoadResource": 42}, "class": "malware", "name": "288ca480-564d-11e7-9bf9-80e65024849a.file"}