{"class": "malware", "name": "28abef91-e495-11e7-91a9-80e65024849a.file", "apistats": {"NtOpenKey": 2, "SetUnhandledExceptionFilter": 1, "NtProtectVirtualMemory": 28, "NtAllocateVirtualMemory": 428, "GetFileSize": 7, "GetFileInformationByHandle": 6, "CreateActCtxW": 3, "NtQueryAttributesFile": 3, "GlobalMemoryStatusEx": 6, "NtQueryDirectoryFile": 2, "NtMapViewOfSection": 17, "NtCreateSection": 14, "SHGetFolderPathW": 2, "LdrUnloadDll": 3, "NtOpenMutant": 1, "GetSystemInfo": 65, "LdrGetDllHandle": 74, "RegOpenKeyExW": 71, "IsDebuggerPresent": 1, "NtOpenDirectoryObject": 1, "RegCloseKey": 43, "RtlAddVectoredContinueHandler": 1, "NtDuplicateObject": 1, "GetSystemTimeAsFileTime": 5, "GetFileAttributesExW": 6, "GetSystemWindowsDirectoryW": 2, "NtUnmapViewOfSection": 6, "NtReadFile": 10, "RegEnumKeyExW": 14, "RegQueryValueExW": 112, "CreateThread": 2, "NtOpenSection": 2, "GlobalMemoryStatus": 1, "NtFreeVirtualMemory": 170, "NtClose": 39, "GetFileVersionInfoSizeW": 1, "SetErrorMode": 44, "GetSystemDirectoryW": 4, "FindFirstFileExW": 14, "NtDelayExecution": 72, "LdrLoadDll": 25, "NtCreateFile": 105, "LdrGetProcedureAddress": 211, "GetShortPathNameW": 1, "NtResumeThread": 2, "RegQueryInfoKeyW": 3, "RegEnumValueW": 3, "NtQuerySystemInformation": 1, "LoadStringW": 4, "NtOpenProcess": 2, "NtQueryValueKey": 2, "GetFileVersionInfoW": 1, "RegOpenKeyExA": 1, "GetFileAttributesW": 36, "NtOpenKeyEx": 2, "NtCreateMutant": 4, "CoInitializeEx": 2}}