{"apistats": {"NtOpenSection": 1, "CoUninitialize": 2, "GetForegroundWindow": 108, "LdrUnloadDll": 1, "NtCreateKey": 98, "NtTerminateProcess": 3, "SendNotifyMessageW": 2, "RegCloseKey": 21, "GetFileAttributesW": 1, "GetSystemMetrics": 34, "GetFileSize": 5, "RegOpenKeyExW": 24, "NtDelayExecution": 64, "SetErrorMode": 2, "CreateDirectoryW": 10, "GetCursorPos": 8, "RegQueryValueExA": 3, "CoCreateInstance": 11, "GetUserNameA": 1, "GetTempPathW": 2, "NtCreateFile": 3, "GetSystemTimeAsFileTime": 6, "GetComputerNameA": 1, "FindFirstFileExW": 1, "NtCreateSection": 4, "RegOpenKeyExA": 3, "NtQueryValueKey": 2, "NtDuplicateObject": 8, "DeviceIoControl": 1, "NtQueryKey": 4827, "GetSystemInfo": 1, "GetFileVersionInfoSizeW": 3, "EnumWindows": 5, "FindWindowW": 2, "GetSystemWindowsDirectoryW": 2, "NtClose": 45, "RegDeleteKeyW": 1, "NtOpenProcess": 11, "RegQueryValueExW": 34, "NtMapViewOfSection": 13, "CreateActCtxW": 2, "RegEnumKeyW": 2, "NtWriteFile": 7, "LdrGetDllHandle": 7, "GetKeyState": 51, "NtSetValueKey": 102, "NtOpenFile": 1, "GetSystemDirectoryW": 1, "SetFilePointer": 5, "NtUnmapViewOfSection": 13, "LoadStringW": 1, "__exception__": 2, "NtCreateMutant": 1, "RegCreateKeyExA": 3, "CoInitializeEx": 2, "SetUnhandledExceptionFilter": 1, "NtOpenKey": 1, "LdrGetProcedureAddress": 51, "GetFileVersionInfoW": 3, "NtOpenDirectoryObject": 1, "SetEndOfFile": 1, "NtOpenKeyEx": 3006, "LdrLoadDll": 7}, "name": "28d1a8fd-ae92-11e6-931a-80e65024849a.file", "class": "malware"}