{"name": "28f6d7dc-f246-11e7-9788-80e65024849a.file", "apistats": {"RtlAddVectoredContinueHandler": 1, "NtUnmapViewOfSection": 5, "RegEnumKeyExW": 14, "CreateThread": 4, "NtOpenFile": 1, "NtQueryValueKey": 4, "NtReadFile": 10, "NtOpenKey": 4, "GetSystemDirectoryW": 4, "NtQueryDirectoryFile": 2, "NtAllocateVirtualMemory": 521, "GetSystemInfo": 63, "GetFileSize": 7, "NtOpenProcess": 2, "NtResumeThread": 4, "LdrGetDllHandle": 87, "NtOpenMutant": 1, "NtCreateMutant": 4, "NtFreeVirtualMemory": 197, "NtDelayExecution": 68, "NtDuplicateObject": 1, "SHGetFolderPathW": 2, "GetFileVersionInfoSizeW": 2, "NtQuerySystemInformation": 1, "NtClose": 40, "FindFirstFileExW": 13, "LoadStringW": 4, "GlobalMemoryStatusEx": 10, "RegOpenKeyExA": 1, "LdrLoadDll": 29, "NtMapViewOfSection": 15, "RegQueryInfoKeyW": 3, "NtOpenDirectoryObject": 1, "LdrGetProcedureAddress": 241, "NtCreateFile": 96, "IsDebuggerPresent": 1, "GetFileAttributesW": 30, "GlobalMemoryStatus": 1, "NtCreateSection": 13, "GetFileVersionInfoW": 2, "RegOpenKeyExW": 69, "NtQueryAttributesFile": 3, "LdrUnloadDll": 3, "CoInitializeEx": 4, "GetFileAttributesExW": 6, "NtDeviceIoControlFile": 1, "SetUnhandledExceptionFilter": 1, "RegEnumValueW": 3, "GetSystemTimeAsFileTime": 5, "NtProtectVirtualMemory": 48, "SetErrorMode": 46, "NtOpenSection": 2, "GetSystemWindowsDirectoryW": 2, "RegCloseKey": 41, "RegQueryValueExW": 104, "NtOpenKeyEx": 2, "CreateActCtxW": 3, "GetShortPathNameW": 1, "GetFileInformationByHandle": 4}, "class": "malware"}