{"class": "malware", "apistats": {"GetSystemWindowsDirectoryW": 7, "DrawTextExW": 3, "SHGetSpecialFolderLocation": 3, "CreateToolhelp32Snapshot": 3, "NtCreateFile": 1, "LdrUnloadDll": 3, "FindResourceW": 5, "GetFileVersionInfoSizeW": 1, "NtOpenKey": 7, "NtOpenMutant": 3, "NtOpenFile": 1, "FindResourceExW": 29, "RegOpenKeyExA": 9, "OleInitialize": 2, "RegCreateKeyExW": 1, "CoUninitialize": 3, "closesocket": 4, "GetTempPathW": 2, "LdrGetProcedureAddress": 1185, "NtAllocateVirtualMemory": 50, "GetCursorPos": 58, "GetKeyState": 6, "GetSystemTimeAsFileTime": 3, "GetVolumeNameForVolumeMountPointW": 2, "GetBestInterfaceEx": 6, "EnumWindows": 1, "GetFileType": 3, "NtFreeVirtualMemory": 16, "RegCloseKey": 43, "NtProtectVirtualMemory": 25, "RegSetValueExW": 1, "GetVolumePathNamesForVolumeNameW": 6, "NtDeviceIoControlFile": 23, "CoInitializeEx": 6, "RegEnumKeyExW": 33, "RegEnumValueW": 2, "FindFirstFileExW": 7, "Process32NextW": 96, "GetNativeSystemInfo": 2, "NtMapViewOfSection": 3, "CreateDirectoryW": 4, "GlobalMemoryStatusEx": 1, "WSAStartup": 8, "NtDuplicateObject": 9, "NtClose": 57, "RegQueryValueExW": 40, "socket": 4, "InternetSetOptionA": 2, "Process32FirstW": 3, "LoadStringW": 72, "RegQueryInfoKeyW": 1, "LoadResource": 31, "NtQueryValueKey": 6, "NtOpenSection": 2, "RegOpenKeyExW": 60, "GetFileVersionInfoW": 1, "RegQueryValueExA": 13, "LdrGetDllHandle": 28, "NtQuerySystemInformation": 1, "GetSystemInfo": 3, "SizeofResource": 4, "NtQueryInformationFile": 1, "SetErrorMode": 6, "NtCreateMutant": 6, "GetFileAttributesW": 11, "SetWindowsHookExW": 1, "setsockopt": 4, "GetSystemMetrics": 60, "NtResumeThread": 1, "NtCreateSection": 1, "NtUnmapViewOfSection": 2, "SetUnhandledExceptionFilter": 1, "CreateThread": 2, "GetSystemDirectoryW": 4, "LdrLoadDll": 74}, "name": "2975e08a-564d-11e7-a570-80e65024849a.file"}