{"apistats": {"GetSystemInfo": 1, "IsDebuggerPresent": 1, "GetSystemWindowsDirectoryW": 1, "NtQueryValueKey": 2, "GetFileAttributesW": 2, "NtMapViewOfSection": 6, "GetSystemMetrics": 6, "SizeofResource": 1, "GetFileSize": 4, "SetErrorMode": 2, "NtAllocateVirtualMemory": 13, "CreateDirectoryW": 1, "NtWriteFile": 1, "LdrGetDllHandle": 5, "NtFreeVirtualMemory": 6, "NtReadFile": 23, "LoadStringA": 39, "SetFilePointer": 10, "__exception__": 1, "NtCreateFile": 10, "NtQueryAttributesFile": 2, "NtProtectVirtualMemory": 6, "NtCreateSection": 5, "NtOpenKey": 1, "LoadResource": 1, "LdrGetProcedureAddress": 15, "SetEndOfFile": 1, "LdrLoadDll": 8, "FindResourceA": 1, "CreateProcessInternalW": 1, "NtClose": 14}, "name": "29ad588f-c364-11e6-85c5-80e65024849a.file", "class": "malware"}