{"class": "malware", "name": "29c7f05e-ae92-11e6-a6da-80e65024849a.file", "apistats": {"FindResourceExW": 5, "NtOpenKey": 52, "GlobalMemoryStatusEx": 1, "NtProtectVirtualMemory": 35, "GetForegroundWindow": 1, "NtAllocateVirtualMemory": 17, "NtQueryInformationFile": 12, "InternetCrackUrlA": 1, "CreateActCtxW": 3, "GetFileInformationByHandleEx": 12, "NtQueryDirectoryFile": 76, "NtMapViewOfSection": 13, "DrawTextExW": 2, "NtSetInformationFile": 14, "OleInitialize": 2, "LdrGetDllHandle": 94, "SetFilePointerEx": 1, "RegOpenKeyExW": 473, "InternetQueryOptionA": 1, "LdrGetProcedureAddress": 158, "GetSystemTimeAsFileTime": 38, "NtOpenFile": 16, "NtWriteFile": 8, "NtUnmapViewOfSection": 14, "NtFreeVirtualMemory": 7, "NtOpenMutant": 1, "SetErrorMode": 75, "GetFileSizeEx": 12, "FindFirstFileExW": 182, "GetVolumePathNamesForVolumeNameW": 6, "LdrLoadDll": 26, "NtCreateFile": 43, "NtDeviceIoControlFile": 2, "RegQueryValueExA": 4, "LoadStringW": 5, "NtOpenProcess": 14, "GetFileSize": 1, "CoUninitialize": 18, "UuidCreate": 2, "NtTerminateProcess": 3, "NtQueryAttributesFile": 58, "GetTempPathW": 1, "IWbemServices_ExecQuery": 2, "closesocket": 1, "NtQueryValueKey": 21, "LoadResource": 4, "WSAStartup": 3, "setsockopt": 1, "NtCreateSection": 9, "LdrUnloadDll": 9, "SetFilePointer": 8, "NtDuplicateObject": 6, "InternetCloseHandle": 1, "CoCreateInstanceEx": 2, "RegEnumKeyW": 109, "CreateDirectoryW": 8, "RegCloseKey": 373, "GetVolumeNameForVolumeMountPointW": 3, "RemoveDirectoryA": 1, "socket": 1, "GetSystemMetrics": 31, "RegOpenKeyExA": 6, "CreateThread": 3, "NtReadFile": 96, "InternetOpenA": 1, "FindResourceExA": 1, "RegQueryValueExW": 2202, "NtOpenSection": 7, "GetSystemDirectoryW": 1, "GetComputerNameW": 2, "NtQuerySystemInformation": 1, "CoGetClassObject": 2, "NtClose": 404, "CoCreateInstance": 6, "NtOpenKeyEx": 4, "GetSystemWindowsDirectoryW": 2, "CoInitializeEx": 16, "RegEnumKeyExW": 21}}