{"name": "29e94d3a-77be-11e7-9300-80e65024849a.file", "apistats": {"RegCloseKey": 46, "InternetOpenA": 1, "RegEnumKeyExW": 4, "RegCreateKeyExW": 14, "socket": 6, "NtClose": 84, "NtOpenKey": 6, "NtQueryKey": 6, "NtAllocateVirtualMemory": 16, "closesocket": 6, "setsockopt": 6, "CoInitializeEx": 9, "NtCreateMutant": 23, "NtDelayExecution": 13, "RegDeleteValueW": 6, "CoCreateInstance": 10, "GetAdaptersAddresses": 2, "WSAStartup": 8, "NtDuplicateObject": 5, "LdrLoadDll": 5, "NtOpenDirectoryObject": 1, "LdrGetProcedureAddress": 29, "RegOpenKeyExW": 45, "GetBestInterfaceEx": 4, "NtDeviceIoControlFile": 46, "SetUnhandledExceptionFilter": 1, "RegSetValueExW": 28, "NtProtectVirtualMemory": 37, "CoUninitialize": 8, "GetSystemTimeAsFileTime": 8, "GetAddrInfoW": 2, "RegQueryValueExW": 60}, "class": "malware"}