{"apistats": {"NtOpenSection": 1, "RegCloseKey": 68, "LdrUnloadDll": 4, "GetFileVersionInfoSizeW": 7, "GetFileAttributesW": 11, "CryptCreateHash": 1, "FindFirstFileExW": 4, "NtCreateThreadEx": 1, "GetFileSize": 4, "RegOpenKeyExW": 43, "NtDelayExecution": 99, "NtDuplicateObject": 7, "SetErrorMode": 28, "NtAllocateVirtualMemory": 1284, "GetFileInformationByHandle": 6, "RegOpenKeyExA": 44, "CertCreateCertificateContext": 4, "NtResumeThread": 3, "CryptAcquireContextA": 1, "GetFileAttributesExW": 20, "CoCreateInstance": 2, "RegEnumKeyExW": 58, "CryptDecodeObjectEx": 4, "NtCreateFile": 24, "GetSystemTimeAsFileTime": 20, "GlobalMemoryStatusEx": 2, "RegEnumKeyExA": 34, "RegEnumValueW": 5, "LdrGetDllHandle": 44, "NtCreateSection": 9, "RegSetValueExW": 4, "CoInitializeSecurity": 1, "IsDebuggerPresent": 2, "CreateProcessInternalW": 1, "NtQueryValueKey": 37, "RegCreateKeyExW": 8, "GetNativeSystemInfo": 3, "NtQueryKey": 40, "GetShortPathNameW": 1, "GetSystemInfo": 60, "NtSetValueKey": 7, "GetSystemWindowsDirectoryW": 1, "NtClose": 107, "NtOpenProcess": 4, "CryptHashData": 1, "RegQueryValueExW": 31, "NtMapViewOfSection": 15, "RtlAddVectoredExceptionHandler": 1, "CreateActCtxW": 1, "NtDeviceIoControlFile": 3, "NtReadFile": 18, "NtFreeVirtualMemory": 784, "NtQuerySystemInformation": 3, "NtEnumerateValueKey": 1, "CertOpenStore": 2, "NtOpenFile": 17, "CreateThread": 3, "NtUnmapViewOfSection": 5, "RegQueryInfoKeyW": 2, "SetFilePointer": 2, "GetSystemDirectoryW": 4, "NtQueryDirectoryFile": 7, "SetUnhandledExceptionFilter": 1, "CertOpenSystemStoreA": 1, "NtQueryAttributesFile": 2, "NtCreateMutant": 5, "NtProtectVirtualMemory": 70, "CoInitializeEx": 2, "RegDeleteValueW": 4, "GlobalMemoryStatus": 1, "LoadStringW": 169, "NtOpenKey": 33, "LdrGetProcedureAddress": 280, "GetFileVersionInfoW": 6, "NtEnumerateKey": 2, "NtOpenDirectoryObject": 1, "NtOpenKeyEx": 35, "LdrLoadDll": 34, "UuidCreate": 2}, "name": "2a208c66-ae92-11e6-b8cf-80e65024849a.file", "class": "malware"}