{"apistats": {"NtDeviceIoControlFile": 1, "NtProtectVirtualMemory": 11, "NtClose": 18, "NtSetContextThread": 1, "NtOpenFile": 1, "NtQueryValueKey": 10, "NtFreeVirtualMemory": 1, "LdrLoadDll": 7, "NtAllocateVirtualMemory": 6, "GetSystemWindowsDirectoryW": 1, "CreateProcessInternalW": 1, "NtMapViewOfSection": 1, "RegCloseKey": 2, "LdrUnloadDll": 1, "GetSystemDirectoryW": 1, "NtTerminateProcess": 3, "NtCreateThreadEx": 1, "DeviceIoControl": 1, "NtResumeThread": 1, "NtCreateSection": 1, "RegOpenKeyExA": 2, "NtCreateFile": 2, "NtCreateMutant": 5, "LdrGetProcedureAddress": 35, "GetFileType": 3, "NtOpenKey": 10, "RegQueryValueExA": 1, "SetUnhandledExceptionFilter": 1, "LdrGetDllHandle": 2, "ReadProcessMemory": 1, "NtQuerySystemInformation": 1, "GlobalMemoryStatusEx": 1, "RegOpenKeyExW": 2, "RegQueryValueExW": 1, "WriteConsoleW": 40, "WriteProcessMemory": 7, "GetSystemTimeAsFileTime": 4, "NtGetContextThread": 1, "NtDuplicateObject": 2}, "class": "malware", "name": "2ab04a9c-0c34-11e8-a871-80e65024849a.file"}