{"class": "malware", "name": "2b669fb5-c05f-11e7-8858-80e65024849a.file", "apistats": {"FindResourceExW": 9, "NtOpenKey": 7, "GetFileAttributesW": 3, "OleInitialize": 1, "NtProtectVirtualMemory": 3, "NtAllocateVirtualMemory": 29, "NtFreeVirtualMemory": 1, "NtQueryValueKey": 5, "SetErrorMode": 9, "LoadResource": 9, "LdrLoadDll": 10, "LdrGetProcedureAddress": 108, "NtDeviceIoControlFile": 4, "DrawTextExW": 2, "GetSystemInfo": 1, "LdrGetDllHandle": 5, "LoadStringA": 19, "SetWindowsHookExA": 1, "RegOpenKeyExA": 3, "NtClose": 12, "SearchPathW": 2, "GetSystemMetrics": 21}}