{"apistats": {"NtOpenSection": 1, "CoUninitialize": 1, "RegCloseKey": 47, "LdrUnloadDll": 3, "GetFileAttributesExW": 6, "NtTerminateProcess": 3, "GetFileVersionInfoSizeW": 3, "GetFileAttributesW": 43, "GetFileSize": 7, "RegOpenKeyExW": 75, "NtDelayExecution": 95, "SetErrorMode": 66, "NtAllocateVirtualMemory": 597, "ReadProcessMemory": 2250, "RegOpenKeyExA": 1, "DeleteFileW": 3, "NtResumeThread": 6, "CoInitializeEx": 6, "GetFileInformationByHandle": 8, "RegEnumKeyExW": 14, "NtCreateFile": 125, "GetSystemTimeAsFileTime": 6, "GlobalMemoryStatusEx": 7, "FindFirstFileExW": 15, "RegEnumValueW": 3, "NtCreateSection": 15, "NtOpenMutant": 1, "LoadResource": 1, "GetFileType": 4, "GetSystemWindowsDirectoryW": 2, "CreateProcessInternalW": 1, "NtQueryValueKey": 4, "NtDuplicateObject": 1, "CopyFileW": 1, "WriteProcessMemory": 1, "GetShortPathNameW": 1, "GetSystemInfo": 77, "LdrGetProcedureAddress": 283, "IsDebuggerPresent": 1, "LookupPrivilegeValueW": 1, "NtClose": 45, "NtOpenProcess": 4, "RegQueryValueExW": 131, "NtMapViewOfSection": 20, "RtlAddVectoredContinueHandler": 1, "SizeofResource": 1, "CreateActCtxW": 3, "NtDeviceIoControlFile": 1, "NtReadFile": 10, "NtWriteFile": 1, "LdrGetDllHandle": 99, "NtQuerySystemInformation": 1, "NtOpenFile": 1, "CreateThread": 6, "NtUnmapViewOfSection": 7, "RegQueryInfoKeyW": 3, "SetFilePointer": 55, "GetSystemDirectoryW": 4, "NtQueryDirectoryFile": 2, "SetUnhandledExceptionFilter": 1, "NtFreeVirtualMemory": 209, "NtQueryAttributesFile": 3, "NtCreateMutant": 4, "NtProtectVirtualMemory": 91, "SHGetFolderPathW": 2, "GlobalMemoryStatus": 1, "LoadStringW": 6, "NtOpenKey": 4, "FindResourceW": 1, "NtOpenThread": 1, "GetFileVersionInfoW": 3, "NtOpenDirectoryObject": 1, "NtOpenKeyEx": 2, "LdrLoadDll": 35}, "name": "2bd8079e-f246-11e7-a1cc-80e65024849a.file", "class": "malware"}