{"class": "malware", "name": "2c8489a1-afb8-11e6-af7d-80e65024849a.file", "apistats": {"GetNativeSystemInfo": 1, "FindResourceExW": 2, "NtOpenKey": 27, "GetTempPathW": 1, "GetFileAttributesW": 19, "NtDuplicateObject": 3, "NtProtectVirtualMemory": 1, "NtAllocateVirtualMemory": 8, "GetFileSize": 2, "LoadResource": 2, "CreateActCtxW": 1, "GetFileInformationByHandleEx": 12, "GlobalMemoryStatusEx": 1, "NtQueryDirectoryFile": 7, "NtMapViewOfSection": 5, "NtCreateSection": 3, "LdrUnloadDll": 1, "SetFilePointer": 6, "OleInitialize": 1, "LdrGetDllHandle": 11, "RegOpenKeyExW": 456, "GetFileSizeEx": 12, "CreateDirectoryW": 13, "RegCloseKey": 318, "SetFileTime": 2, "LdrGetProcedureAddress": 49, "GetSystemTimeAsFileTime": 38, "RegOpenKeyExA": 5, "NtUnmapViewOfSection": 1, "NtReadFile": 131, "NtOpenFile": 2, "NtWriteFile": 8, "RegQueryValueExW": 2197, "GetVolumeNameForVolumeMountPointW": 3, "NtOpenSection": 5, "NtFreeVirtualMemory": 2, "SetErrorMode": 1, "GetSystemDirectoryW": 2, "DeleteFileW": 2, "GetVolumePathNamesForVolumeNameW": 6, "LdrLoadDll": 18, "NtCreateFile": 29, "FindFirstFileExW": 1, "NtQuerySystemInformation": 1, "RegQueryValueExA": 1, "RegEnumKeyW": 109, "LoadStringW": 1, "NtOpenProcess": 14, "NtQueryValueKey": 9, "CoUninitialize": 15, "NtClose": 91, "CoCreateInstance": 2, "NtCreateMutant": 2, "GetSystemWindowsDirectoryW": 7, "CoInitializeEx": 15}}