{"class": "malware", "name": "2cbf3cd7-aef1-11e6-8fe8-80e65024849a.file", "apistats": {"CryptHashData": 1, "NtOpenKey": 6, "SetUnhandledExceptionFilter": 2, "NtProtectVirtualMemory": 40, "GetAddrInfoW": 2, "NtDeviceIoControlFile": 46, "closesocket": 6, "NtQueryKey": 6, "LdrGetDllHandle": 29, "GetBestInterfaceEx": 4, "RegSetValueExW": 29, "NtQueryInformationFile": 1, "setsockopt": 6, "SHGetFolderPathW": 1, "CoInitializeEx": 9, "InternetOpenW": 1, "NtDuplicateObject": 4, "socket": 6, "RegOpenKeyExW": 46, "RegCloseKey": 48, "RegQueryValueExW": 60, "LdrGetProcedureAddress": 76, "GetSystemTimeAsFileTime": 9, "CryptAcquireContextW": 1, "NtOpenFile": 1, "GetVolumePathNameW": 1, "CreateThread": 1, "WSAStartup": 8, "NtFreeVirtualMemory": 3, "NtClose": 66, "SetErrorMode": 5, "FindFirstFileExW": 8, "LdrLoadDll": 7, "NtAllocateVirtualMemory": 19, "InternetSetOptionA": 3, "RegDeleteValueW": 7, "CryptCreateHash": 1, "UuidCreate": 1, "CoUninitialize": 8, "GetAdaptersAddresses": 2, "GetFileAttributesW": 8, "CoCreateInstance": 10, "RegEnumKeyExW": 4, "RegCreateKeyExW": 15}}