{"class": "malware", "name": "2d3ccfae-c05f-11e7-9d52-80e65024849a.file", "apistats": {"GetNativeSystemInfo": 1, "NtProtectVirtualMemory": 7, "GetForegroundWindow": 1, "NtAllocateVirtualMemory": 36, "NtQueryValueKey": 1, "OutputDebugStringA": 1, "CreateToolhelp32Snapshot": 1, "NtCreateSection": 2, "LdrUnloadDll": 1, "SetFilePointer": 1, "GetSystemInfo": 2, "LdrGetDllHandle": 24, "RegCloseKey": 2, "LdrGetProcedureAddress": 24, "FindWindowA": 14, "NtReadFile": 1, "NtUnmapViewOfSection": 1, "GetSystemDirectoryA": 2, "NtFreeVirtualMemory": 19, "NtMapViewOfSection": 2, "NtDelayExecution": 1, "LdrLoadDll": 9, "NtCreateFile": 6, "NtQuerySystemInformation": 16, "RegQueryValueExA": 3, "Process32NextW": 1, "__exception__": 115, "IsDebuggerPresent": 1, "RegOpenKeyExA": 4, "NtClose": 11, "GetSystemWindowsDirectoryW": 1, "Process32FirstW": 1, "timeGetTime": 2012}}