{"name": "2d4ff10a-564d-11e7-8d4b-80e65024849a.file", "apistats": {"OleInitialize": 2, "NtOpenFile": 3, "GetVolumeNameForVolumeMountPointW": 3, "NtQueryValueKey": 11, "RegQueryValueExA": 1, "NtReadFile": 89, "NtFreeVirtualMemory": 13, "NtOpenKey": 32, "SetFilePointer": 4, "NtAllocateVirtualMemory": 3, "LoadResource": 2, "GetFileSize": 1, "NtOpenProcess": 14, "NtMapViewOfSection": 11, "LdrGetDllHandle": 21, "GetVolumePathNamesForVolumeNameW": 6, "CreateActCtxW": 2, "GetTempPathW": 1, "FindResourceExW": 2, "NtQueryDirectoryFile": 74, "NtDuplicateObject": 3, "CoInitializeEx": 15, "CoCreateInstance": 2, "GetFileSizeEx": 12, "NtQuerySystemInformation": 1, "GlobalMemoryStatusEx": 1, "RegOpenKeyExA": 3, "LdrLoadDll": 16, "CreateDirectoryW": 2, "NtClose": 172, "GetSystemTimeAsFileTime": 38, "LdrGetProcedureAddress": 64, "NtCreateFile": 32, "NtTerminateProcess": 3, "SetFilePointerEx": 1, "NtUnmapViewOfSection": 12, "NtCreateSection": 9, "FindFirstFileExW": 14, "RegOpenKeyExW": 450, "NtQueryAttributesFile": 8, "LdrUnloadDll": 4, "RegEnumKeyW": 109, "NtQueryInformationFile": 4, "NtSetInformationFile": 1, "GetFileInformationByHandleEx": 12, "NtProtectVirtualMemory": 8, "SetErrorMode": 13, "NtOpenSection": 5, "GetSystemWindowsDirectoryW": 2, "CoUninitialize": 17, "RegCloseKey": 340, "NtOpenKeyEx": 4, "RegQueryValueExW": 2195}, "class": "malware"}