{"apistats": {"GetUserNameExW": 4, "NtOpenSection": 20, "GetForegroundWindow": 139, "GetUserNameExA": 2, "GetAdaptersAddresses": 2, "GetFileAttributesW": 9, "GetVolumePathNamesForVolumeNameW": 6, "RegEnumKeyExA": 4, "RegOpenKeyExW": 309, "NtDelayExecution": 57, "InternetQueryOptionA": 1, "GetFileInformationByHandle": 1, "RegOpenKeyExA": 162, "GetCursorPos": 8, "FindWindowExA": 170, "GetUserNameA": 1, "GetTempPathW": 2, "NtCreateFile": 68, "GetSystemTimeAsFileTime": 166, "NtLoadDriver": 1, "GlobalMemoryStatusEx": 3, "InternetSetOptionA": 19, "GetAdaptersInfo": 2, "LoadResource": 15, "SetFileAttributesW": 3, "NtQueryInformationFile": 2, "RegCreateKeyExW": 26, "DeviceIoControl": 1, "InternetSetStatusCallback": 1, "NtQueryKey": 5030, "WriteProcessMemory": 104, "RegQueryValueExA": 161, "RemoveDirectoryW": 12, "EnumWindows": 6, "IsDebuggerPresent": 2, "LookupPrivilegeValueW": 1, "NtQueryValueKey": 879, "RegCreateKeyExA": 4, "RegQueryValueExW": 298, "CreateActCtxW": 7, "NtDeviceIoControlFile": 44, "NtReadFile": 23, "RegEnumValueA": 138, "NtWriteFile": 16, "LdrGetDllHandle": 3, "NtQuerySystemInformation": 13, "NtSetValueKey": 114, "LoadStringA": 124, "CreateThread": 15, "GetSystemDirectoryW": 3, "LoadStringW": 1, "GetVolumeNameForVolumeMountPointW": 2, "GetSystemDirectoryA": 1, "NtProtectVirtualMemory": 192, "CoInitializeEx": 88, "RegDeleteValueW": 10, "socket": 7, "RegSetValueExW": 38, "DeleteUrlCacheEntryA": 62, "LdrGetProcedureAddress": 1, "RegSetValueExA": 6, "LdrLoadDll": 64, "UuidCreate": 1, "CreateToolhelp32Snapshot": 14, "CoUninitialize": 89, "RegCloseKey": 1068, "GetBestInterfaceEx": 4, "GetNativeSystemInfo": 2, "NtSetInformationFile": 1, "NtCreateKey": 99, "WSAStartup": 10, "SendNotifyMessageW": 3, "GetSystemMetrics": 430, "GetFileSize": 10, "SetErrorMode": 8, "NtAllocateVirtualMemory": 177, "ReadProcessMemory": 3, "CreateDirectoryW": 3, "DeleteFileW": 420, "GetComputerNameW": 2, "NtResumeThread": 6, "SHGetFolderPathW": 21, "CoCreateInstance": 22, "RegEnumKeyExW": 23, "NetShareEnum": 7, "GetComputerNameA": 1, "FindFirstFileExW": 90, "closesocket": 7, "RegEnumValueW": 22, "NtCreateSection": 1, "NtOpenMutant": 7, "SetWindowsHookExW": 2, "HttpSendRequestW": 1, "GetFileType": 10, "InternetOpenW": 1, "RegDeleteKeyA": 3, "NtDuplicateObject": 54, "GetShortPathNameW": 4, "GetSystemInfo": 2, "setsockopt": 5, "GetFileInformationByHandleEx": 27, "FindWindowW": 2, "GetSystemWindowsDirectoryW": 9, "NtClose": 789, "RegDeleteKeyW": 1, "NtOpenProcess": 5, "FindWindowA": 4, "HttpOpenRequestW": 1, "NtMapViewOfSection": 55, "Process32NextW": 421, "InternetConnectW": 1, "GetFileSizeEx": 19, "RegEnumKeyW": 438, "NtOpenDirectoryObject": 106, "Process32FirstW": 14, "GetKeyState": 88, "LdrUnloadDll": 4, "OleInitialize": 3, "NtOpenFile": 4, "RegQueryInfoKeyW": 11, "SetFilePointer": 60300, "NtUnmapViewOfSection": 54, "NtQueryDirectoryFile": 44, "SetUnhandledExceptionFilter": 1, "gethostbyname": 1, "__exception__": 1, "NtFreeVirtualMemory": 120, "NtQueryAttributesFile": 9, "RegQueryInfoKeyA": 1, "NtCreateMutant": 11, "GetAddrInfoW": 2, "GetFileAttributesExW": 4, "NtOpenKey": 45, "FindResourceExW": 17, "SHGetSpecialFolderLocation": 9, "NtOpenKeyEx": 3143}, "name": "2d8dd042-ca8e-11e6-aa9a-80e65024849a.file", "class": "malware"}