{"apistats": {"NtOpenSection": 2, "RegCloseKey": 49, "NtDuplicateObject": 2, "NtCreateKey": 3, "CryptEncrypt": 3, "GetFileVersionInfoSizeW": 6, "CoInitializeEx": 2, "GetFileAttributesW": 35, "CryptCreateHash": 12004, "GetSystemMetrics": 63, "GetFileSize": 761, "RegOpenKeyExW": 80, "NtDelayExecution": 97, "DrawTextExW": 5, "SetErrorMode": 92, "NtAllocateVirtualMemory": 1544, "GetFileInformationByHandle": 12, "RegOpenKeyExA": 1, "DeleteFileW": 1, "NtResumeThread": 2, "NtEnumerateValueKey": 246, "GetFileAttributesExW": 6, "ReadProcessMemory": 259, "RegEnumKeyExW": 14, "CryptAcquireContextW": 5, "FindResourceExW": 3, "NtCreateFile": 894, "GetSystemTimeAsFileTime": 8, "FindFirstFileExW": 17, "RegEnumValueW": 3, "LdrGetDllHandle": 83, "NtCreateSection": 529, "GetTimeZoneInformation": 2, "NtOpenMutant": 1, "LoadResource": 2, "LookupPrivilegeValueW": 1, "NtQueryInformationFile": 754, "NtQueryValueKey": 9, "LdrUnloadDll": 4, "NtQueryKey": 2, "GetShortPathNameW": 1, "GetSystemInfo": 86, "IsDebuggerPresent": 1, "GetSystemWindowsDirectoryW": 2, "NtClose": 1329, "NtOpenProcess": 8, "CryptHashData": 36006, "RegQueryValueExW": 141, "NtMapViewOfSection": 535, "RtlAddVectoredContinueHandler": 1, "CreateActCtxW": 4, "NtDeviceIoControlFile": 1, "NtReadFile": 10, "NtFreeVirtualMemory": 669, "NtQuerySystemInformation": 1, "NtSetValueKey": 1, "NtOpenFile": 1, "CreateThread": 3, "NtUnmapViewOfSection": 518, "RegQueryInfoKeyW": 3, "GetSystemDirectoryW": 6, "NtQueryDirectoryFile": 2, "SetUnhandledExceptionFilter": 1, "NtQueryAttributesFile": 3, "CryptDecrypt": 1532, "NtCreateMutant": 4, "NtProtectVirtualMemory": 34, "SHGetFolderPathW": 5, "GlobalMemoryStatus": 1, "SearchPathW": 247, "NtOpenKey": 7, "LdrGetProcedureAddress": 421, "LoadStringW": 4, "GetFileVersionInfoW": 6, "NtOpenDirectoryObject": 1, "NtOpenKeyEx": 4, "LdrLoadDll": 50}, "name": "2eacf3a6-d846-11e7-8f23-80e65024849a.file", "class": "malware"}