{"apistats": {"RegCreateKeyExW": 1, "NtDuplicateObject": 2, "RegCloseKey": 5, "GetComputerNameW": 1, "GetSystemInfo": 2, "RegQueryValueExA": 2, "WSAStartup": 1, "NtResumeThread": 1, "NtQueryValueKey": 5, "GetFileAttributesW": 1, "RegQueryValueExW": 4, "NtFreeVirtualMemory": 2, "NtCreateThreadEx": 1, "GetFileSize": 1, "RegOpenKeyExW": 5, "NtReadFile": 1, "RegOpenKeyExA": 4, "NtOpenDirectoryObject": 1, "NtQuerySystemInformation": 1, "NtAllocateVirtualMemory": 5, "GetUserNameW": 1, "GetSystemDirectoryW": 1, "SetUnhandledExceptionFilter": 1, "NtCreateFile": 1, "GetSystemTimeAsFileTime": 2, "GlobalMemoryStatusEx": 1, "NtCreateMutant": 1, "NtProtectVirtualMemory": 2, "LdrGetDllHandle": 3, "socket": 1, "NtOpenKey": 5, "LdrGetProcedureAddress": 208, "LdrLoadDll": 20, "NtClose": 14}, "name": "2f059ff8-df56-11e7-8cbf-80e65024849a.file", "class": "malware"}