{"class": "malware", "apistats": {"GetSystemWindowsDirectoryW": 1, "FindFirstFileExW": 97, "GetNativeSystemInfo": 2, "NtMapViewOfSection": 2, "RegOpenKeyExA": 364, "NtCreateFile": 79, "WSAStartup": 1, "NtClose": 23, "RegEnumKeyExA": 13, "RegQueryValueExW": 1, "NtQueryDirectoryFile": 8, "NtOpenFile": 2, "SHGetFolderPathW": 83, "NtQueryValueKey": 1, "StartServiceA": 1, "OleInitialize": 1, "LookupPrivilegeValueW": 8, "GetFileSize": 1, "OpenSCManagerW": 1, "RegOpenKeyExW": 1, "NtReadFile": 2, "GetTempPathW": 1, "RegQueryValueExA": 40, "LdrGetDllHandle": 14, "NtAllocateVirtualMemory": 12, "NtQueryInformationFile": 2, "GetSystemTimeAsFileTime": 2, "OpenServiceW": 2, "LdrLoadDll": 39, "LdrGetProcedureAddress": 51, "RegCreateKeyExA": 1, "GetUserNameA": 1, "NtFreeVirtualMemory": 3, "RegCloseKey": 40, "NtProtectVirtualMemory": 4, "UuidCreate": 1, "NtCreateSection": 2, "NtUnmapViewOfSection": 1, "SetUnhandledExceptionFilter": 1, "RegSetValueExA": 1}, "name": "2f2a9642-afb8-11e6-9493-80e65024849a.file"}