{"class": "malware", "name": "2f8e794a-4ffa-11e7-b813-80e65024849a.file", "apistats": {"FindResourceExW": 24, "NtOpenKey": 7, "NtDuplicateObject": 4, "NtProtectVirtualMemory": 28, "FindWindowW": 2, "NtDeviceIoControlFile": 2, "LdrGetDllHandle": 15, "RegDeleteKeyA": 1, "RegSetValueExW": 8, "RegCreateKeyExA": 2, "DrawTextExW": 4, "SetWindowsHookExW": 2, "OleInitialize": 2, "socket": 1, "RegOpenKeyExW": 112, "LdrGetProcedureAddress": 145, "GetSystemTimeAsFileTime": 1, "FindWindowA": 1, "RegQueryInfoKeyA": 1, "NtFreeVirtualMemory": 5, "SetErrorMode": 4, "NtMapViewOfSection": 4, "LdrLoadDll": 16, "NtCreateFile": 2, "NtAllocateVirtualMemory": 13, "InternetSetOptionA": 2, "RegQueryValueExA": 1, "LoadStringA": 112, "NtQueryValueKey": 7, "CoUninitialize": 2, "NtCreateMutant": 2, "NtTerminateProcess": 3, "RegCreateKeyExW": 1, "GetTempPathW": 1, "closesocket": 1, "GetFileSize": 1, "LoadResource": 25, "GetUserNameExW": 1, "FindResourceA": 2, "NtQueryAttributesFile": 4, "setsockopt": 1, "NtCreateSection": 4, "LdrUnloadDll": 11, "SetFilePointer": 27, "GetSystemInfo": 2, "RegCloseKey": 64, "WSAStartup": 2, "GetSystemMetrics": 29, "RegOpenKeyExA": 8, "NtUnmapViewOfSection": 4, "NtReadFile": 24, "NtCreateThreadEx": 1, "RegEnumKeyExW": 12, "RegQueryValueExW": 18, "UnhookWindowsHookEx": 2, "NtOpenSection": 1, "RegSetValueExA": 2, "GetSystemDirectoryW": 1, "GlobalMemoryStatusEx": 1, "SizeofResource": 1, "NtResumeThread": 1, "RegQueryInfoKeyW": 2, "NtQuerySystemInformation": 1, "GetFileVersionInfoSizeW": 1, "GetCursorPos": 2, "GetFileVersionInfoW": 1, "RegDeleteValueW": 2, "NtClose": 60, "CoCreateInstance": 1, "GetSystemWindowsDirectoryW": 1, "CoInitializeEx": 1}}