{"class": "malware", "name": "2fb8a730-9757-11e6-a7d7-80e65024849a.file", "apistats": {"GetNativeSystemInfo": 1, "FindResourceExW": 7, "NtOpenKey": 3, "SetUnhandledExceptionFilter": 1, "NtProtectVirtualMemory": 1, "InternetCrackUrlW": 2, "GetForegroundWindow": 1, "NtAllocateVirtualMemory": 2, "FindResourceExA": 2, "CreateActCtxW": 1, "GetFileInformationByHandleEx": 12, "NtQueryDirectoryFile": 7, "NtMapViewOfSection": 1, "CoGetClassObject": 3, "OleInitialize": 1, "LdrGetDllHandle": 2, "GetVolumePathNamesForVolumeNameW": 6, "RegOpenKeyExW": 3, "NtOpenDirectoryObject": 1, "SetFilePointer": 9, "LdrGetProcedureAddress": 6, "GetSystemTimeAsFileTime": 2, "NtOpenFile": 4, "NtWriteFile": 7, "SetFileTime": 2, "GetSystemDirectoryA": 6, "NtFreeVirtualMemory": 36, "SetErrorMode": 3, "FindFirstFileExW": 14, "NtDelayExecution": 13, "LdrLoadDll": 1, "NtCreateFile": 1, "FindWindowExA": 3, "NtDeviceIoControlFile": 1, "RegQueryValueExA": 1, "LoadStringW": 6, "NtOpenProcess": 14, "NtQueryValueKey": 3, "RegOpenKeyExA": 5, "UuidCreate": 1, "NtCreateMutant": 2, "GetTempPathW": 1, "NtOpenThread": 1, "IWbemServices_ExecQuery": 1, "CreateProcessInternalW": 1, "GetFileSize": 2, "LoadResource": 7, "GetUserNameExW": 2, "GlobalMemoryStatusEx": 1, "NtCreateSection": 1, "CoInitializeEx": 16, "NtOpenMutant": 1, "NtDuplicateObject": 3, "CoCreateInstanceEx": 4, "GetFileSizeEx": 12, "CreateDirectoryW": 8, "RegCloseKey": 2, "GetVolumeNameForVolumeMountPointW": 3, "SearchPathW": 1, "GetSystemMetrics": 50, "CoUninitialize": 15, "NtUnmapViewOfSection": 4, "NtReadFile": 126, "RegEnumKeyExW": 21, "RegEnumKeyW": 109, "RegQueryValueExW": 14, "NtOpenSection": 7, "DeleteFileW": 2, "GetFileAttributesW": 2, "GetSystemDirectoryW": 3, "CoInitializeSecurity": 1, "GetComputerNameW": 5, "NtQuerySystemInformation": 1, "IsDebuggerPresent": 1, "NtClose": 11, "CoCreateInstance": 2, "GetSystemWindowsDirectoryW": 1, "LdrUnloadDll": 1}}