{"name": "301d2430-e495-11e7-8c75-80e65024849a.file", "apistats": {"OleInitialize": 2, "NtClose": 11, "NtQueryValueKey": 6, "RegQueryValueExA": 1, "GlobalMemoryStatusEx": 1, "NtFreeVirtualMemory": 2, "NtOpenKey": 8, "NtAllocateVirtualMemory": 10, "GetSystemInfo": 1, "GetFileSize": 1, "LdrGetDllHandle": 29, "CoInitializeEx": 3, "GetSystemMetrics": 4, "GetCursorPos": 17, "FindResourceExW": 4, "RegCreateKeyExA": 2, "CoCreateInstance": 2, "NtQuerySystemInformation": 1, "FindResourceExA": 2, "NtReadFile": 24, "RegOpenKeyExA": 1, "LdrLoadDll": 4, "NtMapViewOfSection": 3, "RegCloseKey": 13, "LdrGetProcedureAddress": 39, "NtCreateFile": 6, "NtCreateSection": 3, "RegOpenKeyExW": 10, "LoadStringA": 2, "SetUnhandledExceptionFilter": 1, "RegSetValueExA": 3, "SetFilePointer": 27, "GetSystemWindowsDirectoryW": 1, "CoUninitialize": 2, "GetSystemTimeAsFileTime": 1, "RegQueryValueExW": 2}, "class": "malware"}