{"name": "301e1bde-c364-11e6-8ada-80e65024849a.file", "apistats": {"NtWriteFile": 6, "SetErrorMode": 14, "RegEnumKeyExW": 33, "CreateThread": 1, "NtOpenFile": 2, "NtFreeVirtualMemory": 9, "GetForegroundWindow": 2, "LoadResource": 12, "LoadStringW": 29, "OutputDebugStringA": 1, "GetNativeSystemInfo": 1, "CoInitializeEx": 6, "GetTempPathW": 2, "NtCreateMutant": 4, "GetCursorPos": 1, "FindFirstFileExW": 15, "NtDuplicateObject": 5, "SHGetFolderPathW": 2, "CoCreateInstance": 4, "NtQuerySystemInformation": 1, "GetVolumePathNameW": 1, "LdrLoadDll": 1, "CreateDirectoryW": 2, "NtCreateFile": 6, "GetFileAttributesW": 10, "FindWindowA": 1, "SetFilePointerEx": 1, "NtUnmapViewOfSection": 13, "GetSystemDirectoryW": 5, "RegOpenKeyExW": 3, "NtQueryAttributesFile": 2, "GetFileSize": 1, "GetFileAttributesExW": 4, "SetUnhandledExceptionFilter": 1, "RegSetValueExW": 8, "NtProtectVirtualMemory": 12, "SetFilePointer": 20, "RegCloseKey": 2, "DrawTextExW": 6, "FindResourceA": 3, "RegQueryValueExW": 14, "SetFileTime": 4, "UuidCreate": 1, "OleInitialize": 1, "NtClose": 57, "GetVolumeNameForVolumeMountPointW": 3, "NtQueryValueKey": 10, "RegQueryValueExA": 1, "CreateProcessInternalW": 2, "GetUserNameExW": 1, "NtOpenKey": 45, "NtQueryDirectoryFile": 2, "FindWindowW": 1, "GlobalMemoryStatusEx": 1, "WriteConsoleW": 18, "NtAllocateVirtualMemory": 9, "NtResumeThread": 2, "NtMapViewOfSection": 15, "LdrGetDllHandle": 4, "GetVolumePathNamesForVolumeNameW": 6, "GetFileType": 26, "NtOpenMutant": 1, "GetSystemMetrics": 41, "FindResourceExW": 11, "NtCreateThreadEx": 1, "NtDelayExecution": 1, "DeleteFileW": 2, "GetFileSizeEx": 1, "FindResourceExA": 1, "NtReadFile": 5, "RegOpenKeyExA": 4, "GetSystemTimeAsFileTime": 3, "LdrGetProcedureAddress": 7, "NtOpenThread": 1, "FindResourceW": 2, "NtOpenProcess": 3, "GetComputerNameA": 1, "NtCreateSection": 9, "ShellExecuteExW": 2, "LdrUnloadDll": 1, "SetWindowsHookExW": 2, "RegEnumKeyW": 2, "NtQueryInformationFile": 3, "SizeofResource": 2, "NtDeviceIoControlFile": 1, "GetFileInformationByHandleEx": 1, "NtTerminateProcess": 3, "CreateJobObjectW": 1, "NtOpenSection": 14, "GetSystemWindowsDirectoryW": 11, "CoUninitialize": 6, "CreateActCtxW": 2}, "class": "malware"}