{"apistats": {"CreateToolhelp32Snapshot": 1, "LdrUnloadDll": 1, "NtOpenSection": 1, "RegCloseKey": 6, "DrawTextExW": 17, "NtSetContextThread": 1, "GetSystemInfo": 3, "LdrGetProcedureAddress": 187, "GetSystemWindowsDirectoryW": 2, "NtClose": 3, "GetFileAttributesW": 3, "RegQueryValueExW": 9, "NtFreeVirtualMemory": 2, "Process32NextW": 32, "GetSystemMetrics": 170, "SizeofResource": 1, "CreateActCtxW": 2, "GetFileSize": 2, "RegOpenKeyExW": 7, "NtDelayExecution": 51, "SetErrorMode": 4, "NtAllocateVirtualMemory": 13, "ReadProcessMemory": 284, "RegOpenKeyExA": 5, "NtMapViewOfSection": 1, "Process32FirstW": 1, "GetCursorPos": 52, "NtResumeThread": 1, "LoadStringA": 100, "GetSystemDirectoryW": 1, "NtUnmapViewOfSection": 3, "SetUnhandledExceptionFilter": 1, "FindResourceExW": 25, "NtCreateFile": 2, "GetSystemTimeAsFileTime": 2, "GlobalMemoryStatus": 1, "NtQueryAttributesFile": 4, "FindFirstFileExW": 1, "NtCreateMutant": 1, "NtProtectVirtualMemory": 35, "CoInitializeEx": 1, "LdrGetDllHandle": 39, "NtCreateSection": 1, "NtGetContextThread": 1, "NtOpenKey": 1, "LoadResource": 1, "FindResourceW": 1, "__exception__": 1, "NtOpenDirectoryObject": 1, "LdrLoadDll": 35, "NtTerminateProcess": 1, "FindResourceA": 2, "CreateProcessInternalW": 1, "NtQueryValueKey": 2}, "name": "3073d3e8-c05f-11e7-99a8-80e65024849a.file", "class": "malware"}