{"class": "malware", "name": "30f09f17-c364-11e6-829b-80e65024849a.file", "apistats": {"GetNativeSystemInfo": 1, "FindResourceExW": 11, "NtOpenKey": 16, "SetUnhandledExceptionFilter": 3, "NtProtectVirtualMemory": 12, "GetForegroundWindow": 2, "NtDeviceIoControlFile": 1, "NtQueryInformationFile": 6, "CreateActCtxW": 2, "GetFileInformationByHandleEx": 1, "RegSetValueExW": 8, "NtQueryDirectoryFile": 3, "FindFirstFileExW": 14, "DrawTextExW": 6, "OleInitialize": 1, "LdrGetDllHandle": 15, "SetFilePointerEx": 1, "RegOpenKeyExW": 295, "GetFileAttributesExW": 4, "LdrGetProcedureAddress": 270, "GetSystemTimeAsFileTime": 8, "FindWindowA": 1, "OutputDebugStringA": 1, "NtOpenFile": 6, "NtWriteFile": 6, "GetVolumeNameForVolumeMountPointW": 3, "NtFreeVirtualMemory": 4, "NtOpenMutant": 1, "SetErrorMode": 22, "DeleteFileW": 4, "GetVolumePathNamesForVolumeNameW": 6, "LdrLoadDll": 38, "NtCreateFile": 23, "NtAllocateVirtualMemory": 45, "CreateProcessInternalW": 2, "RegEnumKeyW": 2, "LoadStringW": 29, "NtOpenProcess": 3, "GetFileSize": 1, "CreateJobObjectW": 1, "CoUninitialize": 6, "UuidCreate": 1, "NtCreateMutant": 4, "NtTerminateProcess": 3, "GetTempPathW": 2, "NtMapViewOfSection": 15, "NtQueryValueKey": 9, "LoadResource": 12, "GetUserNameExW": 1, "FindResourceA": 3, "NtQueryAttributesFile": 2, "NtCreateSection": 9, "LdrUnloadDll": 8, "SetFilePointer": 10, "NtDuplicateObject": 5, "GetFileSizeEx": 1, "CreateDirectoryW": 2, "RegCloseKey": 182, "SetFileTime": 4, "GetSystemMetrics": 41, "RegOpenKeyExA": 4, "CreateThread": 1, "NtReadFile": 9, "NtCreateThreadEx": 1, "RegEnumKeyExW": 33, "FindResourceExA": 1, "RegQueryValueExW": 253, "NtOpenSection": 14, "GetFileAttributesW": 15, "GetSystemDirectoryW": 5, "GetFileType": 12, "SizeofResource": 2, "NtResumeThread": 2, "NtUnmapViewOfSection": 13, "SHGetFolderPathW": 2, "ShellExecuteExW": 2, "NtClose": 162, "CoCreateInstance": 4, "GetSystemWindowsDirectoryW": 11, "CoInitializeEx": 6}}