{"class": "malware", "apistats": {"NtQueryKey": 10, "GetSystemWindowsDirectoryW": 2, "CreateActCtxW": 3, "RtlAddVectoredContinueHandler": 1, "NtCreateFile": 151, "NtOpenProcess": 7, "GetFileVersionInfoSizeW": 5, "NtOpenKey": 3, "NtQueryDirectoryFile": 2, "NtOpenMutant": 1, "FindResourceExW": 1, "NtOpenKeyEx": 13, "LdrUnloadDll": 3, "GetFileSize": 7, "GetFileAttributesExW": 6, "RegOpenKeyExA": 1, "FindFirstFileExW": 18, "GlobalMemoryStatusEx": 6, "NtAllocateVirtualMemory": 901, "GetSystemTimeAsFileTime": 6, "LdrLoadDll": 42, "NtFreeVirtualMemory": 325, "RegCloseKey": 51, "NtProtectVirtualMemory": 37, "GetFileVersionInfoW": 5, "NtQueryAttributesFile": 3, "NtOpenDirectoryObject": 1, "IsDebuggerPresent": 1, "CoInitializeEx": 2, "RegEnumKeyExW": 14, "RegEnumValueW": 3, "LdrGetProcedureAddress": 292, "NtMapViewOfSection": 29, "RegQueryValueExW": 153, "NtDuplicateObject": 1, "NtClose": 58, "ReadProcessMemory": 240, "NtEnumerateValueKey": 1, "__exception__": 3, "GlobalMemoryStatus": 1, "LoadStringW": 4, "SHGetFolderPathW": 2, "NtQueryValueKey": 2, "NtOpenSection": 2, "LookupPrivilegeValueW": 1, "RegOpenKeyExW": 81, "NtReadFile": 10, "NtUnmapViewOfSection": 10, "LdrGetDllHandle": 83, "NtQuerySystemInformation": 1, "GetSystemInfo": 87, "NtDelayExecution": 113, "GetFileInformationByHandle": 14, "NtResumeThread": 2, "NtCreateMutant": 4, "GetFileAttributesW": 44, "DeleteFileW": 1, "GetShortPathNameW": 1, "GetSystemMetrics": 3, "SetErrorMode": 82, "NtCreateSection": 20, "RegQueryInfoKeyW": 3, "SetUnhandledExceptionFilter": 1, "GetSystemDirectoryW": 6, "CreateThread": 3}, "name": "31945f68-0c34-11e8-a063-80e65024849a.file"}