{"class": "malware", "name": "319c2463-c5d3-11e6-85ad-80e65024849a.file", "apistats": {"FindResourceW": 13, "FindResourceExW": 7, "NtOpenKey": 5, "GetFileAttributesW": 3, "SetUnhandledExceptionFilter": 1, "NtAllocateVirtualMemory": 22, "NtQueryValueKey": 3, "LoadResource": 17, "WSAStartup": 1, "NtCreateSection": 1, "DrawTextExW": 1, "LdrUnloadDll": 1, "NtOpenMutant": 1, "GetSystemInfo": 3, "LdrGetDllHandle": 8, "GetSystemMetrics": 16, "RegOpenKeyExW": 21, "CreateDirectoryW": 3, "RegCloseKey": 9, "OleInitialize": 1, "LdrGetProcedureAddress": 31, "GetSystemTimeAsFileTime": 1, "CreateThread": 4, "RegEnumKeyExW": 21, "RegQueryValueExW": 5, "NtUnmapViewOfSection": 2, "NtOpenSection": 2, "NtFreeVirtualMemory": 2, "SetErrorMode": 2, "GetSystemDirectoryW": 3, "NtMapViewOfSection": 3, "NtDelayExecution": 8, "LdrLoadDll": 12, "NtCreateFile": 1, "SizeofResource": 13, "NtResumeThread": 1, "LoadStringW": 7, "SHGetFolderPathW": 1, "RegOpenKeyExA": 2, "NtClose": 26, "GetSystemWindowsDirectoryW": 1, "CoInitializeEx": 2}}