{"name": "31ecf9cf-8767-11e7-aa61-80e65024849a.file", "apistats": {"NtWriteFile": 1, "NtUnmapViewOfSection": 2, "CreateThread": 1, "NtOpenFile": 1, "FindResourceExW": 10, "GetForegroundWindow": 1, "GetSystemInfo": 1, "LoadResource": 10, "LoadStringW": 1, "NtOpenProcess": 14, "GetNativeSystemInfo": 4, "CreateActCtxW": 2, "NtCreateMutant": 3, "NtQueryDirectoryFile": 2, "NtDuplicateObject": 5, "SHGetFolderPathW": 2, "CoCreateInstance": 4, "NtQuerySystemInformation": 1, "LdrLoadDll": 37, "NtMapViewOfSection": 10, "NtCreateFile": 19, "GetFileAttributesW": 7, "SetErrorMode": 12, "OpenSCManagerW": 1, "StartServiceW": 1, "GetSystemDirectoryW": 3, "RegOpenKeyExW": 552, "GetFileAttributesExW": 4, "SetUnhandledExceptionFilter": 1, "NtProtectVirtualMemory": 2, "GetSystemTimeAsFileTime": 41, "RegCloseKey": 355, "ShellExecuteExW": 1, "GetFileSizeEx": 13, "OleInitialize": 1, "NtClose": 87, "GetVolumeNameForVolumeMountPointW": 3, "NtQueryValueKey": 11, "RegQueryValueExA": 1, "NtReadFile": 13, "NtOpenKey": 29, "NtAllocateVirtualMemory": 24, "NtResumeThread": 1, "CreateDirectoryW": 1, "LdrGetDllHandle": 13, "GetVolumePathNamesForVolumeNameW": 6, "GetSystemMetrics": 30, "NtFreeVirtualMemory": 2, "NtCreateThreadEx": 1, "NtDelayExecution": 1, "NtSetInformationFile": 3, "GlobalMemoryStatusEx": 1, "RegOpenKeyExA": 5, "NtOpenDirectoryObject": 1, "LdrGetProcedureAddress": 223, "IsDebuggerPresent": 1, "NtCreateSection": 4, "LdrUnloadDll": 3, "RegEnumKeyW": 109, "OpenServiceW": 1, "GetFileInformationByHandleEx": 12, "CreateProcessInternalW": 1, "RegQueryValueExW": 2227, "NtOpenSection": 13, "GetSystemWindowsDirectoryW": 10, "CoUninitialize": 17, "CoInitializeEx": 16}, "class": "malware"}