{"class": "malware", "name": "32504bcf-0c34-11e8-8079-80e65024849a.file", "apistats": {"NtOpenKey": 2, "SetUnhandledExceptionFilter": 1, "NtProtectVirtualMemory": 32, "NtAllocateVirtualMemory": 401, "GetFileSize": 5, "GetFileInformationByHandle": 10, "CreateActCtxW": 2, "GetFileVersionInfoSizeW": 5, "NtQueryDirectoryFile": 2, "FindFirstFileExW": 16, "NtCreateSection": 13, "SHGetFolderPathW": 2, "LdrUnloadDll": 2, "NtOpenMutant": 1, "GetSystemInfo": 70, "LdrGetDllHandle": 72, "DeleteFileW": 1, "RegOpenKeyExW": 63, "IsDebuggerPresent": 1, "NtOpenDirectoryObject": 1, "GetFileAttributesExW": 5, "RegQueryValueExW": 98, "NtDuplicateObject": 1, "GetSystemTimeAsFileTime": 5, "RegCloseKey": 41, "GetSystemWindowsDirectoryW": 2, "NtUnmapViewOfSection": 8, "NtReadFile": 10, "RegEnumKeyExW": 14, "RtlAddVectoredContinueHandler": 1, "CreateThread": 2, "GlobalMemoryStatus": 1, "NtFreeVirtualMemory": 155, "NtClose": 39, "SetErrorMode": 54, "GetSystemDirectoryW": 4, "NtMapViewOfSection": 18, "NtDelayExecution": 60, "LdrLoadDll": 29, "NtCreateFile": 94, "LdrGetProcedureAddress": 208, "GetShortPathNameW": 1, "NtResumeThread": 2, "RegQueryInfoKeyW": 3, "RegEnumValueW": 3, "NtQuerySystemInformation": 1, "NtOpenProcess": 2, "NtQueryValueKey": 2, "GetFileVersionInfoW": 5, "RegOpenKeyExA": 1, "GetFileAttributesW": 21, "NtOpenKeyEx": 2, "NtCreateMutant": 4, "CoInitializeEx": 2}}