{"apistats": {"NtReadFile": 44, "CoInitializeEx": 7, "FindFirstFileExW": 4, "NtClose": 1454, "GetFileAttributesW": 1, "CreateThread": 3, "GetDiskFreeSpaceExW": 1, "GetForegroundWindow": 1, "RegQueryInfoKeyA": 2, "NtFreeVirtualMemory": 24, "UuidCreate": 4, "FindResourceW": 1, "GetSystemWindowsDirectoryW": 7, "CreateProcessInternalW": 1, "GetTimeZoneInformation": 1, "RegCloseKey": 105, "CoUninitialize": 5, "GetFileSize": 774, "RegQueryValueExW": 186, "NtQueryInformationFile": 774, "SearchPathW": 247, "CoCreateInstance": 3, "LdrGetProcedureAddress": 79, "NtQuerySystemInformation": 1, "SetUnhandledExceptionFilter": 1, "FindResourceExW": 9, "NtOpenSection": 7, "CreateDirectoryW": 1, "SetFileTime": 71, "LoadStringW": 6, "NtQueryDirectoryFile": 4, "GlobalMemoryStatusEx": 27, "NtOpenMutant": 1, "SizeofResource": 1, "RegOpenKeyExW": 136, "GetFileInformationByHandleEx": 2, "RegEnumValueW": 283, "GetVolumePathNamesForVolumeNameW": 6, "NtWriteFile": 2, "LdrGetDllHandle": 9, "NtDuplicateObject": 5, "SHGetFolderPathW": 2, "NtDelayExecution": 22, "GetComputerNameW": 1, "IWbemServices_ExecQuery": 4, "NtQueryValueKey": 7, "GetVolumeNameForVolumeMountPointW": 3, "LdrLoadDll": 19, "NtCreateSection": 572, "NtAllocateVirtualMemory": 385, "CreateActCtxW": 1, "CoInitializeSecurity": 1, "GetFileInformationByHandle": 19, "NtMapViewOfSection": 578, "GetSystemDirectoryW": 4, "LdrUnloadDll": 2, "GetFileSizeEx": 22, "RegSetValueExW": 6, "NtUnmapViewOfSection": 550, "DeviceIoControl": 1, "SetFilePointer": 41, "RegEnumKeyExW": 25, "RegOpenKeyExA": 1, "NtCreateFile": 883, "LoadResource": 7, "NtCreateMutant": 3, "GetFileType": 4, "CoCreateInstanceEx": 1, "ShellExecuteExW": 1, "RegQueryValueExA": 32, "NtOpenProcess": 4, "ReadProcessMemory": 5, "NtOpenKey": 16, "GetSystemInfo": 3, "CoGetClassObject": 1, "SetFileAttributesW": 83, "GetSystemMetrics": 2481, "RegEnumKeyW": 2, "RegCreateKeyExW": 8, "GetSystemTimeAsFileTime": 13, "RegQueryInfoKeyW": 2, "OutputDebugStringA": 1, "GetNativeSystemInfo": 1, "IsDebuggerPresent": 1}, "class": "malware", "name": "326622d1-9b67-11e6-86b4-80e65024849a.file"}