{"apistats": {"LdrUnloadDll": 4, "NtOpenSection": 2, "NtQueryKey": 7, "NtDuplicateObject": 3, "GetShortPathNameW": 1, "GetSystemInfo": 62, "CryptExportKey": 5, "IsDebuggerPresent": 2, "GetSystemWindowsDirectoryW": 1, "NtClose": 73, "GetFileVersionInfoSizeW": 6, "NtOpenProcess": 4, "CryptHashData": 16, "GetFileAttributesW": 11, "RegQueryValueExW": 32, "CryptCreateHash": 16, "NtOpenFile": 19, "GetFileSize": 3, "RegOpenKeyExW": 43, "SetErrorMode": 24, "CryptAcquireContextA": 11, "NtReadFile": 20, "GetFileInformationByHandle": 6, "NtMapViewOfSection": 17, "NtQuerySystemInformation": 3, "NtResumeThread": 3, "RtlAddVectoredExceptionHandler": 1, "CoInitializeEx": 2, "CreateThread": 2, "NtUnmapViewOfSection": 7, "RegQueryInfoKeyW": 2, "GetSystemDirectoryW": 3, "RegEnumKeyExW": 58, "NtQueryDirectoryFile": 9, "CryptAcquireContextW": 1, "SetUnhandledExceptionFilter": 1, "NtFreeVirtualMemory": 2274, "NtCreateThreadEx": 1, "GetSystemTimeAsFileTime": 16, "GlobalMemoryStatusEx": 2, "NtCreateMutant": 5, "NtProtectVirtualMemory": 70, "GetFileAttributesExW": 22, "RegEnumValueW": 5, "LdrGetDllHandle": 38, "NtCreateSection": 12, "NtOpenKey": 10, "LdrGetProcedureAddress": 195, "GetFileVersionInfoW": 6, "NtAllocateVirtualMemory": 2961, "NtOpenDirectoryObject": 1, "GetFileType": 9, "NtOpenKeyEx": 8, "LdrLoadDll": 28, "NtCreateFile": 25, "NtQueryValueKey": 13}, "name": "326cb76e-c05f-11e7-b5bb-80e65024849a.file", "class": "malware"}