{"apistats": {"NtOpenSection": 4, "RegCloseKey": 47, "LdrUnloadDll": 6, "GetFileAttributesExW": 6, "NtTerminateProcess": 5, "GetFileVersionInfoSizeW": 4, "GetFileAttributesW": 35, "CryptCreateHash": 21, "GetSystemMetrics": 3, "GetFileSize": 7, "RegOpenKeyExW": 72, "NtDelayExecution": 80, "SetErrorMode": 70, "NtAllocateVirtualMemory": 1168, "GetFileInformationByHandle": 8, "RegOpenKeyExA": 1, "DeleteFileW": 3, "GetComputerNameW": 1, "NtResumeThread": 3, "CoInitializeEx": 2, "CoCreateInstance": 6, "RegEnumKeyExW": 14, "CryptAcquireContextW": 1, "FindResourceExW": 1, "NtCreateFile": 115, "GetSystemTimeAsFileTime": 6, "GlobalMemoryStatusEx": 1, "FindFirstFileExW": 15, "RegEnumValueW": 3, "NtCreateSection": 18, "NtOpenMutant": 1, "CoInitializeSecurity": 1, "LookupPrivilegeValueW": 1, "CreateProcessInternalW": 2, "NtClose": 119, "NtDuplicateObject": 4, "NtQueryKey": 10, "WriteProcessMemory": 5, "GetShortPathNameW": 1, "NtSetContextThread": 1, "GetSystemInfo": 117, "IsDebuggerPresent": 1, "GetSystemWindowsDirectoryW": 2, "NtQueryValueKey": 11, "NtOpenProcess": 24, "CryptHashData": 32, "RegQueryValueExW": 120, "NtMapViewOfSection": 24, "RtlAddVectoredContinueHandler": 1, "CreateActCtxW": 3, "RegEnumKeyW": 12, "NtDeviceIoControlFile": 1, "NtReadFile": 10, "LdrGetDllHandle": 173, "CoGetClassObject": 7, "NtQuerySystemInformation": 5, "NtOpenFile": 1, "CreateThread": 5, "GetSystemDirectoryW": 5, "RegQueryInfoKeyW": 3, "SetFilePointer": 39, "NtUnmapViewOfSection": 14, "NtQueryDirectoryFile": 2, "SetUnhandledExceptionFilter": 2, "NtFreeVirtualMemory": 367, "CoCreateInstanceEx": 1, "NtQueryAttributesFile": 3, "NtCreateMutant": 4, "NtProtectVirtualMemory": 32, "SHGetFolderPathW": 2, "GlobalMemoryStatus": 1, "NtGetContextThread": 2, "LoadStringW": 4, "NtOpenKey": 12, "LdrGetProcedureAddress": 479, "ReadProcessMemory": 45095, "GetFileVersionInfoW": 4, "NtOpenDirectoryObject": 1, "NtOpenKeyEx": 13, "LdrLoadDll": 42, "UuidCreate": 43}, "name": "32c91f7a-f246-11e7-8297-80e65024849a.file", "class": "malware"}