{"class": "malware", "name": "32c9618a-e495-11e7-bd35-80e65024849a.file", "apistats": {"GetNativeSystemInfo": 1, "FindResourceExW": 2, "NtOpenKey": 27, "GetTempPathW": 1, "GetSystemInfo": 1, "NtProtectVirtualMemory": 3, "NtAllocateVirtualMemory": 8, "GetFileSize": 1, "CreateActCtxW": 1, "GetFileInformationByHandleEx": 12, "NtQueryAttributesFile": 1, "GlobalMemoryStatusEx": 1, "NtQueryDirectoryFile": 7, "NtMapViewOfSection": 7, "NtCreateSection": 5, "LdrUnloadDll": 5, "SetFilePointer": 4, "NtDuplicateObject": 3, "LdrGetDllHandle": 51, "RegOpenKeyExW": 456, "GetFileSizeEx": 12, "CreateDirectoryW": 13, "RegCloseKey": 318, "SetFileTime": 1, "LdrGetProcedureAddress": 258, "GetSystemTimeAsFileTime": 38, "RegOpenKeyExA": 5, "OleInitialize": 1, "NtUnmapViewOfSection": 1, "NtReadFile": 83, "NtOpenFile": 2, "NtWriteFile": 17, "RegQueryValueExW": 2196, "GetVolumeNameForVolumeMountPointW": 3, "GetSystemDirectoryA": 11, "NtOpenSection": 5, "NtFreeVirtualMemory": 3, "NtClose": 95, "SetErrorMode": 1, "GetSystemDirectoryW": 2, "DeleteFileW": 2, "GetVolumePathNamesForVolumeNameW": 6, "LdrLoadDll": 35, "NtCreateFile": 55, "FindFirstFileExW": 1, "NtQuerySystemInformation": 1, "RegQueryValueExA": 1, "RegEnumKeyW": 109, "LoadStringW": 1, "NtOpenProcess": 14, "NtQueryValueKey": 9, "CoUninitialize": 15, "GetFileAttributesW": 43, "CoCreateInstance": 2, "NtCreateMutant": 2, "GetSystemWindowsDirectoryW": 7, "CoInitializeEx": 15}}