{"apistats": {"CreateToolhelp32Snapshot": 10, "GetNativeSystemInfo": 1, "RegCloseKey": 7, "NtDuplicateObject": 1, "GetSystemInfo": 1, "RegQueryValueExA": 5, "MoveFileWithProgressW": 1, "FindWindowW": 1, "CreateJobObjectW": 1, "LookupPrivilegeValueW": 3, "NtQueryValueKey": 740, "RegCreateKeyExA": 1, "NtOpenProcess": 9, "FindWindowA": 2344, "GetFileAttributesW": 6, "NtMapViewOfSection": 2, "Process32NextW": 168, "NtCreateThreadEx": 1, "SizeofResource": 1, "GetFileSize": 2, "WriteProcessMemory": 8, "SetErrorMode": 1, "NtReadFile": 2, "RegOpenKeyExA": 5, "DeleteFileW": 1, "NtWriteFile": 1, "NtFreeVirtualMemory": 103, "Process32FirstW": 10, "LdrUnloadDll": 1, "FindResourceExA": 1, "NtResumeThread": 1, "NtOpenFile": 1309, "NtUnmapViewOfSection": 30, "GetDiskFreeSpaceW": 1, "GetUserNameA": 589, "GetTempPathW": 1, "NtCreateFile": 34, "GetSystemTimeAsFileTime": 1, "FindFirstFileExW": 1, "NtCreateMutant": 2, "NtProtectVirtualMemory": 21, "SHGetFolderPathW": 32, "LdrGetDllHandle": 4, "NtCreateSection": 2, "NtOpenKey": 903, "LoadResource": 1, "LdrGetProcedureAddress": 226, "CreateDirectoryW": 1, "RegSetValueExA": 1, "NtAllocateVirtualMemory": 50, "LdrLoadDll": 18, "FindResourceA": 1, "NtQueryInformationFile": 1, "NtClose": 1839}, "name": "32d8f151-9757-11e6-98d2-80e65024849a.file", "class": "malware"}