{"name": "32e0e614-df56-11e7-b70d-80e65024849a.file", "apistats": {"RtlAddVectoredContinueHandler": 1, "NtUnmapViewOfSection": 7, "RegEnumKeyExW": 14, "NtCreateMutant": 4, "NtClose": 52, "NtQueryValueKey": 12, "NtOpenKey": 22, "GetSystemDirectoryW": 4, "NtQueryDirectoryFile": 2, "NtAllocateVirtualMemory": 249, "GetSystemInfo": 62, "GetFileSize": 5, "NtOpenProcess": 2, "NtResumeThread": 2, "LdrGetDllHandle": 72, "NtOpenMutant": 1, "CreateThread": 2, "NtFreeVirtualMemory": 36, "NtDelayExecution": 56, "NtDuplicateObject": 2, "SHGetFolderPathW": 2, "GetFileVersionInfoSizeW": 4, "NtQuerySystemInformation": 1, "FindFirstFileExW": 15, "NtEnumerateValueKey": 7, "NtReadFile": 10, "RegOpenKeyExA": 1, "LdrLoadDll": 27, "NtMapViewOfSection": 15, "NtEnumerateKey": 2, "RegQueryInfoKeyW": 3, "NtOpenDirectoryObject": 1, "LdrGetProcedureAddress": 210, "NtCreateFile": 89, "IsDebuggerPresent": 1, "GetFileAttributesW": 18, "GlobalMemoryStatus": 1, "NtCreateSection": 11, "GetFileVersionInfoW": 4, "RegOpenKeyExW": 63, "LdrUnloadDll": 2, "CoInitializeEx": 2, "GetFileAttributesExW": 5, "SetUnhandledExceptionFilter": 1, "RegEnumValueW": 3, "GetSystemTimeAsFileTime": 5, "NtProtectVirtualMemory": 30, "SetErrorMode": 46, "GetSystemWindowsDirectoryW": 2, "RegCloseKey": 39, "RegQueryValueExW": 95, "NtOpenKeyEx": 2, "CreateActCtxW": 2, "GetShortPathNameW": 1, "GetFileInformationByHandle": 8}, "class": "malware"}