{"apistats": {"GetNativeSystemInfo": 1, "NtOpenSection": 2, "NtOpenMutant": 1, "RegCloseKey": 10, "DrawTextExW": 5, "GetSystemInfo": 1, "EnumWindows": 1, "GetSystemWindowsDirectoryW": 7, "NtQueryValueKey": 5, "GetFileAttributesW": 3, "RegQueryValueExW": 7, "NtMapViewOfSection": 2, "GetSystemMetrics": 37, "CreateActCtxW": 2, "RegOpenKeyExW": 21, "SetErrorMode": 21, "NtAllocateVirtualMemory": 34, "RegOpenKeyExA": 2, "LdrGetDllHandle": 6, "OleInitialize": 1, "LoadStringA": 19, "NtUnmapViewOfSection": 2, "GetSystemDirectoryW": 2, "RegEnumKeyExW": 21, "LoadStringW": 6, "FindResourceExW": 11, "NtFreeVirtualMemory": 1, "NtCreateMutant": 2, "NtProtectVirtualMemory": 3, "CoInitializeEx": 1, "SetWindowsHookExA": 1, "NtOpenKey": 5, "SearchPathW": 2, "LoadResource": 9, "LdrGetProcedureAddress": 134, "LdrLoadDll": 19, "NtClose": 23}, "name": "32eff91c-0c34-11e8-95ed-80e65024849a.file", "class": "malware"}