{"name": "33ef1f57-274f-11e8-9f6c-80e65024849a.file", "apistats": {"NtWriteFile": 1, "NtDelayExecution": 1, "NtClose": 10, "GetVolumeNameForVolumeMountPointW": 2, "NtQueryValueKey": 1, "RegQueryValueExA": 1, "CreateProcessInternalW": 1, "NtOpenKey": 1, "GetSystemDirectoryW": 1, "NtAllocateVirtualMemory": 11, "GetSystemInfo": 2, "LoadStringW": 1, "WriteConsoleW": 23, "GetUserNameA": 1, "GetNativeSystemInfo": 1, "SetEndOfFile": 1, "GetVolumePathNamesForVolumeNameW": 6, "GetFileType": 33, "NtCreateMutant": 2, "NtFreeVirtualMemory": 12, "SetFileInformationByHandle": 1, "NtQueryDirectoryFile": 1, "NtDuplicateObject": 3, "DeleteFileW": 2, "GetVolumePathNameW": 1, "NtReadFile": 5, "RegOpenKeyExA": 2, "LdrLoadDll": 2, "NtMapViewOfSection": 1, "NtOpenFile": 1, "RegCloseKey": 2, "LdrGetProcedureAddress": 9, "NtCreateFile": 8, "NtOpenThread": 1, "IsDebuggerPresent": 2, "NtTerminateProcess": 3, "SetErrorMode": 20, "NtCreateSection": 1, "FindFirstFileExW": 3, "RegOpenKeyExW": 3, "LdrUnloadDll": 1, "NtQueryInformationFile": 3, "LdrGetDllHandle": 2, "SetUnhandledExceptionFilter": 1, "GetSystemWindowsDirectoryA": 1, "GetFileAttributesW": 10, "NtProtectVirtualMemory": 2, "SetFilePointer": 24, "GetSystemWindowsDirectoryW": 1, "GetSystemTimeAsFileTime": 1, "ShellExecuteExW": 1, "SetFileTime": 1, "RegQueryValueExW": 14}, "class": "malware"}