{"apistats": {"NtOpenSection": 7, "CoUninitialize": 15, "RegCloseKey": 337, "NtDuplicateObject": 3, "FindWindowExA": 2, "SetFileTime": 3, "GetForegroundWindow": 5, "GetFileAttributesW": 37, "GetVolumePathNamesForVolumeNameW": 6, "GetSystemMetrics": 350, "GetFileSize": 3, "RegOpenKeyExW": 484, "SetErrorMode": 1, "NtAllocateVirtualMemory": 46, "RegOpenKeyExA": 8, "DeleteFileW": 2, "GetCursorPos": 12, "FindResourceExA": 4, "GetFileSizeEx": 12, "CoCreateInstance": 2, "RegEnumKeyExW": 21, "GetUserNameA": 1, "FindResourceExW": 16, "NtCreateFile": 53, "GetSystemTimeAsFileTime": 38, "GlobalMemoryStatusEx": 1, "FindFirstFileExW": 2, "GetFileInformationByHandleEx": 12, "NtCreateSection": 5, "NtOpenMutant": 1, "LoadResource": 18, "CreateDirectoryW": 8, "SetFileAttributesW": 1, "NtQueryInformationFile": 1, "NtClose": 155, "GetNativeSystemInfo": 1, "DrawTextExW": 81, "RegQueryValueExA": 2, "GetSystemWindowsDirectoryW": 7, "NtQueryValueKey": 16, "NtOpenProcess": 14, "RegQueryValueExW": 2213, "NtMapViewOfSection": 9, "CreateActCtxW": 2, "RegEnumKeyW": 109, "NtReadFile": 224, "NtWriteFile": 35, "LdrGetDllHandle": 42, "GetKeyState": 4, "LdrUnloadDll": 7, "NtQuerySystemInformation": 1, "OleInitialize": 1, "NtOpenFile": 2, "NtUnmapViewOfSection": 6, "SetFilePointer": 14, "GetSystemDirectoryW": 3, "NtQueryDirectoryFile": 7, "LoadStringW": 8, "NtFreeVirtualMemory": 2, "GetVolumeNameForVolumeMountPointW": 3, "NtCreateMutant": 2, "NtProtectVirtualMemory": 2, "CoInitializeEx": 16, "GetTempPathW": 1, "SearchPathW": 2, "NtOpenKey": 43, "LdrGetProcedureAddress": 132, "LdrLoadDll": 38}, "name": "33f1792b-afb8-11e6-bc1f-80e65024849a.file", "class": "malware"}