{"class": "malware", "apistats": {"LdrGetProcedureAddress": 166, "GetUserNameW": 1, "GlobalMemoryStatusEx": 1, "NtCreateFile": 1, "WSAStartup": 1, "NtDuplicateObject": 2, "NtClose": 14, "RegQueryValueExW": 2, "socket": 1, "__exception__": 2, "FindResourceExW": 1, "LoadResource": 1, "NtQueryValueKey": 5, "RegOpenKeyExA": 4, "RegCreateKeyExW": 1, "GetFileSize": 1, "RegOpenKeyExW": 2, "NtReadFile": 1, "RegQueryValueExA": 2, "GetComputerNameW": 1, "NtAllocateVirtualMemory": 5, "NtQuerySystemInformation": 1, "GetSystemInfo": 1, "GetSystemTimeAsFileTime": 1, "NtResumeThread": 1, "NtCreateMutant": 1, "LdrLoadDll": 18, "GetFileAttributesW": 1, "NtOpenKey": 5, "GetAsyncKeyState": 1, "NtCreateThreadEx": 1, "NtFreeVirtualMemory": 1, "RegCloseKey": 3, "NtProtectVirtualMemory": 2, "GetSystemDirectoryW": 1}, "name": "3421ab26-df56-11e7-a049-80e65024849a.file"}