{"class": "malware", "apistats": {"GetSystemWindowsDirectoryW": 1, "DrawTextExW": 112, "SetFilePointerEx": 1, "NtOpenThread": 1, "CreateActCtxW": 1, "NtCreateFile": 34, "OleInitialize": 2, "NtOpenProcess": 14, "GetFileVersionInfoSizeW": 2, "NtOpenKey": 32, "NtQueryDirectoryFile": 74, "CreateProcessInternalW": 2, "NtOpenMutant": 1, "SetEndOfFile": 1, "NtOpenFile": 4, "FindResourceExW": 2, "GetFileSizeEx": 12, "RegEnumKeyW": 109, "RegOpenKeyExA": 4, "LdrUnloadDll": 4, "GetFileSize": 1, "CoUninitialize": 17, "OpenSCManagerW": 1, "NtSetValueKey": 5, "FindFirstFileExW": 14, "NtAllocateVirtualMemory": 7, "GetSystemInfo": 1, "GetSystemWindowsDirectoryA": 8, "GetSystemDirectoryA": 12, "GetKeyState": 26, "GetFileInformationByHandleEx": 12, "GetSystemTimeAsFileTime": 38, "RegCreateKeyExA": 1, "LdrLoadDll": 16, "EnumWindows": 4, "RegOpenKeyExW": 450, "FindResourceW": 4, "NtCreateThreadEx": 1, "GetFileType": 13, "GetUserNameA": 1, "FindWindowW": 1, "NtFreeVirtualMemory": 12, "RegCloseKey": 353, "NtProtectVirtualMemory": 6, "UuidCreate": 1, "GetVolumePathNamesForVolumeNameW": 6, "NtReadFile": 268, "NtDeviceIoControlFile": 7, "NtQueryAttributesFile": 18, "IsDebuggerPresent": 1, "CoInitializeEx": 15, "RegEnumKeyExW": 21, "NtSetInformationFile": 1, "LdrGetProcedureAddress": 57, "NtWriteFile": 111, "NtMapViewOfSection": 11, "CreateDirectoryW": 4, "GlobalMemoryStatusEx": 1, "LoadStringA": 39, "NtDuplicateObject": 3, "NtClose": 179, "RegQueryValueExW": 2195, "SetFilePointer": 6, "SearchPathW": 3, "NtEnumerateValueKey": 52, "LoadStringW": 5, "WriteConsoleW": 1, "ShellExecuteExW": 1, "LoadResource": 2, "NtQueryValueKey": 11, "NtOpenSection": 5, "NtTerminateProcess": 3, "CoCreateInstance": 2, "SetFileTime": 1, "GetFileVersionInfoW": 2, "RegQueryValueExA": 2, "LdrGetDllHandle": 15, "NtQuerySystemInformation": 1, "NtOpenKeyEx": 4, "SizeofResource": 1, "NtQueryInformationFile": 4, "NtCreateKey": 13, "SetErrorMode": 21, "NtCreateMutant": 3, "GetNativeSystemInfo": 1, "GetFileAttributesW": 10, "FindResourceA": 1, "DeleteFileW": 2, "RegSetValueExA": 1, "SHGetFolderPathW": 1, "GetComputerNameA": 1, "GetSystemMetrics": 6, "NtResumeThread": 1, "NtCreateSection": 9, "NtUnmapViewOfSection": 14, "GetTempPathW": 1, "SetUnhandledExceptionFilter": 1, "GetVolumePathNameW": 1, "GetSystemDirectoryW": 1, "SendNotifyMessageA": 1, "GetVolumeNameForVolumeMountPointW": 3}, "name": "3469926b-9757-11e6-9208-80e65024849a.file"}