{"name": "353fa4cf-0c34-11e8-b3cc-80e65024849a.file", "apistats": {"RtlAddVectoredContinueHandler": 1, "NtUnmapViewOfSection": 8, "RegEnumKeyExW": 14, "NtCreateMutant": 4, "NtClose": 39, "NtQueryValueKey": 2, "NtReadFile": 10, "NtOpenKey": 2, "GetSystemDirectoryW": 4, "NtQueryDirectoryFile": 2, "NtAllocateVirtualMemory": 438, "GetSystemInfo": 69, "GetFileSize": 5, "NtOpenProcess": 2, "NtResumeThread": 2, "LdrGetDllHandle": 73, "NtOpenMutant": 1, "CreateThread": 2, "NtFreeVirtualMemory": 167, "NtDelayExecution": 60, "NtDuplicateObject": 1, "SHGetFolderPathW": 2, "__exception__": 3, "DeleteFileW": 1, "GetFileVersionInfoSizeW": 5, "NtQuerySystemInformation": 1, "FindFirstFileExW": 16, "GlobalMemoryStatusEx": 6, "RegOpenKeyExA": 1, "LdrLoadDll": 29, "NtMapViewOfSection": 18, "RegQueryInfoKeyW": 3, "NtOpenDirectoryObject": 1, "LdrGetProcedureAddress": 212, "NtCreateFile": 94, "IsDebuggerPresent": 1, "GetFileAttributesW": 21, "GlobalMemoryStatus": 1, "NtCreateSection": 13, "GetFileVersionInfoW": 5, "RegOpenKeyExW": 63, "LdrUnloadDll": 2, "CoInitializeEx": 2, "GetFileAttributesExW": 5, "SetUnhandledExceptionFilter": 1, "RegEnumValueW": 3, "GetSystemTimeAsFileTime": 5, "NtProtectVirtualMemory": 33, "SetErrorMode": 54, "GetSystemWindowsDirectoryW": 2, "RegCloseKey": 41, "RegQueryValueExW": 98, "NtOpenKeyEx": 2, "CreateActCtxW": 2, "GetShortPathNameW": 1, "GetFileInformationByHandle": 10}, "class": "malware"}