{"apistats": {"NtReadFile": 2, "FindFirstFileExW": 202, "NtClose": 67, "NtDeviceIoControlFile": 1, "NtOpenFile": 2, "GetFileAttributesW": 13, "NtQueryValueKey": 1, "socket": 1, "NtFreeVirtualMemory": 2, "NtDuplicateObject": 6, "LdrLoadDll": 26, "GetUserNameExA": 1, "NtDelayExecution": 1, "NtAllocateVirtualMemory": 6, "CertOpenSystemStoreA": 1, "RegOpenKeyExW": 59, "NtCreateSection": 2, "RegEnumKeyExA": 17, "GetSystemWindowsDirectoryW": 1, "NtProtectVirtualMemory": 54, "NtMapViewOfSection": 2, "RegCloseKey": 77, "GetUserNameExW": 1, "RegSetValueExW": 3, "RegQueryValueExW": 88, "CoCreateInstance": 1, "NtQueryInformationFile": 2, "OleInitialize": 1, "WSAStartup": 1, "RegOpenKeyExA": 573, "SHGetFolderPathW": 185, "OpenServiceW": 2, "NtCreateFile": 80, "LdrGetProcedureAddress": 74, "NtOpenKey": 3, "RegQueryValueExA": 47, "SetUnhandledExceptionFilter": 1, "RegCreateKeyExA": 2, "NtOpenProcess": 7, "CreateDirectoryW": 9, "NtQueryDirectoryFile": 16, "GlobalMemoryStatusEx": 1, "RegSetValueExA": 1, "LookupPrivilegeValueW": 8, "GetUserNameA": 1, "StartServiceA": 1, "OpenSCManagerW": 1, "InternetCrackUrlA": 2, "GetSystemTimeAsFileTime": 23, "GetTempPathW": 1, "LdrGetDllHandle": 6, "GetNativeSystemInfo": 3, "UuidCreate": 1}, "class": "malware", "name": "3575188f-0c34-11e8-b7a7-80e65024849a.file"}