{"name": "35be0800-e495-11e7-928a-80e65024849a.file", "apistats": {"GetSystemMetrics": 23, "RegEnumKeyExW": 2, "CreateThread": 1, "NtClose": 182, "NtQueryValueKey": 101, "RegQueryValueExA": 10, "RegCreateKeyExW": 1, "NtFreeVirtualMemory": 3, "NtOpenKey": 100, "NtAllocateVirtualMemory": 25, "GetSystemInfo": 6, "LoadStringW": 2, "NtOpenProcess": 2, "NtResumeThread": 1, "LdrGetDllHandle": 22, "NtOpenMutant": 1, "GetTempPathW": 8, "NtCreateMutant": 10, "GetCursorPos": 3, "FindResourceExW": 3, "GetSystemWindowsDirectoryW": 1, "NtCreateThreadEx": 1, "NtDelayExecution": 1, "NtDuplicateObject": 3, "CoCreateInstance": 5, "NtReadFile": 2, "RegOpenKeyExA": 13, "LdrLoadDll": 19, "NtMapViewOfSection": 4, "GetSystemTimeAsFileTime": 34499, "LdrGetProcedureAddress": 85, "NtCreateFile": 16, "IsDebuggerPresent": 2, "GetFileAttributesW": 1, "RegEnumKeyW": 10, "GetComputerNameA": 8, "OpenSCManagerW": 1, "NtCreateSection": 3, "GetSystemDirectoryW": 2, "RegOpenKeyExW": 23, "LdrUnloadDll": 1, "LookupAccountSidW": 2, "NtDeviceIoControlFile": 1, "SetUnhandledExceptionFilter": 1, "OpenServiceW": 1, "RegQueryValueExW": 1, "SetFilePointer": 1, "FindWindowA": 25, "RegCloseKey": 25, "CoInitializeEx": 2, "GetFileInformationByHandle": 21}, "class": "malware"}