{"apistats": {"CreateToolhelp32Snapshot": 2, "NtOpenSection": 5, "CoUninitialize": 1, "RegCloseKey": 31, "GetNativeSystemInfo": 1, "NtSetInformationFile": 7, "ioctlsocket": 4, "WSAStartup": 1, "NtTerminateProcess": 3, "RegEnumKeyW": 13, "GetForegroundWindow": 2, "GetFileAttributesW": 1, "NtQueryAttributesFile": 1, "select": 53, "CryptCreateHash": 1, "GetVolumePathNamesForVolumeNameW": 6, "NtCreateThreadEx": 1, "GetFileSize": 1, "RegOpenKeyExW": 35, "NtDelayExecution": 94, "SetErrorMode": 1, "NtAllocateVirtualMemory": 3476, "ReadProcessMemory": 1, "RegOpenKeyExA": 1, "DeleteFileW": 2, "SHGetFolderPathW": 3, "listen": 2, "GetComputerNameW": 1, "NtResumeThread": 5, "CryptAcquireContextA": 1, "GetFileSizeEx": 12, "CoCreateInstance": 2, "CryptAcquireContextW": 4, "CreateDirectoryW": 2, "FindResourceExW": 2, "NtCreateFile": 24, "GetSystemTimeAsFileTime": 368, "Thread32Next": 870, "GlobalMemoryStatusEx": 2, "Thread32First": 2, "FindFirstFileExW": 2840, "closesocket": 1, "socket": 4, "GetFileInformationByHandleEx": 12, "NtCreateSection": 390, "GetTimeZoneInformation": 2, "RegSetValueExW": 3, "LoadResource": 2, "GetFileType": 2, "SetFileAttributesW": 2, "NtQueryInformationFile": 2, "CreateProcessInternalW": 1, "NtClose": 3237, "RegCreateKeyExW": 3, "NtDuplicateObject": 5, "GetShortPathNameW": 4, "NtSetContextThread": 1, "GetSystemInfo": 2, "RegQueryValueExA": 1, "accept": 1, "LdrGetProcedureAddress": 365, "GetSystemWindowsDirectoryW": 7, "NtQueryValueKey": 6, "getsockname": 2, "NtOpenProcess": 14, "CryptHashData": 1, "RegQueryValueExW": 23, "NtMapViewOfSection": 398, "Process32NextW": 64, "Module32FirstW": 2, "CreateActCtxW": 1, "SetFileTime": 1, "connect": 2, "NtReadFile": 3, "NtWriteFile": 4, "LdrGetDllHandle": 25, "Process32FirstW": 2, "LdrUnloadDll": 9, "NtQuerySystemInformation": 1, "OleInitialize": 1, "NtOpenFile": 2, "CreateThread": 4, "GetSystemDirectoryW": 3, "RegQueryInfoKeyW": 1, "SetFilePointer": 3, "NtUnmapViewOfSection": 396, "NtQueryDirectoryFile": 7490, "Module32NextW": 60, "LoadStringW": 1, "NtFreeVirtualMemory": 191, "GetVolumeNameForVolumeMountPointW": 2, "GetSystemDirectoryA": 11, "CryptDecrypt": 1, "NtCreateMutant": 2, "NtProtectVirtualMemory": 2, "CoInitializeEx": 1, "GlobalMemoryStatus": 2, "NtGetContextThread": 1, "SetUnhandledExceptionFilter": 1, "bind": 2, "NtOpenKey": 5, "GetTempPathW": 1, "SHGetSpecialFolderLocation": 1, "LdrLoadDll": 27}, "name": "35be198a-c05f-11e7-afd1-80e65024849a.file", "class": "malware"}