{"name": "36261d51-0c34-11e8-a600-80e65024849a.file", "apistats": {"NtWriteFile": 8, "GetSystemDirectoryA": 11, "OleInitialize": 1, "NtOpenFile": 2, "GetVolumeNameForVolumeMountPointW": 3, "NtQueryValueKey": 9, "RegQueryValueExA": 1, "NtReadFile": 127, "NtFreeVirtualMemory": 1, "NtOpenKey": 27, "GetSystemDirectoryW": 2, "NtAllocateVirtualMemory": 25, "LoadResource": 2, "LoadStringW": 1, "NtOpenProcess": 14, "GetNativeSystemInfo": 1, "NtMapViewOfSection": 7, "LdrGetDllHandle": 51, "GetVolumePathNamesForVolumeNameW": 6, "SetFilePointer": 4, "CreateActCtxW": 1, "GetTempPathW": 1, "NtCreateMutant": 2, "FindResourceExW": 2, "NtQueryDirectoryFile": 7, "NtDuplicateObject": 3, "DeleteFileW": 2, "CoCreateInstance": 2, "GetFileSizeEx": 12, "NtQuerySystemInformation": 1, "GetFileSize": 1, "GlobalMemoryStatusEx": 1, "RegOpenKeyExA": 5, "LdrLoadDll": 28, "CreateDirectoryW": 13, "NtClose": 95, "GetSystemTimeAsFileTime": 38, "LdrGetProcedureAddress": 100, "NtCreateFile": 55, "GetFileAttributesW": 43, "NtUnmapViewOfSection": 1, "NtCreateSection": 5, "FindFirstFileExW": 1, "RegOpenKeyExW": 456, "NtQueryAttributesFile": 1, "LdrUnloadDll": 6, "RegEnumKeyW": 109, "GetFileInformationByHandleEx": 12, "NtProtectVirtualMemory": 1, "SetErrorMode": 1, "NtOpenSection": 5, "GetSystemWindowsDirectoryW": 7, "CoUninitialize": 15, "RegCloseKey": 318, "RegQueryValueExW": 2196, "SetFileTime": 1, "CoInitializeEx": 15}, "class": "malware"}