{"class": "malware", "name": "3641af8c-9757-11e6-8be3-80e65024849a.file", "apistats": {"GetNativeSystemInfo": 1, "FindResourceExW": 2, "NtOpenKey": 21, "SetUnhandledExceptionFilter": 1, "NtProtectVirtualMemory": 20, "InternetCrackUrlW": 2, "NtDeviceIoControlFile": 1, "CreateActCtxW": 1, "GetFileInformationByHandleEx": 12, "NtQueryDirectoryFile": 7, "FindFirstFileExW": 1, "CoGetClassObject": 3, "OleInitialize": 2, "LdrGetDllHandle": 16, "GetVolumePathNamesForVolumeNameW": 6, "RegOpenKeyExW": 27, "NtOpenDirectoryObject": 1, "LdrGetProcedureAddress": 44, "GetSystemTimeAsFileTime": 3, "NtOpenFile": 13, "NtWriteFile": 6, "NtUnmapViewOfSection": 1, "NtFreeVirtualMemory": 1, "SetErrorMode": 1, "NtMapViewOfSection": 1, "NtDelayExecution": 18, "LdrLoadDll": 10, "NtCreateFile": 4, "NtAllocateVirtualMemory": 31, "RegQueryValueExA": 1, "LoadStringW": 1, "NtOpenProcess": 2, "NtQueryValueKey": 13, "CoUninitialize": 1, "GetFileAttributesW": 1, "NtCreateMutant": 2, "RegQueryInfoKeyW": 1, "NtTerminateProcess": 3, "GetTempPathW": 1, "IWbemServices_ExecQuery": 1, "CreateProcessInternalW": 5, "GetFileSize": 1, "LoadResource": 2, "GetUserNameExW": 2, "GlobalMemoryStatusEx": 1, "NtCreateSection": 3, "CoInitializeEx": 1, "SetFilePointer": 1, "NtDuplicateObject": 1, "SetFileTime": 2, "CoCreateInstanceEx": 4, "GetFileSizeEx": 12, "CreateDirectoryW": 20, "RegCloseKey": 21, "GetVolumeNameForVolumeMountPointW": 3, "SearchPathW": 1, "GetSystemMetrics": 3, "RegOpenKeyExA": 4, "NtReadFile": 4, "RegEnumKeyW": 109, "RegQueryValueExW": 33, "NtOpenSection": 5, "DeleteFileW": 2, "UuidCreate": 1, "GetSystemDirectoryW": 2, "GetFileType": 2, "CoInitializeSecurity": 1, "GetComputerNameW": 5, "NtQuerySystemInformation": 1, "IsDebuggerPresent": 1, "NtClose": 62, "CoCreateInstance": 13, "GetSystemWindowsDirectoryW": 7, "LdrUnloadDll": 2}}