{"name": "36b50147-9757-11e6-98bb-80e65024849a.file", "apistats": {"NtWriteFile": 46, "SetErrorMode": 2, "RegEnumKeyExW": 6, "CreateThread": 1, "socket": 7, "NtOpenFile": 4, "NtFreeVirtualMemory": 5, "NtQueryKey": 48, "closesocket": 7, "LoadResource": 2, "GetFileSize": 1, "NtOpenProcess": 14, "setsockopt": 7, "CreateActCtxW": 4, "GetTempPathW": 1, "NtCreateMutant": 1, "GetCursorPos": 1, "NtQueryDirectoryFile": 76, "NtDuplicateObject": 3, "SearchPathW": 1, "CoCreateInstance": 15, "GetAdaptersAddresses": 3, "NtQuerySystemInformation": 1, "RegDeleteValueW": 9, "LdrLoadDll": 10, "CreateDirectoryW": 20, "NtCreateFile": 1, "NtTerminateProcess": 3, "InternetCrackUrlW": 1, "SetFilePointerEx": 1, "NtUnmapViewOfSection": 13, "FindFirstFileExW": 92, "RegOpenKeyExW": 36, "GetBestInterfaceEx": 2, "NtQueryAttributesFile": 141, "GetFileSizeEx": 12, "RegSetValueExW": 42, "NtProtectVirtualMemory": 48, "SetFilePointer": 27, "CreateProcessInternalW": 1, "GetSystemTimeAsFileTime": 13, "GetAddrInfoW": 3, "NtOpenKeyEx": 44, "OleInitialize": 2, "GetAdaptersInfo": 2, "NtClose": 100, "GetVolumeNameForVolumeMountPointW": 3, "NtQueryValueKey": 2, "RegQueryValueExA": 2, "NtReadFile": 4, "NtOpenKey": 8, "NtAllocateVirtualMemory": 34, "NtQueryInformationFile": 4, "NtResumeThread": 1, "NtMapViewOfSection": 11, "LdrGetDllHandle": 62, "GetVolumePathNamesForVolumeNameW": 6, "RemoveDirectoryA": 1, "GetSystemMetrics": 4, "RegCreateKeyExW": 21, "FindResourceExW": 2, "NtDelayExecution": 80, "NtSetInformationFile": 5, "WSAStartup": 11, "GlobalMemoryStatusEx": 1, "RegOpenKeyExA": 4, "SetUnhandledExceptionFilter": 1, "RegCloseKey": 60, "LdrGetProcedureAddress": 114, "InternetOpenW": 1, "FindResourceW": 1, "NtCreateSection": 9, "DeviceIoControl": 1, "LdrUnloadDll": 5, "SetWindowsHookExW": 1, "RegEnumKeyW": 109, "NtDeviceIoControlFile": 56, "SetFileTime": 22, "GetFileInformationByHandleEx": 12, "RegQueryValueExW": 90, "NtOpenSection": 5, "GetSystemWindowsDirectoryW": 1, "CoUninitialize": 12, "CoInitializeEx": 13}, "class": "malware"}