{"name": "36fb540a-c5d3-11e6-93df-80e65024849a.file", "apistats": {"NtWriteFile": 55, "GetFileInformationByHandleEx": 12, "CryptHashData": 1, "CryptDecrypt": 1, "CoInitializeEx": 15, "CreateThread": 1, "RtlRemoveVectoredExceptionHandler": 1, "NtClose": 161, "GetVolumeNameForVolumeMountPointW": 3, "GetNativeSystemInfo": 1, "NtQueryValueKey": 10, "RegQueryValueExA": 1, "GlobalMemoryStatusEx": 1, "RtlAddVectoredExceptionHandler": 1, "NtOpenKey": 28, "FindResourceExW": 2, "NtQueryDirectoryFile": 7, "NtAllocateVirtualMemory": 60, "GetSystemInfo": 1, "OleInitialize": 1, "GetFileSize": 15, "NtQueryInformationFile": 1, "NtResumeThread": 1, "CreateDirectoryW": 13, "LdrGetDllHandle": 22, "GetVolumePathNamesForVolumeNameW": 6, "SetFilePointer": 7, "CreateActCtxW": 1, "GetTempPathW": 1, "RegCreateKeyExW": 3, "NtFreeVirtualMemory": 30, "FindFirstFileExW": 1, "NtDuplicateObject": 3, "SHGetFolderPathW": 3, "RegEnumKeyW": 109, "GetSystemTimeAsFileTime": 38, "NtGetContextThread": 1, "LoadResource": 2, "GetFileSizeEx": 12, "NtQuerySystemInformation": 1, "CryptCreateHash": 1, "LoadStringW": 1, "NtReadFile": 213, "RegOpenKeyExA": 5, "LdrLoadDll": 59, "NtMapViewOfSection": 6, "CryptAcquireContextW": 1, "NtOpenFile": 2, "GetComputerNameW": 1, "LdrGetProcedureAddress": 76, "RtlDecompressBuffer": 1, "NtCreateFile": 50, "NtUnmapViewOfSection": 8, "GetFileAttributesW": 27, "NtOpenProcess": 14, "SetErrorMode": 1, "NtCreateSection": 4, "GetSystemDirectoryW": 13, "RegOpenKeyExW": 456, "DeleteFileW": 2, "NtQueryAttributesFile": 1, "LdrUnloadDll": 4, "CoCreateInstance": 2, "NtSetContextThread": 1, "NtCreateMutant": 2, "SetUnhandledExceptionFilter": 1, "RegSetValueExW": 3, "CreateProcessInternalW": 1, "NtTerminateProcess": 3, "NtProtectVirtualMemory": 1, "NtOpenSection": 5, "GetSystemWindowsDirectoryW": 7, "CoUninitialize": 15, "RegCloseKey": 342, "SetFileTime": 4, "SetFileAttributesW": 2, "RegQueryValueExW": 2196}, "class": "malware"}