{"name": "370eaa1c-c364-11e6-b22c-80e65024849a.file", "apistats": {"NtWriteFile": 1, "SendNotifyMessageW": 4, "NtUnmapViewOfSection": 1, "RegEnumKeyExW": 21, "NtCreateMutant": 2, "NtOpenFile": 26, "FindResourceExW": 7, "GetFileVersionInfoW": 1, "NtQueryKey": 965, "GetForegroundWindow": 1, "GetSystemInfo": 2, "LoadResource": 7, "LoadStringW": 172, "NtOpenProcess": 47, "GetNativeSystemInfo": 1, "CoGetClassObject": 1, "IWbemServices_ExecQuery": 1, "NtCreateKey": 4, "CoInitializeEx": 1, "GetTempPathW": 1, "CreateThread": 1, "GetCursorPos": 1, "FindFirstFileExW": 27, "OpenSCManagerA": 1, "NtDuplicateObject": 1, "SHGetFolderPathW": 2, "CoCreateInstance": 20, "NtQuerySystemInformation": 1, "GetVolumePathNameW": 1, "LdrLoadDll": 2, "NtMapViewOfSection": 2, "SetFileTime": 9, "GetComputerNameW": 1, "NtCreateFile": 5, "GetFileAttributesW": 41, "SetErrorMode": 5, "GetSystemDirectoryW": 1, "RegOpenKeyExW": 6, "NtQueryAttributesFile": 4, "LookupAccountSidW": 6, "LookupPrivilegeValueW": 1, "DeviceIoControl": 2, "FindWindowExW": 66, "NetShareEnum": 1, "NtProtectVirtualMemory": 4, "SetFilePointer": 32, "GetSystemTimeAsFileTime": 2, "EnumWindows": 2, "DrawTextExW": 117, "ShellExecuteExW": 1, "NtOpenKeyEx": 607, "UuidCreate": 1, "GetFileInformationByHandle": 2, "NtOpenDirectoryObject": 1, "OleInitialize": 2, "FindResourceExA": 2, "NtClose": 27, "GetVolumeNameForVolumeMountPointW": 3, "NtQueryValueKey": 6, "RegQueryValueExA": 20, "CreateProcessInternalW": 2, "NtOpenKey": 10, "NtQueryDirectoryFile": 33, "NtQueryInformationFile": 16, "GlobalMemoryStatusEx": 1, "CoInitializeSecurity": 1, "NtAllocateVirtualMemory": 2, "CreateDirectoryW": 10, "LdrGetDllHandle": 4, "GetVolumePathNamesForVolumeNameW": 6, "RemoveDirectoryA": 1, "NtOpenMutant": 1, "GetSystemMetrics": 509, "NtFreeVirtualMemory": 3, "NtDelayExecution": 3, "RegCreateKeyExA": 7, "DeleteFileW": 6, "GetFileSizeEx": 15, "GetFileSize": 1, "NtReadFile": 1222, "RegOpenKeyExA": 35, "CoCreateInstanceEx": 1, "SetUnhandledExceptionFilter": 1, "RegQueryInfoKeyW": 1, "RegCloseKey": 8, "LdrGetProcedureAddress": 9, "RegEnumKeyExA": 7, "OpenServiceA": 1, "NtCreateSection": 2, "FindWindowExA": 2, "GetFileVersionInfoSizeW": 1, "LdrUnloadDll": 2, "RegEnumKeyW": 109, "LoadStringA": 31, "SetFileAttributesW": 5, "GetFileInformationByHandleEx": 13, "NtTerminateProcess": 3, "RegQueryValueExW": 4, "RegSetValueExA": 7, "NtOpenSection": 7, "GetSystemWindowsDirectoryW": 8, "CoUninitialize": 1, "GetFileType": 1, "GetKeyState": 77, "NtSetValueKey": 20, "CreateActCtxW": 2}, "class": "malware"}