{"class": "malware", "name": "376de2cf-f246-11e7-8f43-80e65024849a.file", "apistats": {"GetNativeSystemInfo": 1, "NtOpenKey": 18, "GetSystemWindowsDirectoryA": 1, "SetUnhandledExceptionFilter": 1, "NtProtectVirtualMemory": 30, "GetForegroundWindow": 1, "NtAllocateVirtualMemory": 36, "NtQueryInformationFile": 5, "CreateActCtxW": 2, "GetFileInformationByHandleEx": 1, "RegSetValueExW": 8, "NtQueryDirectoryFile": 71, "NtMapViewOfSection": 14, "SHGetFolderPathW": 2, "OleInitialize": 1, "LdrGetDllHandle": 19, "SetFilePointerEx": 1, "RegOpenKeyExW": 404, "GetFileAttributesExW": 4, "LdrGetProcedureAddress": 218, "GetSystemTimeAsFileTime": 7, "NtOpenFile": 4, "NtWriteFile": 6816, "NtUnmapViewOfSection": 7, "NtFreeVirtualMemory": 12, "SetErrorMode": 22, "FindFirstFileExW": 9, "GetVolumePathNamesForVolumeNameW": 6, "LdrLoadDll": 29, "NtCreateFile": 18, "RegQueryValueExA": 3, "RegEnumKeyExA": 412, "LoadStringW": 22, "NtOpenProcess": 4, "GetFileSize": 1, "CoUninitialize": 4, "GetFileAttributesW": 10, "NtCreateMutant": 4, "NtTerminateProcess": 3, "GetTempPathW": 1, "RegEnumValueA": 1, "NtOpenThread": 1, "CreateProcessInternalW": 1, "NtQueryValueKey": 10, "GetUserNameExW": 1, "NtQueryAttributesFile": 2, "GlobalMemoryStatusEx": 1, "NtCreateSection": 9, "LdrUnloadDll": 2, "SetFilePointer": 4, "NtDuplicateObject": 3, "GetSystemInfo": 2, "GetFileSizeEx": 1, "CreateDirectoryW": 1, "RegCloseKey": 222, "GetVolumeNameForVolumeMountPointW": 3, "RegOpenKeyExA": 10, "NtReadFile": 9, "RegEnumKeyExW": 12, "RegEnumKeyW": 20, "RegQueryValueExW": 628, "NtOpenSection": 12, "GetSystemDirectoryW": 5, "GetDiskFreeSpaceW": 1, "GetShortPathNameW": 9, "NtQuerySystemInformation": 1, "ShellExecuteExW": 1, "NtClose": 80, "CoCreateInstance": 4, "GetSystemWindowsDirectoryW": 9, "CoInitializeEx": 3}}