{"name": "37cee480-df56-11e7-b284-80e65024849a.file", "apistats": {"LdrUnloadDll": 4, "RtlRemoveVectoredExceptionHandler": 1, "NtUnmapViewOfSection": 14, "NtMapViewOfSection": 16, "LdrGetProcedureAddress": 23, "socket": 2, "NtOpenDirectoryObject": 1, "NtClose": 47, "NtCreateFile": 17, "NtQueryValueKey": 6, "NtQueryKey": 7, "NtTerminateProcess": 3, "NtOpenKey": 1, "NtCreateSection": 16, "GetSystemDirectoryW": 2, "NtOpenKeyEx": 7, "NtAllocateVirtualMemory": 1, "closesocket": 2, "NtQueryAttributesFile": 10, "LdrLoadDll": 3, "LoadStringW": 1, "GetNativeSystemInfo": 1, "LdrGetDllHandle": 5, "SetUnhandledExceptionFilter": 1, "GetSystemTimeAsFileTime": 6, "NtCreateMutant": 2, "GetSystemInfo": 2, "GetSystemWindowsDirectoryW": 5, "RegCloseKey": 4, "SetErrorMode": 1, "WSAStartup": 1}, "class": "malware"}