{"apistats": {"RegCreateKeyExW": 21, "NtDuplicateObject": 5, "CoUninitialize": 12, "RegCloseKey": 59, "NtQueryKey": 8, "GetBestInterfaceEx": 6, "InternetOpenA": 1, "WSAStartup": 13, "NtClose": 113, "GetAdaptersAddresses": 3, "RegQueryValueExW": 84, "NtFreeVirtualMemory": 2, "RegOpenKeyExW": 57, "NtDelayExecution": 18, "NtDeviceIoControlFile": 74, "NtAllocateVirtualMemory": 20, "NtOpenDirectoryObject": 1, "CoInitializeEx": 13, "CoCreateInstance": 15, "RegEnumKeyExW": 6, "SetUnhandledExceptionFilter": 1, "GetSystemTimeAsFileTime": 12, "closesocket": 10, "NtCreateMutant": 23, "NtProtectVirtualMemory": 37, "GetAddrInfoW": 3, "setsockopt": 10, "RegDeleteValueW": 9, "socket": 10, "RegSetValueExW": 42, "NtOpenKey": 6, "LdrGetProcedureAddress": 29, "LdrLoadDll": 5}, "name": "382f2a05-f246-11e7-bb89-80e65024849a.file", "class": "malware"}