{"name": "386034f0-df56-11e7-ab4c-80e65024849a.file", "apistats": {"GetComputerNameA": 1, "NtClose": 172, "GetNativeSystemInfo": 1, "NtQueryValueKey": 3, "RegQueryValueExA": 1, "CreateProcessInternalW": 1, "NtOpenKey": 2, "NtAllocateVirtualMemory": 48, "GetFileSize": 1, "GetUserNameA": 1, "NtResumeThread": 1, "LdrGetDllHandle": 2, "NtCreateMutant": 1, "GetCursorPos": 1, "NtFreeVirtualMemory": 8, "NtCreateThreadEx": 1, "NtQueryDirectoryFile": 321, "NtDuplicateObject": 1, "SHGetFolderPathW": 1, "RegOpenKeyExA": 1, "LdrLoadDll": 6, "NtMapViewOfSection": 1, "NtOpenFile": 1, "GetComputerNameW": 1, "LdrGetProcedureAddress": 40, "NtCreateFile": 1, "GetFileAttributesW": 5, "NtUnmapViewOfSection": 1, "OpenSCManagerW": 1, "NtCreateSection": 1, "FindFirstFileExW": 184, "RegOpenKeyExW": 1, "GetTimeZoneInformation": 1, "NtQueryInformationFile": 1, "GetSystemTimeAsFileTime": 160, "NtTerminateProcess": 3, "NtProtectVirtualMemory": 5, "GetSystemWindowsDirectoryW": 1, "RegCloseKey": 1}, "class": "malware"}