{"apistats": {"NtOpenSection": 12, "CoUninitialize": 4, "RegCloseKey": 108, "NtDuplicateObject": 32, "MoveFileWithProgressW": 1, "GetFileAttributesExW": 4, "NtTerminateProcess": 3, "SendNotifyMessageW": 2, "GetForegroundWindow": 21, "GetFileAttributesW": 5, "GetVolumePathNamesForVolumeNameW": 6, "GetSystemMetrics": 2, "NtCreateThreadEx": 1, "GetFileSize": 1, "RegOpenKeyExW": 188, "NtDelayExecution": 4, "SetErrorMode": 4, "NtAllocateVirtualMemory": 48, "RegOpenKeyExA": 1, "DeleteFileW": 1, "SHGetFolderPathW": 9, "CreateServiceW": 1, "GetCursorPos": 1, "GetComputerNameW": 1, "NtResumeThread": 1, "GetFileSizeEx": 1, "CoCreateInstance": 4, "GetUserNameA": 1, "NtCreateFile": 1, "GetSystemTimeAsFileTime": 160, "GetComputerNameA": 1, "FindFirstFileExW": 184, "GetFileInformationByHandleEx": 2, "NtCreateSection": 1, "StartServiceW": 1, "GetTimeZoneInformation": 1, "CreateDirectoryW": 1, "NtQueryInformationFile": 3, "CreateProcessInternalW": 1, "NtQueryValueKey": 3, "GetNativeSystemInfo": 2, "OpenServiceW": 1, "GetSystemWindowsDirectoryW": 1, "NtClose": 165, "NtOpenProcess": 35, "RegQueryValueExW": 122, "NtMapViewOfSection": 1, "CreateActCtxW": 2, "NtReadFile": 1, "LdrGetDllHandle": 2, "GetKeyState": 6, "LdrUnloadDll": 4, "NtOpenFile": 6, "GetSystemDirectoryW": 3, "NtUnmapViewOfSection": 48, "NtQueryDirectoryFile": 321, "LoadStringW": 1, "__exception__": 4, "NtFreeVirtualMemory": 7, "GetVolumeNameForVolumeMountPointW": 3, "NtCreateMutant": 1, "NtProtectVirtualMemory": 5, "CoInitializeEx": 4, "NtOpenKey": 2, "OpenSCManagerW": 2, "LdrGetProcedureAddress": 40, "LdrLoadDll": 7}, "name": "38d1d8d9-df56-11e7-8fd4-80e65024849a.file", "class": "malware"}