{"class": "malware", "apistats": {"NtQueryKey": 5493, "DrawTextExW": 22, "GetBestInterfaceEx": 2, "LookupAccountSidW": 6, "CreateActCtxW": 1, "GetComputerNameW": 1, "NtCreateFile": 68, "NtOpenProcess": 19, "GetFileVersionInfoSizeW": 1, "GetDiskFreeSpaceExW": 1, "NtOpenKey": 27, "NtQueryDirectoryFile": 35, "GetForegroundWindow": 65, "NtOpenMutant": 1, "NtOpenFile": 8, "FindResourceExW": 221, "GetFileSizeEx": 18, "RegEnumKeyW": 440, "RegOpenKeyExA": 3, "LdrUnloadDll": 3, "RegCreateKeyExW": 8, "NtSetValueKey": 108, "GetFileSize": 28, "CoUninitialize": 75, "GetFileAttributesExW": 6, "CryptHashData": 1, "closesocket": 5, "GetTempPathW": 1, "LdrGetProcedureAddress": 41, "NtAllocateVirtualMemory": 1, "InternetConnectW": 1, "GetCursorPos": 6, "GetKeyState": 196, "GetFileInformationByHandleEx": 26, "GetSystemTimeAsFileTime": 184, "GetVolumeNameForVolumeMountPointW": 3, "GetAddrInfoW": 1, "EnumWindows": 15, "SetFilePointer": 4, "FindResourceW": 15, "CoCreateInstance": 36, "FindWindowW": 2, "NtFreeVirtualMemory": 2, "RegCloseKey": 1119, "NtProtectVirtualMemory": 37, "UuidCreate": 2, "RegSetValueExW": 15, "InternetOpenW": 2, "GetVolumePathNamesForVolumeNameW": 6, "GetFileVersionInfoW": 1, "NtDeviceIoControlFile": 30, "NtOpenKeyEx": 3444, "InternetCrackUrlW": 1, "CoInitializeEx": 78, "RegEnumKeyExW": 23, "FindFirstFileExW": 14, "DeviceIoControl": 1, "NtWriteFile": 1, "NtMapViewOfSection": 7, "CreateDirectoryW": 4, "GlobalMemoryStatusEx": 1, "WSAStartup": 6, "NtDuplicateObject": 8, "NtClose": 837, "GetAdaptersAddresses": 1, "NetShareEnum": 1, "LoadResource": 223, "RegQueryValueExW": 298, "LoadStringW": 15, "SHGetFolderPathW": 8, "RegDeleteKeyW": 1, "socket": 5, "NtQueryValueKey": 917, "RegDeleteValueW": 3, "NtOpenSection": 6, "GetSystemWindowsDirectoryW": 2, "RegOpenKeyExW": 310, "NtReadFile": 22, "RegQueryValueExA": 1, "LdrGetDllHandle": 4, "NtQuerySystemInformation": 1, "GetSystemInfo": 2, "NtDelayExecution": 54, "GetFileInformationByHandle": 1, "SizeofResource": 5, "NtQueryInformationFile": 5, "DeleteUrlCacheEntryW": 2, "SetErrorMode": 6, "NtCreateMutant": 13, "LdrLoadDll": 1, "GetFileAttributesW": 15, "HttpOpenRequestW": 1, "NtCreateKey": 99, "setsockopt": 5, "GetSystemMetrics": 868, "SendNotifyMessageW": 5, "NtCreateSection": 7, "NtUnmapViewOfSection": 14, "GetVolumePathNameW": 2, "GetSystemDirectoryW": 2, "CreateThread": 4}, "name": "3904290a-c041-11e6-ba8b-80e65024849a.file"}