{"class": "malware", "name": "39c078c5-aa57-11e6-8082-80e65024849a.file", "apistats": {"GetNativeSystemInfo": 2, "FindResourceExW": 3, "NtOpenKey": 36, "GlobalMemoryStatusEx": 1, "NtProtectVirtualMemory": 48, "GetAddrInfoW": 1, "GetForegroundWindow": 1, "NtDeviceIoControlFile": 22, "GetAdaptersInfo": 2, "LdrGetDllHandle": 55, "InternetConnectA": 1, "GetBestInterfaceEx": 2, "CreateActCtxW": 2, "GetFileInformationByHandleEx": 12, "RegSetValueExW": 14, "NtQueryDirectoryFile": 7, "DeleteFileW": 2, "OleInitialize": 1, "socket": 3, "RegOpenKeyExW": 489, "InternetQueryOptionA": 1, "LdrGetProcedureAddress": 130, "GetSystemTimeAsFileTime": 45, "NtOpenFile": 1, "NtWriteFile": 143, "NtUnmapViewOfSection": 2, "NtFreeVirtualMemory": 2, "SetErrorMode": 3, "GetFileSizeEx": 12, "NtMapViewOfSection": 6, "GetFileSize": 2, "GetVolumePathNamesForVolumeNameW": 6, "LdrLoadDll": 34, "NtCreateFile": 47, "FindFirstFileExW": 4, "NtAllocateVirtualMemory": 44, "InternetSetOptionA": 2, "RegQueryValueExA": 2, "LoadStringW": 1, "NtOpenProcess": 14, "NtQueryValueKey": 11, "CoUninitialize": 19, "GetFileAttributesW": 29, "NtCreateMutant": 2, "RegCreateKeyExW": 7, "GetTempPathW": 1, "closesocket": 3, "NtQueryKey": 4, "LoadResource": 4, "WSAStartup": 4, "setsockopt": 3, "NtCreateSection": 4, "LdrUnloadDll": 2, "SetFilePointer": 18, "NtDuplicateObject": 4, "InternetCrackUrlA": 1, "HttpOpenRequestA": 1, "RegEnumKeyW": 109, "CreateDirectoryW": 8, "RegCloseKey": 352, "GetVolumeNameForVolumeMountPointW": 3, "GetSystemMetrics": 3, "RegOpenKeyExA": 7, "CreateThread": 1, "NtReadFile": 510, "InternetOpenA": 1, "FindResourceExA": 1, "RegQueryValueExW": 2233, "NtOpenSection": 5, "GetSystemDirectoryW": 3, "NtQuerySystemInformation": 1, "RegDeleteValueW": 3, "GetAdaptersAddresses": 1, "NtClose": 136, "CoCreateInstance": 7, "GetSystemWindowsDirectoryW": 8, "CoInitializeEx": 20, "RegEnumKeyExW": 2}}