{"class": "malware", "apistats": {"NtQueryKey": 27, "GetSystemWindowsDirectoryW": 2, "NtOpenThread": 2, "CreateActCtxW": 3, "GetComputerNameW": 1, "RtlAddVectoredContinueHandler": 1, "NtCreateFile": 105, "NtReadVirtualMemory": 51, "WSASocketW": 4, "NtOpenProcess": 4, "GetFileVersionInfoSizeW": 4, "NtOpenKey": 3, "NtQueryDirectoryFile": 18, "NtOpenMutant": 2, "NtOpenFile": 16, "NtOpenKeyEx": 24, "LdrUnloadDll": 8, "GetFileSize": 8, "GetFileAttributesExW": 11, "RegOpenKeyExA": 2, "closesocket": 2, "NtSetValueKey": 12, "LdrGetProcedureAddress": 488, "GlobalMemoryStatusEx": 1, "NtAllocateVirtualMemory": 3423, "GetSystemTimeAsFileTime": 40, "LdrLoadDll": 60, "GetBestInterfaceEx": 2, "GetFileType": 2, "NtFreeVirtualMemory": 2550, "RegCloseKey": 93, "NtProtectVirtualMemory": 76, "UuidCreate": 2, "GetFileVersionInfoW": 4, "NtDeviceIoControlFile": 6, "NtQueryAttributesFile": 3, "NtOpenDirectoryObject": 1, "IsDebuggerPresent": 1, "CoInitializeEx": 2, "RegEnumKeyExW": 1819, "RegEnumValueW": 5, "NtMapViewOfSection": 24, "RegQueryValueExW": 200, "WSAStartup": 4, "NtDuplicateObject": 3, "NtClose": 87, "GetAdaptersAddresses": 2, "LoadResource": 1, "LoadStringW": 4, "GetShortPathNameW": 1, "NtEnumerateValueKey": 2, "NtQueryValueKey": 70, "NtOpenSection": 4, "RtlAddVectoredExceptionHandler": 1, "LookupPrivilegeValueW": 1, "GetTimeZoneInformation": 2, "RegOpenKeyExW": 133, "NtReadFile": 18, "ioctlsocket": 2, "LdrGetDllHandle": 64, "NtQuerySystemInformation": 1, "GetSystemInfo": 78, "NtDelayExecution": 70, "GetFileInformationByHandle": 10, "NtCreateKey": 5, "SetErrorMode": 80, "NtCreateMutant": 16, "GetFileAttributesW": 33, "SHGetFolderPathW": 2, "setsockopt": 2, "NtResumeThread": 2, "NtCreateSection": 19, "RegQueryInfoKeyW": 7, "SetUnhandledExceptionFilter": 1, "NtUnmapViewOfSection": 8, "GetSystemDirectoryW": 4, "CreateThread": 3}, "name": "3a9c2a82-9757-11e6-b0c2-80e65024849a.file"}