{"name": "3b621094-c05f-11e7-9111-80e65024849a.file", "apistats": {"RtlAddVectoredContinueHandler": 1, "NtUnmapViewOfSection": 5, "RegEnumKeyExW": 14, "NtCreateMutant": 4, "NtClose": 38, "NtQueryValueKey": 2, "NtOpenKey": 2, "GetSystemDirectoryW": 4, "NtQueryDirectoryFile": 2, "NtAllocateVirtualMemory": 504, "GetSystemInfo": 61, "GetFileSize": 7, "NtOpenProcess": 2, "NtResumeThread": 2, "LdrGetDllHandle": 73, "NtOpenMutant": 1, "CreateThread": 2, "NtFreeVirtualMemory": 205, "NtDelayExecution": 51, "NtDuplicateObject": 1, "SHGetFolderPathW": 2, "GetFileVersionInfoSizeW": 2, "NtQuerySystemInformation": 1, "FindFirstFileExW": 13, "LoadStringW": 4, "NtReadFile": 10, "RegOpenKeyExA": 1, "LdrLoadDll": 26, "NtMapViewOfSection": 16, "RegQueryInfoKeyW": 3, "NtOpenDirectoryObject": 1, "LdrGetProcedureAddress": 216, "NtCreateFile": 83, "IsDebuggerPresent": 1, "GetFileAttributesW": 25, "GlobalMemoryStatus": 1, "NtCreateSection": 14, "GetFileVersionInfoW": 2, "RegOpenKeyExW": 66, "NtQueryAttributesFile": 3, "LdrUnloadDll": 3, "CoInitializeEx": 2, "GetFileAttributesExW": 6, "SetUnhandledExceptionFilter": 1, "RegEnumValueW": 3, "GetSystemTimeAsFileTime": 5, "NtProtectVirtualMemory": 26, "SetErrorMode": 40, "NtOpenSection": 4, "GetSystemWindowsDirectoryW": 2, "RegCloseKey": 39, "RegQueryValueExW": 90, "NtOpenKeyEx": 2, "CreateActCtxW": 3, "GetShortPathNameW": 1, "GetFileInformationByHandle": 4}, "class": "malware"}