{"name": "3ced4f82-9757-11e6-8572-80e65024849a.file", "apistats": {"NtWriteFile": 1, "RtlAddVectoredContinueHandler": 1, "NtUnmapViewOfSection": 7, "NtDelayExecution": 50, "RegEnumKeyExW": 14, "NtCreateMutant": 5, "NtClose": 59, "NtQueryValueKey": 8, "SHGetFolderPathW": 4, "NtOpenKey": 7, "GetSystemDirectoryW": 4, "NtQueryKey": 6, "NtAllocateVirtualMemory": 317, "GetSystemInfo": 62, "GetFileSize": 5, "GlobalMemoryStatus": 1, "CoInitializeSecurity": 1, "NtOpenProcess": 2, "NtResumeThread": 2, "LdrGetDllHandle": 95, "GetFileType": 2, "NtOpenMutant": 1, "CreateThread": 3, "NtFreeVirtualMemory": 64, "NtQueryDirectoryFile": 2, "NtDuplicateObject": 2, "CryptAcquireContextW": 1, "CoInitializeEx": 2, "GetFileVersionInfoSizeW": 4, "NtQuerySystemInformation": 1, "FindFirstFileExW": 23, "NtReadFile": 10, "RegOpenKeyExA": 1, "LdrLoadDll": 30, "NtMapViewOfSection": 15, "RegQueryInfoKeyW": 3, "NtOpenDirectoryObject": 1, "LdrGetProcedureAddress": 267, "NtCreateFile": 83, "IsDebuggerPresent": 1, "GetFileAttributesW": 24, "SetErrorMode": 68, "NtCreateSection": 11, "GetFileVersionInfoW": 4, "RegOpenKeyExW": 60, "LdrUnloadDll": 2, "CreateActCtxW": 2, "GetFileAttributesExW": 9, "SetUnhandledExceptionFilter": 1, "RegEnumValueW": 3, "GetSystemTimeAsFileTime": 5, "NtProtectVirtualMemory": 30, "GetSystemWindowsDirectoryW": 2, "RegCloseKey": 39, "RegQueryValueExW": 87, "NtOpenKeyEx": 9, "UuidCreate": 1, "GetShortPathNameW": 1, "GetFileInformationByHandle": 8}, "class": "malware"}