{"class": "malware", "apistats": {"GetSystemWindowsDirectoryW": 1, "DrawTextExW": 11, "NtMapViewOfSection": 4, "CreateActCtxW": 2, "NtOpenKey": 5, "NtCreateFile": 1, "RegCloseKey": 8, "NtClose": 25, "RegQueryValueExW": 5, "NtQueryDirectoryFile": 4, "SetFilePointer": 2, "SearchPathW": 2, "LoadResource": 5, "NtOpenMutant": 1, "SetEndOfFile": 1, "__exception__": 1, "GlobalMemoryStatus": 1, "FindResourceExW": 7, "GetShortPathNameW": 1, "NtQueryValueKey": 5, "RegOpenKeyExA": 2, "OleInitialize": 1, "NtOpenSection": 2, "RtlAddVectoredExceptionHandler": 1, "GetFileSize": 1, "CryptAcquireContextW": 1, "RegOpenKeyExW": 19, "GetTempPathW": 1, "FindFirstFileExW": 2, "NtOpenFile": 2, "LdrGetDllHandle": 5, "NtAllocateVirtualMemory": 38, "GetSystemInfo": 1, "SetWindowsHookExA": 1, "NtQueryInformationFile": 2, "SetErrorMode": 5, "LdrLoadDll": 13, "GetFileAttributesW": 4, "LoadStringW": 5, "LdrGetProcedureAddress": 128, "GetFileType": 1, "RegEnumKeyExW": 21, "GetSystemMetrics": 89, "NtFreeVirtualMemory": 1, "LoadStringA": 21, "NtProtectVirtualMemory": 3, "NtCreateSection": 2, "NtUnmapViewOfSection": 2, "CoInitializeEx": 1, "GetSystemDirectoryW": 1}, "name": "3d32bf35-f246-11e7-876f-80e65024849a.file"}