{"name": "3e06ba1e-f246-11e7-8177-80e65024849a.file", "apistats": {"GetTempPathW": 1, "OleInitialize": 1, "RegEnumKeyExW": 21, "NtClose": 21, "NtQueryValueKey": 5, "RtlAddVectoredExceptionHandler": 1, "NtOpenKey": 5, "NtAllocateVirtualMemory": 39, "GetSystemInfo": 1, "LoadResource": 5, "LoadStringW": 5, "SetWindowsHookExA": 1, "LdrGetDllHandle": 4, "SetFilePointer": 2, "GetFileType": 1, "NtOpenMutant": 1, "GetSystemMetrics": 88, "FindResourceExW": 5, "CryptAcquireContextW": 1, "__exception__": 1, "SearchPathW": 2, "GetFileSize": 1, "RegOpenKeyExA": 2, "LdrLoadDll": 13, "NtMapViewOfSection": 4, "LdrGetProcedureAddress": 128, "NtCreateFile": 1, "NtFreeVirtualMemory": 1, "GetFileAttributesW": 3, "NtUnmapViewOfSection": 2, "NtCreateSection": 2, "GetSystemDirectoryW": 1, "RegOpenKeyExW": 19, "CreateActCtxW": 2, "NtQueryInformationFile": 1, "SetEndOfFile": 1, "LoadStringA": 21, "NtProtectVirtualMemory": 3, "SetErrorMode": 5, "NtOpenSection": 2, "GetSystemWindowsDirectoryW": 1, "RegCloseKey": 8, "DrawTextExW": 12, "RegQueryValueExW": 5, "GlobalMemoryStatus": 1, "CoInitializeEx": 1}, "class": "malware"}