{"apistats": {"NtDuplicateObject": 3, "DeviceIoControl": 2, "CoUninitialize": 67, "RegCloseKey": 170, "LdrUnloadDll": 4, "GetShortPathNameW": 12, "GetSystemInfo": 1, "RegQueryValueExA": 1, "NtOpenSection": 12, "GetSystemWindowsDirectoryW": 3, "NtClose": 2, "GetFileAttributesW": 14, "RegQueryValueExW": 206, "NtMapViewOfSection": 9, "GetVolumePathNamesForVolumeNameW": 6, "CreateActCtxW": 2, "GetFileSizeEx": 1, "RegEnumKeyW": 2, "NtTerminateProcess": 3, "SetErrorMode": 1, "NtReadFile": 16, "ReadProcessMemory": 1, "RegOpenKeyExA": 12, "DeleteFileW": 1, "NtFreeVirtualMemory": 1, "NtQuerySystemInformation": 1, "NtSetValueKey": 4, "NtResumeThread": 1, "CoInitializeEx": 67, "NtUnmapViewOfSection": 8, "RegOpenKeyExW": 266, "GetSystemDirectoryW": 2, "NtQueryDirectoryFile": 26, "SHGetFolderPathW": 5, "CreateDirectoryW": 1, "NtCreateFile": 26, "GetVolumeNameForVolumeMountPointW": 3, "GetSystemTimeAsFileTime": 1, "GlobalMemoryStatusEx": 1, "NtQueryAttributesFile": 3, "FindFirstFileExW": 12, "NtProtectVirtualMemory": 28, "GetFileAttributesExW": 4, "GetFileInformationByHandleEx": 7, "LdrGetDllHandle": 19, "NtCreateSection": 4, "SetUnhandledExceptionFilter": 2, "NtOpenKey": 15, "NtOpenMutant": 1, "LdrGetProcedureAddress": 245, "NtAllocateVirtualMemory": 3, "LdrLoadDll": 20, "CoCreateInstance": 32, "CreateProcessInternalW": 1, "NtQueryValueKey": 12}, "name": "3e105228-aa57-11e6-9eae-80e65024849a.file", "class": "malware"}