{"class": "malware", "apistats": {"NtQueryKey": 4, "DrawTextExW": 3, "GetBestInterfaceEx": 2, "CreateActCtxW": 1, "NtCreateFile": 33, "LdrUnloadDll": 1, "NtOpenProcess": 14, "NtOpenKey": 40, "NtQueryDirectoryFile": 7, "GetForegroundWindow": 2, "GetSystemWindowsDirectoryW": 7, "NtWriteFile": 14, "NtOpenFile": 1, "FindResourceExA": 2, "FindResourceExW": 5, "InternetConnectA": 1, "RegEnumKeyW": 109, "RegOpenKeyExA": 6, "OleInitialize": 1, "RegCreateKeyExW": 7, "GetFileSize": 2, "CoUninitialize": 19, "closesocket": 5, "GetTempPathW": 1, "LdrGetProcedureAddress": 98, "InternetOpenA": 1, "GlobalMemoryStatusEx": 1, "NtAllocateVirtualMemory": 17, "GetFileInformationByHandleEx": 12, "GetSystemTimeAsFileTime": 44, "GetVolumeNameForVolumeMountPointW": 3, "GetAddrInfoW": 1, "CoInitializeEx": 22, "RegOpenKeyExW": 513, "NtFreeVirtualMemory": 3, "RegCloseKey": 366, "NtProtectVirtualMemory": 46, "RegSetValueExW": 14, "RegDeleteValueW": 3, "GetVolumePathNamesForVolumeNameW": 6, "NtDeviceIoControlFile": 30, "RegSetValueExA": 1, "RegEnumKeyExW": 24, "FindFirstFileExW": 1, "GetNativeSystemInfo": 2, "NtMapViewOfSection": 10, "CreateDirectoryW": 8, "GetAdaptersAddresses": 1, "WSAStartup": 6, "NtDuplicateObject": 4, "NtClose": 167, "RegQueryValueExW": 2242, "SetFilePointer": 14, "socket": 5, "HttpOpenRequestA": 1, "InternetCrackUrlA": 1, "LoadStringW": 11, "InternetQueryOptionA": 1, "LoadResource": 5, "NtQueryValueKey": 11, "NtOpenSection": 9, "NtOpenMutant": 1, "CoCreateInstance": 7, "NtReadFile": 227, "RegQueryValueExA": 2, "LdrGetDllHandle": 20, "NtQuerySystemInformation": 1, "NtDelayExecution": 7, "SetErrorMode": 1, "NtCreateMutant": 2, "GetFileAttributesW": 14, "DeleteFileW": 2, "RegCreateKeyExA": 1, "GetFileSizeEx": 12, "setsockopt": 5, "GetSystemMetrics": 21, "NtCreateSection": 4, "NtUnmapViewOfSection": 6, "CreateThread": 2, "GetSystemDirectoryW": 3, "LdrLoadDll": 33}, "name": "3e78d4c0-9eb2-11e6-a9ea-80e65024849a.file"}