{"apistats": {"GetUserNameExW": 1, "RegDeleteKeyA": 1, "NtOpenSection": 1, "CoUninitialize": 2, "RegCloseKey": 64, "LdrUnloadDll": 11, "WSAStartup": 2, "NtTerminateProcess": 3, "GetFileVersionInfoSizeW": 1, "GetSystemMetrics": 29, "NtCreateThreadEx": 1, "GetFileSize": 1, "RegOpenKeyExW": 112, "SetErrorMode": 4, "NtAllocateVirtualMemory": 13, "RegOpenKeyExA": 8, "GetCursorPos": 2, "NtResumeThread": 1, "CoInitializeEx": 1, "CoCreateInstance": 1, "RegEnumKeyExW": 12, "GetTempPathW": 1, "NtCreateFile": 2, "GetSystemTimeAsFileTime": 1, "GlobalMemoryStatusEx": 1, "closesocket": 1, "LdrGetDllHandle": 15, "NtCreateSection": 4, "InternetSetOptionA": 2, "LoadResource": 25, "SetWindowsHookExW": 2, "LdrGetProcedureAddress": 145, "NtQueryValueKey": 7, "RegCreateKeyExW": 1, "NtDuplicateObject": 4, "DrawTextExW": 4, "GetSystemInfo": 2, "RegQueryValueExA": 1, "FindWindowW": 2, "GetSystemWindowsDirectoryW": 1, "NtClose": 60, "RegCreateKeyExA": 2, "FindWindowA": 1, "RegQueryValueExW": 18, "NtFreeVirtualMemory": 5, "SizeofResource": 1, "UnhookWindowsHookEx": 2, "NtDeviceIoControlFile": 2, "NtReadFile": 24, "NtMapViewOfSection": 4, "NtQuerySystemInformation": 1, "OleInitialize": 2, "LoadStringA": 112, "NtUnmapViewOfSection": 4, "RegQueryInfoKeyW": 2, "SetFilePointer": 27, "GetSystemDirectoryW": 1, "NtQueryAttributesFile": 4, "RegQueryInfoKeyA": 1, "NtCreateMutant": 2, "NtProtectVirtualMemory": 28, "setsockopt": 1, "RegDeleteValueW": 2, "socket": 1, "RegSetValueExW": 8, "NtOpenKey": 7, "FindResourceExW": 24, "RegSetValueExA": 2, "GetFileVersionInfoW": 1, "LdrLoadDll": 16, "FindResourceA": 2}, "name": "3e8acceb-5260-11e7-9017-80e65024849a.file", "class": "malware"}