{"apistats": {"NtOpenSection": 2, "GetAdaptersInfo": 1, "RegCloseKey": 9, "NtReadFile": 1, "DrawTextExW": 11, "NtSetContextThread": 1, "GetSystemInfo": 1, "EnumWindows": 1, "LdrGetProcedureAddress": 144, "GetSystemWindowsDirectoryW": 1, "NtQueryValueKey": 5, "GetFileAttributesW": 3, "RegQueryValueExW": 5, "NtMapViewOfSection": 4, "GetSystemMetrics": 88, "NtOpenFile": 2, "CreateActCtxW": 2, "GetFileSize": 1, "RegOpenKeyExW": 20, "SetErrorMode": 33, "NtAllocateVirtualMemory": 3, "RegOpenKeyExA": 2, "LdrGetDllHandle": 5, "SetWindowsHookExA": 1, "NtResumeThread": 1, "RtlAddVectoredExceptionHandler": 1, "LoadStringA": 21, "GetSystemDirectoryW": 1, "SetFilePointer": 2, "NtUnmapViewOfSection": 3, "NtQueryDirectoryFile": 2, "RegEnumKeyExW": 21, "CryptAcquireContextW": 1, "LoadStringW": 5, "FindResourceExW": 7, "NtFreeVirtualMemory": 2, "NtCreateSection": 2, "NtTerminateProcess": 3, "FindFirstFileExW": 1, "NtProtectVirtualMemory": 5, "CoInitializeEx": 1, "GetTempPathW": 1, "GlobalMemoryStatus": 1, "NtGetContextThread": 1, "SearchPathW": 2, "NtOpenKey": 5, "NtOpenMutant": 1, "LoadResource": 5, "__exception__": 1, "GetFileType": 1, "SetEndOfFile": 1, "LdrLoadDll": 27, "NtCreateFile": 2, "OleInitialize": 1, "NtQueryInformationFile": 2, "CreateProcessInternalW": 1, "NtClose": 2}, "name": "3e9630f5-f246-11e7-8203-80e65024849a.file", "class": "malware"}