{"name": "40346082-aa57-11e6-bc24-80e65024849a.file", "apistats": {"NtUnmapViewOfSection": 3, "Module32FirstW": 1, "RegEnumKeyExW": 57, "CreateThread": 2, "RtlAddVectoredExceptionHandler": 1, "GetFileVersionInfoW": 4, "GetSystemInfo": 48, "LoadResource": 2, "NtOpenProcess": 7, "GetNativeSystemInfo": 3, "CoInitializeEx": 2, "NtCreateMutant": 4, "FindFirstFileExW": 9, "NtDuplicateObject": 3, "CryptExportKey": 5, "__exception__": 12, "NtQuerySystemInformation": 2, "CryptCreateHash": 5, "CreateToolhelp32Snapshot": 1, "NtMapViewOfSection": 12, "NtCreateFile": 20, "GetFileAttributesW": 7, "GlobalMemoryStatus": 2, "GetSystemDirectoryW": 1, "RegOpenKeyExW": 35, "LookupPrivilegeValueW": 1, "SetUnhandledExceptionFilter": 2, "RegEnumValueW": 3, "GetFileAttributesExW": 15, "NtProtectVirtualMemory": 129, "ReadProcessMemory": 3582, "GetSystemTimeAsFileTime": 3, "FindResourceA": 2, "SetErrorMode": 32, "UuidCreate": 1, "GetFileInformationByHandle": 3, "CryptHashData": 5, "OleInitialize": 1, "NtClose": 40, "Module32NextW": 19, "NtQueryValueKey": 10, "RegQueryValueExA": 1, "NtReadFile": 10, "NtOpenKey": 8, "NtQueryDirectoryFile": 2, "NtAllocateVirtualMemory": 516, "LdrLoadDll": 37, "NtResumeThread": 3, "LdrGetDllHandle": 65, "FindResourceExW": 1, "NtCreateThreadEx": 1, "CryptAcquireContextW": 1, "GetFileVersionInfoSizeW": 4, "GlobalMemoryStatusEx": 2, "RegOpenKeyExA": 1, "RegQueryInfoKeyW": 2, "RegCloseKey": 17, "LdrGetProcedureAddress": 259, "NtFreeVirtualMemory": 153, "IsDebuggerPresent": 2, "NtCreateSection": 9, "LdrUnloadDll": 3, "SizeofResource": 3, "GetSystemWindowsDirectoryW": 2, "RegQueryValueExW": 28}, "class": "malware"}