{"apistats": {"NtOpenSection": 2, "NtOpenMutant": 1, "RegCloseKey": 8, "DrawTextExW": 13, "GetSystemInfo": 1, "GetSystemWindowsDirectoryW": 1, "NtQueryValueKey": 5, "FindResourceExW": 9, "GetFileAttributesW": 3, "RegQueryValueExW": 5, "DrawTextExA": 1, "NtMapViewOfSection": 4, "GetSystemMetrics": 98, "RtlAddVectoredExceptionHandler": 1, "CreateActCtxW": 2, "GetFileSize": 1, "RegOpenKeyExW": 19, "SetErrorMode": 5, "NtAllocateVirtualMemory": 39, "RegOpenKeyExA": 2, "LdrGetDllHandle": 5, "OleInitialize": 1, "NtOpenFile": 2, "LoadStringA": 21, "NtUnmapViewOfSection": 2, "SetFilePointer": 2, "GetSystemDirectoryW": 1, "NtQueryDirectoryFile": 2, "RegEnumKeyExW": 21, "CryptAcquireContextW": 1, "LoadStringW": 5, "__exception__": 1, "NtFreeVirtualMemory": 1, "GlobalMemoryStatus": 1, "FindFirstFileExW": 1, "NtProtectVirtualMemory": 3, "CoInitializeEx": 1, "GetTempPathW": 1, "NtCreateSection": 2, "SetWindowsHookExA": 1, "NtOpenKey": 5, "SearchPathW": 2, "LoadResource": 7, "LdrGetProcedureAddress": 128, "GetFileType": 1, "SetEndOfFile": 1, "LdrLoadDll": 13, "NtCreateFile": 1, "NtQueryInformationFile": 2, "NtClose": 24}, "name": "403ecbfa-f246-11e7-bee4-80e65024849a.file", "class": "malware"}