{"apistats": {"NtOpenSection": 4, "RegCloseKey": 92, "NtDuplicateObject": 3, "NtCreateKey": 5, "ioctlsocket": 2, "WSAStartup": 1, "GetFileVersionInfoSizeW": 4, "GetFileAttributesW": 33, "NtReadVirtualMemory": 51, "GetFileSize": 8, "RegOpenKeyExW": 133, "NtDelayExecution": 70, "SetErrorMode": 76, "NtAllocateVirtualMemory": 3343, "GetFileInformationByHandle": 10, "RegOpenKeyExA": 2, "SHGetFolderPathW": 2, "WSASocketW": 4, "GetComputerNameW": 1, "NtResumeThread": 2, "RtlAddVectoredExceptionHandler": 1, "CoInitializeEx": 2, "RegEnumKeyExW": 1819, "NtCreateFile": 105, "GetSystemTimeAsFileTime": 33, "GlobalMemoryStatusEx": 1, "closesocket": 2, "RegEnumValueW": 5, "LdrGetDllHandle": 60, "NtCreateSection": 19, "GetTimeZoneInformation": 2, "NtOpenMutant": 2, "GetFileType": 2, "LookupPrivilegeValueW": 1, "NtClose": 71, "LdrUnloadDll": 5, "NtQueryKey": 10, "GetShortPathNameW": 1, "GetSystemInfo": 76, "setsockopt": 2, "IsDebuggerPresent": 1, "GetSystemWindowsDirectoryW": 2, "NtQueryValueKey": 39, "NtOpenProcess": 4, "RegQueryValueExW": 200, "NtMapViewOfSection": 24, "RtlAddVectoredContinueHandler": 1, "CreateActCtxW": 3, "NtDeviceIoControlFile": 6, "NtReadFile": 18, "NtOpenDirectoryObject": 1, "NtQuerySystemInformation": 1, "NtSetValueKey": 12, "NtOpenFile": 16, "CreateThread": 3, "NtUnmapViewOfSection": 8, "RegQueryInfoKeyW": 7, "GetSystemDirectoryW": 4, "NtQueryDirectoryFile": 18, "SetUnhandledExceptionFilter": 1, "NtFreeVirtualMemory": 2479, "NtQueryAttributesFile": 3, "NtCreateMutant": 16, "NtProtectVirtualMemory": 76, "GetFileAttributesExW": 11, "LoadStringW": 4, "NtOpenKey": 3, "LdrGetProcedureAddress": 456, "NtOpenThread": 2, "GetFileVersionInfoW": 4, "NtOpenKeyEx": 6, "LdrLoadDll": 45, "UuidCreate": 2}, "name": "403f8d7a-9c08-11e6-b84e-80e65024849a.file", "class": "malware"}