{"apistats": {"GetNativeSystemInfo": 1, "NtProtectVirtualMemory": 11, "GetSystemInfo": 2, "WSAStartup": 1, "LoadStringW": 45, "GetTempPathW": 2, "GetSystemWindowsDirectoryW": 1, "NtQueryValueKey": 3, "getsockname": 1, "FindFirstFileExW": 7, "NtFreeVirtualMemory": 8, "LdrGetDllHandle": 20, "NtCreateSection": 1, "socket": 1, "bind": 1, "NtOpenKey": 3, "LdrGetProcedureAddress": 234, "RegOpenKeyExW": 12, "SetErrorMode": 6, "NtDeviceIoControlFile": 1, "NtAllocateVirtualMemory": 11, "LdrLoadDll": 6, "NtCreateFile": 1, "NtMapViewOfSection": 1, "NtClose": 3}, "name": "40baf14f-9757-11e6-bc7c-80e65024849a.file", "class": "malware"}