{"class": "malware", "apistats": {"DrawTextExW": 12, "NtMapViewOfSection": 2, "RegQueryValueExW": 5, "LoadStringA": 19, "NtClose": 20, "NtOpenKey": 5, "SearchPathW": 2, "GetForegroundWindow": 3, "NtOpenMutant": 1, "FindResourceExW": 19, "LoadResource": 13, "NtQueryValueKey": 5, "RegOpenKeyExA": 2, "OleInitialize": 1, "NtOpenSection": 2, "RegOpenKeyExW": 18, "LdrGetProcedureAddress": 111, "LdrGetDllHandle": 5, "NtAllocateVirtualMemory": 33, "GetSystemInfo": 1, "SetWindowsHookExA": 1, "SetErrorMode": 3, "LdrLoadDll": 10, "EnumWindows": 1, "GetFileAttributesW": 3, "LoadStringW": 7, "GetSystemDirectoryW": 1, "GetSystemMetrics": 69, "NtFreeVirtualMemory": 1, "RegCloseKey": 8, "NtProtectVirtualMemory": 3, "NtUnmapViewOfSection": 2, "CoInitializeEx": 1, "RegEnumKeyExW": 21}, "name": "417863c7-aa57-11e6-91b8-80e65024849a.file"}