{"class": "malware", "name": "42f70aba-9b67-11e6-b54e-80e65024849a.file", "apistats": {"WriteProcessMemory": 10, "FindResourceW": 4, "NtSetContextThread": 1, "SetFileAttributesW": 2, "FindWindowW": 1, "NtAllocateVirtualMemory": 7, "GetFileSize": 4, "Process32NextW": 32, "CreateToolhelp32Snapshot": 1, "SHGetFolderPathW": 5, "SetWindowsHookExW": 1, "NtOpenMutant": 1, "LdrGetDllHandle": 225, "LdrGetProcedureAddress": 354, "NtReadVirtualMemory": 1, "NtReadFile": 2, "NtUnmapViewOfSection": 5, "GetSystemDirectoryA": 2, "SetErrorMode": 2, "NtDelayExecution": 1, "LdrLoadDll": 129, "NtCreateFile": 18, "NtResumeThread": 1, "CreateProcessInternalW": 1, "GetSystemTimeAsFileTime": 1, "CopyFileW": 1, "GetCursorPos": 1, "NtGetContextThread": 1, "NtClose": 13, "Process32FirstW": 1}}