{"apistats": {"NtOpenSection": 4, "CoUninitialize": 1, "RegCloseKey": 45, "LdrUnloadDll": 6, "GetFileAttributesExW": 6, "NtTerminateProcess": 3, "GetFileVersionInfoSizeW": 3, "GetFileAttributesW": 32, "CryptCreateHash": 31, "GetFileSize": 7, "RegOpenKeyExW": 69, "NtDelayExecution": 70, "SetErrorMode": 56, "NtAllocateVirtualMemory": 928, "GetFileInformationByHandle": 6, "RegOpenKeyExA": 1, "DeleteFileW": 3, "GetComputerNameW": 2, "NtResumeThread": 3, "CoInitializeEx": 2, "CoCreateInstance": 10, "RegEnumKeyExW": 14, "CryptAcquireContextW": 1, "NtCreateFile": 103, "GetSystemTimeAsFileTime": 6, "FindFirstFileExW": 14, "RegEnumValueW": 3, "NtCreateSection": 16, "NtOpenMutant": 1, "CoInitializeSecurity": 1, "LookupPrivilegeValueW": 1, "CreateProcessInternalW": 1, "NtClose": 109, "NtDuplicateObject": 3, "NtQueryKey": 6, "WriteProcessMemory": 5, "GetShortPathNameW": 1, "NtSetContextThread": 1, "GetSystemInfo": 90, "IsDebuggerPresent": 1, "GetSystemWindowsDirectoryW": 2, "NtQueryValueKey": 19, "NtOpenProcess": 13, "CryptHashData": 48, "RegQueryValueExW": 109, "NtMapViewOfSection": 19, "RtlAddVectoredContinueHandler": 1, "CreateActCtxW": 3, "RegEnumKeyW": 12, "NtDeviceIoControlFile": 1, "NtReadFile": 10, "LdrGetDllHandle": 161, "CoGetClassObject": 20, "NtQuerySystemInformation": 1, "NtEnumerateValueKey": 7, "NtOpenFile": 1, "CreateThread": 4, "GetSystemDirectoryW": 4, "RegQueryInfoKeyW": 3, "SetFilePointer": 39, "NtUnmapViewOfSection": 10, "NtQueryDirectoryFile": 2, "SetUnhandledExceptionFilter": 2, "__exception__": 1, "NtFreeVirtualMemory": 281, "CoCreateInstanceEx": 2, "NtQueryAttributesFile": 3, "NtCreateMutant": 4, "NtProtectVirtualMemory": 30, "SHGetFolderPathW": 2, "GlobalMemoryStatus": 1, "NtGetContextThread": 1, "LoadStringW": 4, "NtOpenKey": 28, "LdrGetProcedureAddress": 382, "ReadProcessMemory": 19460, "GetFileVersionInfoW": 3, "NtEnumerateKey": 2, "NtOpenDirectoryObject": 1, "NtOpenKeyEx": 9, "LdrLoadDll": 34, "UuidCreate": 23}, "name": "431f4b6e-34a7-11e8-9ae1-80e65024849a.file", "class": "malware"}