{"apistats": {"NtOpenSection": 9, "CoUninitialize": 27, "RegCloseKey": 392, "GetBestInterfaceEx": 6, "NtDuplicateObject": 5, "WSAStartup": 13, "GetAdaptersAddresses": 3, "GetForegroundWindow": 2, "GetFileAttributesW": 14, "GetVolumePathNamesForVolumeNameW": 6, "GetSystemMetrics": 21, "GetFileSize": 2, "RegOpenKeyExW": 537, "NtDelayExecution": 2, "HttpOpenRequestA": 1, "SetErrorMode": 1, "NtAllocateVirtualMemory": 53, "RegOpenKeyExA": 6, "DeleteFileW": 2, "FindResourceExA": 2, "GetFileSizeEx": 12, "CoCreateInstance": 17, "RegEnumKeyExW": 28, "CoInitializeEx": 30, "FindResourceExW": 5, "NtCreateFile": 33, "GetSystemTimeAsFileTime": 52, "GlobalMemoryStatusEx": 1, "FindFirstFileExW": 1, "closesocket": 10, "GetFileInformationByHandleEx": 12, "GetTempPathW": 1, "NtOpenMutant": 1, "LoadResource": 5, "InternetOpenA": 1, "CreateDirectoryW": 8, "NtClose": 217, "RegCreateKeyExW": 21, "GetNativeSystemInfo": 2, "NtQueryKey": 8, "DrawTextExW": 3, "RegQueryValueExA": 2, "GetSystemWindowsDirectoryW": 7, "NtQueryValueKey": 11, "RegCreateKeyExA": 1, "NtOpenProcess": 14, "NtCreateSection": 4, "RegQueryValueExW": 2290, "NtMapViewOfSection": 10, "CreateActCtxW": 1, "RegEnumKeyW": 109, "InternetConnectA": 1, "InternetQueryOptionA": 1, "NtDeviceIoControlFile": 74, "NtReadFile": 230, "NtWriteFile": 13, "LdrGetDllHandle": 20, "LdrUnloadDll": 1, "NtQuerySystemInformation": 1, "OleInitialize": 1, "NtOpenFile": 1, "CreateThread": 2, "NtUnmapViewOfSection": 6, "SetFilePointer": 14, "GetSystemDirectoryW": 3, "NtQueryDirectoryFile": 7, "LoadStringW": 11, "NtFreeVirtualMemory": 1, "GetVolumeNameForVolumeMountPointW": 3, "NtCreateMutant": 2, "NtProtectVirtualMemory": 48, "GetAddrInfoW": 3, "setsockopt": 10, "RegDeleteValueW": 9, "socket": 10, "RegSetValueExW": 42, "NtOpenKey": 40, "LdrGetProcedureAddress": 99, "RegSetValueExA": 1, "LdrLoadDll": 33, "InternetCrackUrlA": 1}, "name": "442c6ef3-9757-11e6-9bd5-80e65024849a.file", "class": "malware"}