{"name": "44e3921e-34a7-11e8-8dc6-80e65024849a.file", "apistats": {"RtlAddVectoredContinueHandler": 1, "NtUnmapViewOfSection": 5, "RegEnumKeyExW": 14, "NtCreateMutant": 4, "NtClose": 50, "NtQueryValueKey": 12, "NtOpenKey": 22, "GetSystemDirectoryW": 4, "NtQueryDirectoryFile": 2, "NtAllocateVirtualMemory": 468, "GetSystemInfo": 61, "GetFileSize": 7, "NtOpenProcess": 2, "NtResumeThread": 2, "LdrGetDllHandle": 73, "NtOpenMutant": 1, "CreateThread": 2, "NtFreeVirtualMemory": 206, "NtDelayExecution": 36, "NtDuplicateObject": 1, "SHGetFolderPathW": 2, "GetFileVersionInfoSizeW": 2, "NtQuerySystemInformation": 1, "FindFirstFileExW": 13, "NtEnumerateValueKey": 7, "NtReadFile": 10, "RegOpenKeyExA": 1, "LdrLoadDll": 25, "NtMapViewOfSection": 15, "NtEnumerateKey": 2, "RegQueryInfoKeyW": 3, "NtOpenDirectoryObject": 1, "LdrGetProcedureAddress": 213, "NtCreateFile": 67, "IsDebuggerPresent": 1, "GetFileAttributesW": 15, "GlobalMemoryStatus": 1, "NtCreateSection": 13, "GetFileVersionInfoW": 2, "RegOpenKeyExW": 56, "LdrUnloadDll": 2, "CoInitializeEx": 2, "GetFileAttributesExW": 6, "SetUnhandledExceptionFilter": 1, "RegEnumValueW": 3, "GetSystemTimeAsFileTime": 5, "NtProtectVirtualMemory": 26, "SetErrorMode": 40, "NtOpenSection": 4, "GetSystemWindowsDirectoryW": 2, "RegCloseKey": 35, "RegQueryValueExW": 73, "NtOpenKeyEx": 2, "CreateActCtxW": 2, "GetShortPathNameW": 1, "GetFileInformationByHandle": 4}, "class": "malware"}