{"class": "malware", "name": "464ab7d1-afb8-11e6-ba25-80e65024849a.file", "apistats": {"FindResourceExW": 8, "NtOpenKey": 7, "GetTempPathW": 1, "SetUnhandledExceptionFilter": 1, "GetForegroundWindow": 1, "NtAllocateVirtualMemory": 1661, "NtQueryValueKey": 3, "LoadResource": 7, "RegSetValueExW": 1, "NtQueryInformationFile": 781, "DeleteFileW": 5, "NtCreateSection": 1, "DrawTextExW": 9, "CoInitializeEx": 1, "NtOpenMutant": 1, "GetSystemInfo": 1, "LdrGetDllHandle": 4, "RegOpenKeyExW": 20, "NtWriteFile": 10, "CreateDirectoryW": 1, "SetFilePointer": 71, "OleInitialize": 1, "NtOpenDirectoryObject": 1, "LdrGetProcedureAddress": 16, "GetSystemMetrics": 46, "DrawTextExA": 1, "RegCloseKey": 9, "NtReadFile": 859, "NtOpenFile": 788, "FindResourceExA": 1, "RegQueryValueExW": 5, "NtUnmapViewOfSection": 2, "NtOpenSection": 2, "NtFreeVirtualMemory": 787, "GetFileAttributesW": 1, "GetSystemDirectoryW": 1, "GetFileType": 14, "NtMapViewOfSection": 3, "LdrLoadDll": 5, "NtCreateFile": 14, "timeGetTime": 3, "CreateProcessInternalW": 1, "LoadStringW": 6, "NtOpenProcess": 1, "IsDebuggerPresent": 1, "CoUninitialize": 1, "NtClose": 821, "RegCreateKeyExW": 1, "GetSystemWindowsDirectoryW": 1, "RegEnumKeyExW": 21, "RegOpenKeyExA": 5}}