{"name": "465b7975-34a7-11e8-951d-80e65024849a.file", "apistats": {"NtUnmapViewOfSection": 6, "RegEnumKeyExW": 57, "CreateThread": 2, "RtlAddVectoredExceptionHandler": 1, "GetSystemDirectoryW": 4, "CryptAcquireContextA": 9, "GetSystemInfo": 95, "GetFileSize": 2, "NtOpenProcess": 23, "GetNativeSystemInfo": 4, "CoInitializeEx": 2, "NtCreateMutant": 5, "FindFirstFileExW": 25, "NtDuplicateObject": 4, "CryptExportKey": 3, "CopyFileW": 1, "NtQuerySystemInformation": 5, "CryptCreateHash": 12, "NtEnumerateValueKey": 7, "LdrLoadDll": 32, "CreateDirectoryW": 1, "NtEnumerateKey": 2, "NtCreateFile": 27, "GetFileAttributesW": 30, "SetErrorMode": 36, "GetFileVersionInfoW": 5, "RegOpenKeyExW": 51, "NtGetContextThread": 1, "NtQueryAttributesFile": 3, "GetFileAttributesExW": 21, "SetUnhandledExceptionFilter": 1, "RegEnumValueW": 3, "RegSetValueExW": 1, "NtProtectVirtualMemory": 38, "CreateProcessInternalW": 1, "ReadProcessMemory": 32487, "GetSystemTimeAsFileTime": 5, "NtOpenKeyEx": 9, "UuidCreate": 17, "GetFileInformationByHandle": 5, "RegCloseKey": 24, "CryptHashData": 12, "NtClose": 107, "NtQueryValueKey": 35, "LookupPrivilegeValueW": 1, "NtReadFile": 10, "NtOpenKey": 41, "NtQueryDirectoryFile": 2, "NtAllocateVirtualMemory": 1001, "NtResumeThread": 3, "NtMapViewOfSection": 17, "LdrGetDllHandle": 50, "NtFreeVirtualMemory": 454, "NtCreateThreadEx": 1, "CryptAcquireContextW": 1, "GetFileVersionInfoSizeW": 5, "GlobalMemoryStatus": 1, "LoadStringW": 4, "GlobalMemoryStatusEx": 2, "RegQueryInfoKeyW": 2, "NtOpenDirectoryObject": 1, "LdrGetProcedureAddress": 275, "IsDebuggerPresent": 2, "NtCreateSection": 13, "LdrUnloadDll": 3, "NtTerminateProcess": 2, "NtOpenSection": 2, "GetSystemWindowsDirectoryW": 2, "RegQueryValueExW": 33, "GetShortPathNameW": 1}, "class": "malware"}