{"class": "malware", "name": "472ad4c7-9c08-11e6-8f84-80e65024849a.file", "apistats": {"SetUnhandledExceptionFilter": 1, "NtOpenSection": 1, "NtAllocateVirtualMemory": 5, "NtFreeVirtualMemory": 1, "NtQueryValueKey": 1, "NtMapViewOfSection": 2, "CreateActCtxW": 2, "LdrLoadDll": 5, "NtCreateFile": 1, "NtCreateSection": 1, "CoInitializeEx": 1, "LdrGetDllHandle": 13, "RegOpenKeyExW": 12, "GetCursorPos": 2, "RegCloseKey": 12, "RegQueryValueExW": 12, "NtClose": 3, "LdrGetProcedureAddress": 26, "GetSystemWindowsDirectoryW": 2, "GetSystemTimeAsFileTime": 1, "RegOpenKeyExA": 1}}