{"name": "49f4b2d1-34a7-11e8-8252-80e65024849a.file", "apistats": {"RtlAddVectoredContinueHandler": 1, "RegCloseKey": 40, "CryptHashData": 8, "NtDelayExecution": 50, "RegEnumKeyExW": 14, "CreateThread": 2, "NtOpenFile": 1, "NtQueryValueKey": 17, "SHGetFolderPathW": 3, "NtOpenKey": 26, "GetSystemDirectoryW": 4, "NtQueryKey": 6, "NtQueryDirectoryFile": 2, "NtAllocateVirtualMemory": 406, "GetSystemInfo": 65, "GetFileSize": 6, "GlobalMemoryStatus": 1, "CoInitializeSecurity": 1, "NtOpenProcess": 2, "NtResumeThread": 2, "LdrGetDllHandle": 81, "NtOpenMutant": 1, "NtCreateMutant": 4, "NtFreeVirtualMemory": 123, "FindFirstFileExW": 15, "NtDuplicateObject": 1, "CryptAcquireContextW": 2, "CoInitializeEx": 2, "GetFileVersionInfoSizeW": 4, "NtQuerySystemInformation": 1, "NtClose": 64, "CryptCreateHash": 6, "NtEnumerateValueKey": 7, "NtReadFile": 17, "RegOpenKeyExA": 1, "LdrLoadDll": 33, "NtMapViewOfSection": 16, "NtEnumerateKey": 2, "RegQueryInfoKeyW": 3, "NtOpenDirectoryObject": 1, "LdrGetProcedureAddress": 245, "NtCreateFile": 84, "NtUnmapViewOfSection": 7, "IsDebuggerPresent": 1, "GetFileAttributesW": 20, "SetErrorMode": 58, "NtCreateSection": 12, "GetFileVersionInfoW": 4, "RegOpenKeyExW": 61, "LdrUnloadDll": 2, "CreateActCtxW": 2, "GetFileAttributesExW": 6, "NtDeviceIoControlFile": 1, "SetUnhandledExceptionFilter": 1, "RegEnumValueW": 3, "NtProtectVirtualMemory": 30, "GetSystemWindowsDirectoryW": 2, "GetSystemTimeAsFileTime": 5, "RegQueryValueExW": 87, "NtOpenKeyEx": 8, "UuidCreate": 1, "GetShortPathNameW": 1, "GetFileInformationByHandle": 8}, "class": "malware"}