{"name": "4bff1e63-9c08-11e6-a1da-80e65024849a.file", "apistats": {"NtClose": 10, "WSASocketW": 1, "RegQueryValueExA": 13, "NtFreeVirtualMemory": 11, "NtOpenKey": 7, "NtAllocateVirtualMemory": 10, "GetSystemInfo": 2, "LoadResource": 1, "OutputDebugStringA": 1, "bind": 1, "LdrGetDllHandle": 6, "setsockopt": 1, "CoInitializeEx": 1, "FindResourceExW": 1, "NtCreateThreadEx": 1, "NtDuplicateObject": 2, "NtSetInformationFile": 1, "WSAStartup": 3, "GlobalMemoryStatusEx": 1, "RegOpenKeyExA": 9, "LdrLoadDll": 17, "NtMapViewOfSection": 1, "RegCloseKey": 20, "LdrGetProcedureAddress": 52, "NtCreateFile": 1, "NtCreateSection": 1, "NtResumeThread": 1, "RegOpenKeyExW": 13, "LdrUnloadDll": 2, "NtQueryValueKey": 8, "NtDeviceIoControlFile": 1, "SetUnhandledExceptionFilter": 1, "RegEnumValueW": 2, "GetSystemWindowsDirectoryW": 1, "NtQuerySystemInformation": 1, "GetSystemTimeAsFileTime": 1, "RegQueryValueExW": 23}, "class": "malware"}