{"class": "malware", "apistats": {"GetSystemWindowsDirectoryW": 2, "RegEnumValueW": 3, "NtMapViewOfSection": 15, "CreateActCtxW": 2, "RegQueryValueExW": 87, "RtlAddVectoredContinueHandler": 1, "NtCreateFile": 82, "RegCloseKey": 39, "NtOpenProcess": 2, "NtClose": 37, "NtOpenKey": 2, "NtQueryDirectoryFile": 2, "NtOpenMutant": 1, "GlobalMemoryStatus": 1, "SHGetFolderPathW": 2, "NtQueryValueKey": 2, "RegOpenKeyExA": 1, "LdrUnloadDll": 2, "GetFileSize": 5, "GetFileAttributesExW": 5, "RegOpenKeyExW": 60, "NtReadFile": 10, "NtUnmapViewOfSection": 7, "FindFirstFileExW": 15, "LdrGetDllHandle": 72, "NtAllocateVirtualMemory": 224, "NtQuerySystemInformation": 1, "GetSystemInfo": 62, "NtDelayExecution": 50, "GetFileInformationByHandle": 8, "GetSystemTimeAsFileTime": 5, "SetErrorMode": 46, "NtCreateMutant": 4, "LdrLoadDll": 27, "GetFileAttributesW": 18, "SetUnhandledExceptionFilter": 1, "GetFileVersionInfoSizeW": 4, "LdrGetProcedureAddress": 209, "NtDuplicateObject": 1, "GetShortPathNameW": 1, "RegEnumKeyExW": 14, "NtFreeVirtualMemory": 31, "NtResumeThread": 2, "NtProtectVirtualMemory": 30, "GetFileVersionInfoW": 4, "NtCreateSection": 11, "RegQueryInfoKeyW": 3, "NtOpenKeyEx": 2, "NtOpenDirectoryObject": 1, "IsDebuggerPresent": 1, "CoInitializeEx": 2, "GetSystemDirectoryW": 4, "CreateThread": 2}, "name": "4cca478f-c5d3-11e6-be32-80e65024849a.file"}