{"class": "malware", "name": "4cd17663-c907-11e6-ad95-80e65024849a.file", "apistats": {"GetNativeSystemInfo": 2, "FindResourceExW": 5, "NtQueryInformationFile": 1, "SetUnhandledExceptionFilter": 1, "NtProtectVirtualMemory": 55, "GetForegroundWindow": 1, "NtAllocateVirtualMemory": 42, "NtOpenKey": 12, "RegDeleteKeyA": 4, "GetTimeZoneInformation": 1, "CreateActCtxW": 2, "GetFileInformationByHandleEx": 1, "RegSetValueExW": 20, "RegCreateKeyExA": 26, "DeleteFileW": 2, "SetEndOfFile": 1, "DrawTextExW": 3, "CoGetClassObject": 2, "OleInitialize": 1, "LdrGetDllHandle": 6, "SetFilePointerEx": 1, "RegOpenKeyExW": 108, "GetKeyState": 6, "GetFileAttributesExW": 4, "SetFileAttributesW": 11, "NtSetValueKey": 18, "LdrGetProcedureAddress": 163, "GetSystemTimeAsFileTime": 2, "EnumWindows": 2, "CryptAcquireContextW": 1, "NtOpenFile": 8, "NtWriteFile": 1, "SetFileTime": 3, "GetSystemDirectoryA": 1, "NtFreeVirtualMemory": 1, "SetErrorMode": 25, "NtMapViewOfSection": 5, "GetVolumePathNamesForVolumeNameW": 6, "LdrLoadDll": 34, "NtCreateFile": 4, "FindFirstFileExW": 8, "SearchPathW": 3, "GetUserNameExA": 1, "RegCreateKeyExW": 29, "CreateProcessInternalW": 1, "LoadStringW": 1, "NtOpenProcess": 2, "LoadStringA": 21, "NtQueryKey": 816, "CreateJobObjectW": 1, "CoUninitialize": 1, "GetFileAttributesW": 6, "SendNotifyMessageW": 1, "NtCreateMutant": 2, "NtTerminateProcess": 3, "SHGetFolderPathW": 2, "NtCreateKey": 18, "GetTempPathW": 1, "NtDelayExecution": 2, "RegQueryValueExA": 116, "GetFileSize": 3, "SHGetSpecialFolderLocation": 1, "LoadResource": 5, "GetUserNameExW": 1, "FindResourceA": 9, "NtQueryAttributesFile": 2, "GlobalMemoryStatusEx": 1, "NtCreateSection": 5, "CreateDirectoryW": 2, "CoInitializeEx": 1, "NtOpenMutant": 1, "NtDuplicateObject": 4, "GetSystemInfo": 3, "GetFileSizeEx": 1, "NtQueryValueKey": 6, "RegCloseKey": 176, "GetVolumeNameForVolumeMountPointW": 2, "RemoveDirectoryA": 2, "WSAStartup": 1, "GetSystemMetrics": 38, "RegOpenKeyExA": 83, "GetSystemWindowsDirectoryW": 6, "NtUnmapViewOfSection": 1, "NtReadFile": 30, "RegEnumKeyExW": 12, "RegEnumKeyW": 2, "RegQueryValueExW": 78, "RegDeleteValueA": 4, "UnhookWindowsHookEx": 2, "NtOpenSection": 12, "NtOpenKeyEx": 510, "RegSetValueExA": 20, "SetWindowsHookExA": 1, "UuidCreate": 1, "GetSystemDirectoryW": 1, "GetFileType": 1, "GlobalMemoryStatus": 1, "GetDiskFreeSpaceW": 1, "NtQueryDirectoryFile": 3, "NtResumeThread": 1, "RegQueryInfoKeyW": 2, "NtQuerySystemInformation": 1, "GetDiskFreeSpaceExW": 1, "GetFileVersionInfoSizeW": 1, "GetCursorPos": 1, "GetFileVersionInfoW": 1, "ShellExecuteExW": 1, "NtClose": 39, "CoCreateInstance": 2, "SetFilePointer": 38, "NtCreateThreadEx": 1, "LdrUnloadDll": 3, "RegEnumKeyExA": 3}}