{"apistats": {"NtOpenSection": 7, "CoUninitialize": 15, "RegCloseKey": 329, "NtDuplicateObject": 3, "ioctlsocket": 1, "WSAStartup": 1, "CoInitializeEx": 16, "GetForegroundWindow": 1, "GetFileAttributesW": 16, "GetVolumePathNamesForVolumeNameW": 6, "GetSystemMetrics": 5, "GetFileSize": 1, "RegOpenKeyExW": 476, "NtDelayExecution": 533, "SetErrorMode": 1, "NtAllocateVirtualMemory": 17, "ReadProcessMemory": 129, "RegOpenKeyExA": 7, "DeleteFileW": 2, "FindResourceExA": 1, "GetFileSizeEx": 12, "CoCreateInstance": 2, "RegEnumKeyExW": 21, "CreateDirectoryW": 8, "FindResourceExW": 4, "NtCreateFile": 34, "GetSystemTimeAsFileTime": 41, "GlobalMemoryStatusEx": 1, "FindFirstFileExW": 1, "GetFileInformationByHandleEx": 12, "NtCreateSection": 3, "NtOpenMutant": 1, "LoadResource": 3, "NtClose": 207, "GetNativeSystemInfo": 1, "DrawTextExW": 1, "GetSystemInfo": 1, "RegQueryValueExA": 3, "LdrGetProcedureAddress": 71, "GetSystemWindowsDirectoryW": 7, "NtQueryValueKey": 11, "RegCreateKeyExA": 1, "NtOpenProcess": 110, "RegQueryValueExW": 2202, "NtMapViewOfSection": 7, "CreateActCtxW": 2, "RegEnumKeyW": 109, "NtReadFile": 318, "NtWriteFile": 255, "LdrGetDllHandle": 23, "LdrUnloadDll": 7, "NtQuerySystemInformation": 7, "OleInitialize": 1, "NtOpenFile": 1, "CreateThread": 2, "NtUnmapViewOfSection": 3, "SetFilePointer": 15, "GetSystemDirectoryW": 3, "NtQueryDirectoryFile": 7, "LoadStringW": 6, "NtFreeVirtualMemory": 4, "GetVolumeNameForVolumeMountPointW": 3, "NtCreateMutant": 2, "NtProtectVirtualMemory": 1, "SHGetFolderPathW": 1, "socket": 1, "NtOpenKey": 32, "GetTempPathW": 1, "RegSetValueExA": 1, "LdrLoadDll": 30}, "name": "4d7297dc-99fb-11e6-9fa8-80e65024849a.file", "class": "malware"}