{"class": "malware", "apistats": {"NtQueryKey": 248, "GetSystemWindowsDirectoryW": 2, "CryptAcquireContextW": 2, "GetComputerNameW": 2, "RtlAddVectoredContinueHandler": 1, "NtCreateFile": 125, "NtOpenProcess": 2, "GetFileVersionInfoSizeW": 5, "NtOpenKey": 46, "NtQueryDirectoryFile": 2, "CreateProcessInternalW": 1, "NtOpenMutant": 1, "NtOpenFile": 1, "RegEnumKeyW": 12, "NtOpenKeyEx": 225, "LdrUnloadDll": 2, "CopyFileW": 1, "GetFileSize": 10, "CoUninitialize": 1, "GetFileAttributesExW": 7, "CreateActCtxW": 4, "FindFirstFileExW": 18, "NtAllocateVirtualMemory": 580, "SetErrorMode": 86, "NtEnumerateKey": 2, "GetSystemTimeAsFileTime": 6, "RegOpenKeyExA": 1, "LdrLoadDll": 50, "CryptHashData": 40, "CoCreateInstance": 10, "RegQueryInfoKeyW": 3, "NtFreeVirtualMemory": 187, "RegCloseKey": 50, "NtProtectVirtualMemory": 36, "UuidCreate": 7, "RegSetValueExW": 1, "CoGetClassObject": 19, "NtReadFile": 45, "NtDeviceIoControlFile": 1, "CoInitializeSecurity": 1, "NtOpenDirectoryObject": 1, "IsDebuggerPresent": 1, "CoInitializeEx": 4, "RegEnumKeyExW": 14, "WriteProcessMemory": 5, "RegEnumValueW": 3, "LdrGetProcedureAddress": 423, "NtMapViewOfSection": 27, "CreateDirectoryW": 1, "RegQueryValueExW": 123, "NtDuplicateObject": 9, "NtClose": 290, "ReadProcessMemory": 19460, "SetFilePointer": 39, "NtEnumerateValueKey": 7, "GlobalMemoryStatus": 1, "LoadStringW": 4, "SHGetFolderPathW": 3, "NtQueryValueKey": 57, "CryptCreateHash": 26, "NtOpenSection": 4, "LookupPrivilegeValueW": 1, "NtTerminateProcess": 3, "CoCreateInstanceEx": 2, "RegOpenKeyExW": 80, "GetFileVersionInfoW": 5, "LdrGetDllHandle": 145, "NtQuerySystemInformation": 1, "GetSystemInfo": 81, "NtDelayExecution": 80, "GetFileInformationByHandle": 14, "NtGetContextThread": 1, "NtQueryAttributesFile": 3, "NtResumeThread": 4, "NtCreateMutant": 4, "GetFileAttributesW": 28, "DeleteFileW": 3, "GetShortPathNameW": 1, "NtSetContextThread": 1, "NtCreateSection": 20, "NtUnmapViewOfSection": 12, "SetUnhandledExceptionFilter": 1, "GetSystemDirectoryW": 4, "CreateThread": 8}, "name": "4e2503ab-34a7-11e8-8a62-80e65024849a.file"}