{"class": "malware", "name": "4e808b68-ac06-11e6-a2ab-80e65024849a.file", "apistats": {"FindResourceW": 2, "NtOpenKey": 1, "GetTempPathW": 1, "SetUnhandledExceptionFilter": 1, "NtAllocateVirtualMemory": 16, "NtQueryValueKey": 2, "LoadResource": 2, "LoadStringW": 1, "NtQueryAttributesFile": 1, "NtCreateSection": 4, "SHGetFolderPathW": 1, "LdrUnloadDll": 5, "NtOpenMutant": 1, "GetSystemInfo": 3, "LdrGetDllHandle": 17, "RegOpenKeyExW": 13, "RegCloseKey": 10, "LdrGetProcedureAddress": 51, "GetSystemTimeAsFileTime": 4, "FindResourceExA": 1, "RegQueryValueExW": 9, "NtUnmapViewOfSection": 2, "NtFreeVirtualMemory": 6, "GetSystemDirectoryW": 1, "NtMapViewOfSection": 4, "NtDelayExecution": 1, "LdrLoadDll": 8, "NtCreateFile": 8, "SizeofResource": 1, "SearchPathW": 5780, "NtQuerySystemInformation": 3, "RegQueryValueExA": 1, "GetSystemMetrics": 3, "NtOpenProcess": 33, "RegOpenKeyExA": 4, "NtClose": 777, "CoCreateInstance": 5778, "NtCreateMutant": 5, "GetSystemWindowsDirectoryW": 1, "NtTerminateProcess": 3}}