{"name": "4ee494a1-c5d3-11e6-93aa-80e65024849a.file", "apistats": {"NtWriteFile": 1, "NtUnmapViewOfSection": 3, "RegEnumKeyExW": 33, "NtCreateMutant": 3, "socket": 1, "NtOpenFile": 1, "RtlAddVectoredExceptionHandler": 1, "GetSystemDirectoryW": 2, "NtQueryKey": 2, "GetForegroundWindow": 2, "GetSystemInfo": 1, "LoadResource": 18, "LoadStringW": 1, "NtOpenProcess": 15, "GetNativeSystemInfo": 1, "CreateActCtxW": 2, "GetTempPathW": 3, "CreateThread": 3, "FindFirstFileExW": 44, "Thread32First": 2, "NtDuplicateObject": 5, "SHGetFolderPathW": 2, "__exception__": 1, "CoCreateInstance": 1, "NtQuerySystemInformation": 1, "Thread32Next": 858, "GetVolumePathNameW": 1, "LdrLoadDll": 10, "NtMapViewOfSection": 6, "NtEnumerateKey": 2, "RtlDecompressBuffer": 2, "NtCreateFile": 11, "NtTerminateProcess": 1, "SetFilePointerEx": 3, "SetErrorMode": 2, "GetFileVersionInfoW": 5, "RegOpenKeyExW": 68, "NtQueryAttributesFile": 4, "LoadStringA": 49, "SHGetSpecialFolderLocation": 4, "GetFileAttributesExW": 4, "SetUnhandledExceptionFilter": 1, "RegEnumValueW": 3, "RegSetValueExW": 9, "FindWindowExW": 1, "NtProtectVirtualMemory": 30, "SetFilePointer": 147, "GetSystemTimeAsFileTime": 9, "DrawTextExW": 2, "ShellExecuteExW": 1, "RegQueryValueExW": 81, "NtOpenKeyEx": 4, "UuidCreate": 1, "GetFileInformationByHandle": 6, "NtOpenDirectoryObject": 1, "GetSystemDirectoryA": 1, "OleInitialize": 3, "FindResourceExA": 1, "NtClose": 63, "NtEnumerateValueKey": 7, "GetVolumeNameForVolumeMountPointW": 3, "NtQueryValueKey": 6, "LookupPrivilegeValueW": 23, "CreateProcessInternalW": 1, "GetUserNameExW": 1, "NtOpenKey": 5, "NtQueryDirectoryFile": 3, "NtAllocateVirtualMemory": 6, "GlobalMemoryStatusEx": 1, "CreateToolhelp32Snapshot": 2, "RegSetValueExA": 2, "NtQueryInformationFile": 1, "NtResumeThread": 2, "CreateDirectoryW": 2, "LdrGetDllHandle": 15, "GetVolumePathNamesForVolumeNameW": 6, "GetFileType": 20, "NtOpenMutant": 1, "GetSystemMetrics": 21, "RegCreateKeyExW": 1, "FindResourceExW": 23, "NtCreateThreadEx": 1, "NtDelayExecution": 2, "CoUninitialize": 5, "DeleteFileW": 1, "CopyFileA": 1, "GetFileSizeEx": 2, "WSAStartup": 2, "GlobalMemoryStatus": 1, "GetFileSize": 2, "NtReadFile": 2, "RegOpenKeyExA": 9, "RegQueryInfoKeyW": 2, "RegCloseKey": 52, "LdrGetProcedureAddress": 87, "NtFreeVirtualMemory": 1, "FindResourceW": 1, "SetWindowsHookExA": 1, "NtCreateSection": 5, "GetFileVersionInfoSizeW": 5, "FindResourceA": 2, "LdrUnloadDll": 1, "RegEnumKeyW": 2, "SetEndOfFile": 20, "SizeofResource": 2, "SetFileTime": 20, "GetFileInformationByHandleEx": 2, "GetFileAttributesW": 9, "CreateJobObjectW": 1, "RegQueryValueExA": 4, "NtOpenSection": 4, "GetSystemWindowsDirectoryW": 7, "RegCreateKeyExA": 3, "IsDebuggerPresent": 2, "GetKeyState": 27, "SetFileAttributesW": 24, "CoInitializeEx": 6, "GetShortPathNameW": 1}, "class": "malware"}