{"name": "4fafd8ba-34a7-11e8-90da-80e65024849a.file", "apistats": {"RtlAddVectoredContinueHandler": 1, "NtUnmapViewOfSection": 5, "RegEnumKeyExW": 14, "CreateThread": 2, "NtClose": 53, "NtQueryValueKey": 12, "NtOpenKey": 22, "GetSystemDirectoryW": 4, "NtQueryDirectoryFile": 2, "NtAllocateVirtualMemory": 525, "GetSystemInfo": 61, "GetFileSize": 7, "NtOpenProcess": 2, "NtResumeThread": 2, "LdrGetDllHandle": 73, "NtOpenMutant": 1, "NtCreateMutant": 4, "NtFreeVirtualMemory": 228, "NtDelayExecution": 60, "NtDuplicateObject": 1, "SHGetFolderPathW": 2, "GetFileVersionInfoSizeW": 2, "NtQuerySystemInformation": 1, "FindFirstFileExW": 13, "LoadStringW": 4, "NtEnumerateValueKey": 7, "NtReadFile": 10, "RegOpenKeyExA": 1, "LdrLoadDll": 27, "NtMapViewOfSection": 16, "NtEnumerateKey": 2, "RegQueryInfoKeyW": 3, "NtOpenDirectoryObject": 1, "LdrGetProcedureAddress": 221, "NtCreateFile": 91, "IsDebuggerPresent": 1, "GetFileAttributesW": 29, "GlobalMemoryStatus": 1, "NtCreateSection": 14, "GetFileVersionInfoW": 2, "RegOpenKeyExW": 66, "NtQueryAttributesFile": 3, "LdrUnloadDll": 3, "CoInitializeEx": 2, "GetFileAttributesExW": 6, "SetUnhandledExceptionFilter": 1, "RegEnumValueW": 3, "GetSystemTimeAsFileTime": 5, "NtProtectVirtualMemory": 26, "SetErrorMode": 42, "NtOpenSection": 4, "GetSystemWindowsDirectoryW": 2, "RegCloseKey": 41, "RegQueryValueExW": 98, "NtOpenKeyEx": 2, "CreateActCtxW": 3, "GetShortPathNameW": 1, "GetFileInformationByHandle": 4}, "class": "malware"}