{"class": "malware", "name": "4ffe288f-99fb-11e6-aee0-80e65024849a.file", "apistats": {"GetNativeSystemInfo": 2, "NtOpenKey": 1, "SetUnhandledExceptionFilter": 1, "NtProtectVirtualMemory": 37, "GetForegroundWindow": 1, "NtDeviceIoControlFile": 5, "NtQueryInformationFile": 1, "socket": 1, "GetBestInterfaceEx": 2, "CreateToolhelp32Snapshot": 1, "LdrGetDllHandle": 12, "RegOpenKeyExW": 8, "SetFileAttributesW": 1, "LdrGetProcedureAddress": 148, "GetSystemTimeAsFileTime": 1, "FindWindowA": 3, "OutputDebugStringA": 1, "NtOpenFile": 2, "CreateThread": 24, "GetSystemDirectoryA": 3, "NtFreeVirtualMemory": 18, "SetErrorMode": 1, "NtMapViewOfSection": 1, "NtDelayExecution": 88, "LdrLoadDll": 24, "NtCreateFile": 7, "NtAllocateVirtualMemory": 52, "CreateProcessInternalW": 1, "Process32NextW": 1, "NtOpenProcess": 1, "__exception__": 3, "RegOpenKeyExA": 4, "GetFileAttributesW": 1, "NtCreateMutant": 1, "NtTerminateProcess": 2, "GetTempPathW": 1, "closesocket": 1, "NtQueryValueKey": 2, "LoadStringW": 1, "WSAStartup": 2, "setsockopt": 1, "CopyFileA": 1, "NtCreateSection": 1, "LdrUnloadDll": 1, "SetFilePointer": 1, "NtDuplicateObject": 3, "GetSystemInfo": 6, "RegCloseKey": 14, "SetFileTime": 1, "SearchPathW": 1, "NtUnmapViewOfSection": 1, "NtReadFile": 1, "InternetOpenA": 1, "RegQueryValueExW": 2, "GetSystemDirectoryW": 1, "GetFileType": 3, "NtQuerySystemInformation": 3, "IsDebuggerPresent": 1, "NtClose": 44, "GetSystemWindowsDirectoryW": 1, "Process32FirstW": 1, "timeGetTime": 4}}