{"class": "malware", "name": "50ef9394-aef1-11e6-993d-80e65024849a.file", "apistats": {"GetNativeSystemInfo": 1, "SetUnhandledExceptionFilter": 1, "NtUnmapViewOfSection": 1, "NtProtectVirtualMemory": 4, "NtAllocateVirtualMemory": 4, "NtFreeVirtualMemory": 1, "GetFileSize": 1, "NtMapViewOfSection": 1, "LdrLoadDll": 38, "NtCreateFile": 1, "NtCreateSection": 1, "OleInitialize": 1, "RegQueryValueExA": 1, "LdrGetDllHandle": 12, "RegOpenKeyExW": 1, "RegCloseKey": 2, "RegQueryValueExW": 1, "NtClose": 2, "LdrGetProcedureAddress": 46, "GetSystemTimeAsFileTime": 2, "RegOpenKeyExA": 1}}