{"name": "524b8b38-a71c-11e6-8b3d-80e65024849a.file", "apistats": {"GetUserNameW": 2, "NtUnmapViewOfSection": 1, "NtClose": 19, "NtQueryValueKey": 6, "CreateProcessInternalW": 1, "NtOpenKey": 16, "GetSystemDirectoryW": 2, "NtQueryKey": 2, "NtAllocateVirtualMemory": 2, "GetSystemInfo": 1, "NtOpenProcess": 2, "NtResumeThread": 3, "LdrGetDllHandle": 4, "NtCreateMutant": 2, "NtFreeVirtualMemory": 1, "NtQueryDirectoryFile": 35, "NtQuerySystemInformation": 1, "NtEnumerateValueKey": 1, "GetComputerNameW": 2, "RegOpenKeyExA": 2, "LdrLoadDll": 7, "NtMapViewOfSection": 1, "NtEnumerateKey": 2, "NtOpenDirectoryObject": 1, "LdrGetProcedureAddress": 90, "RtlDecompressBuffer": 1, "NtCreateFile": 1, "GetFileAttributesW": 519, "FindWindowA": 1, "SetErrorMode": 1038, "NtCreateSection": 1, "FindFirstFileExW": 11, "NtQueryInformationFile": 3, "NtSuspendThread": 2, "NtProtectVirtualMemory": 8, "NtWriteVirtualMemory": 1, "GetSystemWindowsDirectoryW": 1, "GetSystemTimeAsFileTime": 7, "NtOpenKeyEx": 3}, "class": "malware"}