{"apistats": {"NtOpenSection": 6, "CoUninitialize": 78, "GetForegroundWindow": 73, "LookupAccountSidW": 6, "GetBestInterfaceEx": 2, "LdrUnloadDll": 3, "NtCreateKey": 99, "WSAStartup": 6, "GetVolumePathNameW": 2, "GetFileVersionInfoSizeW": 1, "GetAdaptersAddresses": 1, "RegCloseKey": 1127, "GetFileAttributesW": 17, "GetVolumePathNamesForVolumeNameW": 6, "GetSystemMetrics": 1102, "GetFileSize": 38, "RegOpenKeyExW": 311, "NtDelayExecution": 55, "SetErrorMode": 6, "NtAllocateVirtualMemory": 37, "GetFileInformationByHandle": 1, "RegOpenKeyExA": 3, "GetCursorPos": 7, "GetComputerNameW": 1, "setsockopt": 5, "CoCreateInstance": 37, "RegEnumKeyExW": 23, "EnumWindows": 15, "CreateDirectoryW": 5, "FindResourceExW": 221, "NtCreateFile": 79, "GetFileAttributesExW": 6, "GetSystemTimeAsFileTime": 192, "GlobalMemoryStatusEx": 1, "FindFirstFileExW": 14, "closesocket": 5, "socket": 5, "GetFileInformationByHandleEx": 28, "NtCreateSection": 13, "NtOpenMutant": 1, "LoadResource": 223, "LdrGetProcedureAddress": 42, "InternetOpenW": 2, "NtQueryInformationFile": 5, "NtQueryValueKey": 962, "RegCreateKeyExW": 8, "NtDuplicateObject": 13, "DeviceIoControl": 2, "NtQueryKey": 5662, "DrawTextExW": 22, "GetSystemInfo": 2, "RegQueryValueExA": 1, "NetShareEnum": 1, "FindWindowW": 2, "GetSystemWindowsDirectoryW": 2, "NtClose": 920, "RegDeleteKeyW": 1, "NtOpenProcess": 27, "CryptHashData": 1, "RegQueryValueExW": 298, "HttpOpenRequestW": 1, "NtMapViewOfSection": 13, "CoInitializeEx": 81, "InternetConnectW": 1, "CreateActCtxW": 1, "GetFileSizeEx": 20, "GetDiskFreeSpaceExW": 1, "RegEnumKeyW": 440, "NtDeviceIoControlFile": 30, "NtReadFile": 24, "NtWriteFile": 1, "LdrGetDllHandle": 4, "GetKeyState": 242, "NtQuerySystemInformation": 1, "NtSetValueKey": 108, "NtOpenFile": 8, "CreateThread": 4, "GetSystemDirectoryW": 2, "SetFilePointer": 4, "NtUnmapViewOfSection": 14, "NtQueryDirectoryFile": 37, "SendNotifyMessageW": 5, "LoadStringW": 15, "NtFreeVirtualMemory": 16, "GetVolumeNameForVolumeMountPointW": 3, "NtCreateMutant": 20, "NtProtectVirtualMemory": 38, "GetAddrInfoW": 1, "SHGetFolderPathW": 9, "RegDeleteValueW": 3, "GetTempPathW": 1, "SizeofResource": 5, "RegSetValueExW": 15, "NtOpenKey": 27, "InternetCrackUrlW": 1, "FindResourceW": 19, "GetFileVersionInfoW": 1, "NtOpenKeyEx": 3546, "LdrLoadDll": 1, "UuidCreate": 2, "DeleteUrlCacheEntryW": 2}, "name": "52d6689c-c5d3-11e6-bb96-80e65024849a.file", "class": "malware"}