{"name": "52dec528-9757-11e6-980a-80e65024849a.file", "apistats": {"NtWriteFile": 49, "GetSystemMetrics": 127, "NtUnmapViewOfSection": 40, "NtOpenFile": 8, "NtOpenKeyEx": 569, "FindResourceExW": 2, "NtQueryKey": 917, "GetForegroundWindow": 21, "GetSystemInfo": 2, "LoadResource": 2, "GetFileSize": 1, "NtOpenProcess": 53, "GetNativeSystemInfo": 1, "NtCreateKey": 18, "CoInitializeEx": 15, "GetTempPathW": 1, "NtCreateMutant": 2, "GetCursorPos": 2, "NtQueryDirectoryFile": 32, "NtDuplicateObject": 23, "SHGetFolderPathW": 16, "CoCreateInstance": 1, "NtQuerySystemInformation": 1, "FindFirstFileExW": 25, "GetVolumePathNameW": 1, "LdrLoadDll": 27, "CreateDirectoryW": 29, "GetComputerNameW": 4, "NtCreateFile": 44, "NtTerminateProcess": 3, "SetErrorMode": 9, "GetSystemDirectoryW": 2, "RegOpenKeyExW": 516, "GetFileSizeEx": 13, "EnumWindows": 2, "NetShareEnum": 1, "SetFilePointer": 6, "NtSetValueKey": 18, "GetSystemTimeAsFileTime": 69, "SetFileTime": 1, "GetFileInformationByHandle": 2, "OleInitialize": 2, "NtClose": 187, "GetVolumeNameForVolumeMountPointW": 3, "NtQueryValueKey": 122, "RegQueryValueExA": 1, "GlobalMemoryStatusEx": 1, "NtOpenKey": 31, "NtAllocateVirtualMemory": 28, "NtQueryInformationFile": 4, "NtMapViewOfSection": 38, "LdrGetDllHandle": 6, "GetVolumePathNamesForVolumeNameW": 6, "RemoveDirectoryA": 1, "SendNotifyMessageW": 2, "NtFreeVirtualMemory": 52, "CreateActCtxW": 1, "NtDelayExecution": 7, "RegCreateKeyExA": 9, "DeleteFileW": 2, "DeviceIoControl": 1, "LoadStringW": 1, "NtReadFile": 15, "RegOpenKeyExA": 6, "RegCloseKey": 148, "LdrGetProcedureAddress": 62, "NtCreateSection": 14, "LdrUnloadDll": 4, "RegEnumKeyW": 73, "SetFileAttributesW": 1, "GetFileInformationByHandleEx": 13, "GetFileAttributesW": 3, "RegSetValueExA": 9, "NtOpenSection": 5, "GetSystemWindowsDirectoryW": 8, "CoUninitialize": 13, "GetKeyState": 60, "RegQueryValueExW": 2229}, "class": "malware"}