{"class": "malware", "apistats": {"GetSystemWindowsDirectoryW": 1, "LdrGetProcedureAddress": 30, "GetSystemMetrics": 3, "NtMapViewOfSection": 3, "GlobalMemoryStatusEx": 1, "NtCreateFile": 1, "RegCloseKey": 5, "NtDuplicateObject": 1, "NtClose": 15, "ReadProcessMemory": 5, "NtOpenKey": 7, "FindResourceExA": 3, "RegQueryValueExW": 1, "LoadStringW": 5758, "NtQueryValueKey": 6, "RegOpenKeyExA": 4, "RegOpenKeyExW": 2, "RegQueryValueExA": 15, "__exception__": 1918, "LdrGetDllHandle": 19, "NtAllocateVirtualMemory": 169, "NtQuerySystemInformation": 1, "GetSystemInfo": 5758, "NtDelayExecution": 49, "RtlDecompressBuffer": 20, "GetCursorPos": 5, "GetSystemTimeAsFileTime": 2, "NtCreateMutant": 4, "LdrLoadDll": 6, "IsDebuggerPresent": 1, "FindResourceExW": 80, "RegCreateKeyExA": 3, "FindWindowW": 55, "NtFreeVirtualMemory": 113, "LoadStringA": 29, "NtCreateSection": 2, "NtUnmapViewOfSection": 1, "SetUnhandledExceptionFilter": 1, "RegSetValueExA": 7, "GetSystemDirectoryW": 1}, "name": "554eda8a-b08b-11e6-978e-80e65024849a.file"}