{"class": "malware", "name": "5603a597-9757-11e6-aefb-80e65024849a.file", "apistats": {"NtOpenKey": 3, "SetUnhandledExceptionFilter": 1, "GetForegroundWindow": 5758, "NtAllocateVirtualMemory": 112, "NtQueryValueKey": 2, "CryptAcquireContextA": 37, "LoadResource": 1, "GetUserNameExW": 1, "NtCreateSection": 1, "CoInitializeEx": 3, "RegEnumKeyExW": 4, "LdrGetDllHandle": 1937, "RegOpenKeyExW": 7, "GetFileSizeEx": 1, "RegCloseKey": 6, "CertOpenSystemStoreA": 37, "LdrGetProcedureAddress": 1978, "GetSystemTimeAsFileTime": 2, "NtReadFile": 1, "NtOpenFile": 64, "FindResourceExA": 3, "RegQueryValueExW": 5, "NtOpenSection": 1, "NtFreeVirtualMemory": 73, "GetFileAttributesW": 1, "GetSystemDirectoryW": 2, "NtMapViewOfSection": 2, "LdrLoadDll": 7, "NtCreateFile": 1921, "SearchPathW": 1919, "RtlDecompressBuffer": 5, "RegQueryInfoKeyW": 2, "RegEnumValueW": 37, "NtQuerySystemInformation": 1918, "RegQueryValueExA": 16, "LoadStringW": 1, "CoUninitialize": 1, "NtClose": 1, "CoCreateInstance": 1}}