{"class": "malware", "name": "570d5fc0-aa57-11e6-927e-80e65024849a.file", "apistats": {"FindResourceW": 4, "GetNativeSystemInfo": 1, "FindResourceExW": 15, "NtOpenKey": 3, "GetTempPathW": 2, "SetFileAttributesW": 2, "SetErrorMode": 4, "NtProtectVirtualMemory": 2, "FindWindowW": 3, "CreateProcessInternalW": 1, "NtAllocateVirtualMemory": 119, "NtQueryInformationFile": 2, "CreateActCtxW": 2, "LoadResource": 17, "FindResourceA": 35, "Process32NextW": 165, "CreateToolhelp32Snapshot": 5, "NtQueryAttributesFile": 3, "RegCreateKeyExA": 1, "NtMapViewOfSection": 4, "NtCreateSection": 3, "SHGetFolderPathW": 2, "LdrUnloadDll": 28, "GetSystemInfo": 1, "LdrGetDllHandle": 10, "SetFilePointerEx": 8, "RegOpenKeyExW": 13, "IsDebuggerPresent": 1, "NtOpenDirectoryObject": 1, "RegCloseKey": 12, "SetUnhandledExceptionFilter": 1, "RemoveDirectoryA": 2, "CreateDirectoryW": 1, "LdrGetProcedureAddress": 88, "GetSystemTimeAsFileTime": 25, "CoUninitialize": 1, "OleInitialize": 1, "NtUnmapViewOfSection": 4, "NtReadFile": 6, "NtOpenFile": 8, "NtWriteFile": 4, "RegQueryValueExW": 62, "RegDeleteValueA": 1, "SetFileTime": 1, "GetSystemDirectoryA": 3, "NtOpenSection": 1, "RegSetValueExA": 1, "NtFreeVirtualMemory": 95, "NtClose": 70, "GetSystemDirectoryW": 2, "GetFileType": 6, "FindFirstFileExW": 17, "SizeofResource": 6, "LdrLoadDll": 30, "NtCreateFile": 14, "GetDiskFreeSpaceW": 2, "NtQueryDirectoryFile": 1, "RegQueryValueExA": 3, "LoadStringW": 1, "NtOpenProcess": 1, "NtQueryValueKey": 4, "DeleteFileW": 2, "RegOpenKeyExA": 5, "GetSystemMetrics": 4, "GetFileAttributesW": 8, "NtCreateMutant": 2, "GetSystemWindowsDirectoryW": 3, "Process32FirstW": 5, "NtTerminateProcess": 3}}