{"apistats": {"NtOpenSection": 2, "NtOpenMutant": 1, "RegCloseKey": 8, "GetShortPathNameW": 1, "GetSystemInfo": 1, "GetSystemWindowsDirectoryW": 1, "NtQueryValueKey": 5, "FindResourceExW": 7, "GetFileAttributesW": 4, "RegQueryValueExW": 5, "NtMapViewOfSection": 4, "GetSystemMetrics": 89, "RtlAddVectoredExceptionHandler": 1, "CreateActCtxW": 2, "GetFileSize": 1, "RegOpenKeyExW": 19, "DrawTextExW": 11, "SetErrorMode": 5, "NtAllocateVirtualMemory": 38, "RegOpenKeyExA": 2, "LdrGetDllHandle": 5, "OleInitialize": 1, "NtOpenFile": 2, "LoadStringA": 21, "NtUnmapViewOfSection": 2, "SetFilePointer": 2, "GetSystemDirectoryW": 1, "NtQueryDirectoryFile": 4, "RegEnumKeyExW": 21, "CryptAcquireContextW": 1, "LoadStringW": 5, "__exception__": 1, "NtFreeVirtualMemory": 1, "GlobalMemoryStatus": 1, "FindFirstFileExW": 2, "NtProtectVirtualMemory": 3, "CoInitializeEx": 1, "GetTempPathW": 1, "NtCreateSection": 2, "SetWindowsHookExA": 1, "NtOpenKey": 5, "SearchPathW": 2, "LoadResource": 5, "LdrGetProcedureAddress": 128, "GetFileType": 1, "SetEndOfFile": 1, "LdrLoadDll": 13, "NtCreateFile": 1, "NtQueryInformationFile": 2, "NtClose": 25}, "name": "58697dd4-eff9-11e7-bee8-80e65024849a.file", "class": "malware"}