{"class": "malware", "name": "586bedfd-c907-11e6-aecd-80e65024849a.file", "apistats": {"GetNativeSystemInfo": 1, "FindResourceExW": 2, "NtOpenKey": 28, "NtSetContextThread": 1, "accept": 1, "SetUnhandledExceptionFilter": 1, "NtProtectVirtualMemory": 1, "GetForegroundWindow": 2, "NtAllocateVirtualMemory": 40, "NtQueryInformationFile": 2, "socket": 3, "Module32FirstW": 2, "GetTimeZoneInformation": 2, "CreateToolhelp32Snapshot": 2, "GetFileInformationByHandleEx": 12, "RegSetValueExW": 3, "NtQueryDirectoryFile": 7, "FindFirstFileExW": 1, "SHGetFolderPathW": 3, "NtSetInformationFile": 7, "OleInitialize": 1, "LdrGetDllHandle": 31, "NtDelayExecution": 5, "RegOpenKeyExW": 456, "FindWindowExW": 1, "SetFileAttributesW": 2, "LdrGetProcedureAddress": 88, "GetSystemTimeAsFileTime": 39, "RegCloseKey": 342, "CryptAcquireContextW": 1, "NtOpenFile": 2, "NtWriteFile": 55, "NtUnmapViewOfSection": 8, "NtFreeVirtualMemory": 44, "SetErrorMode": 1, "GetFileSizeEx": 12, "NtMapViewOfSection": 6, "GetVolumePathNamesForVolumeNameW": 6, "LdrLoadDll": 60, "NtCreateFile": 54, "RegQueryValueExA": 1, "CryptCreateHash": 1, "LoadStringW": 1, "NtOpenProcess": 14, "NtQueryValueKey": 10, "CoUninitialize": 15, "GetFileAttributesW": 31, "NtCreateMutant": 2, "NtTerminateProcess": 3, "RegCreateKeyExW": 3, "CryptHashData": 1, "GetTempPathW": 1, "ioctlsocket": 3, "CreateProcessInternalW": 1, "closesocket": 1, "GetFileSize": 15, "getsockname": 2, "SHGetSpecialFolderLocation": 1, "LoadResource": 2, "select": 3, "Process32NextW": 64, "CreateActCtxW": 1, "WSAStartup": 1, "listen": 2, "GlobalMemoryStatusEx": 1, "RtlAddVectoredExceptionHandler": 1, "NtCreateSection": 4, "RtlRemoveVectoredExceptionHandler": 1, "CoInitializeEx": 15, "SetFilePointer": 7, "NtDuplicateObject": 3, "SetFileTime": 4, "GetSystemInfo": 2, "Module32NextW": 60, "Thread32First": 2, "CreateDirectoryW": 13, "Thread32Next": 860, "GetVolumeNameForVolumeMountPointW": 3, "NtQueryAttributesFile": 1, "RegOpenKeyExA": 5, "GetSystemWindowsDirectoryW": 7, "CreateThread": 1, "NtReadFile": 212, "RegEnumKeyW": 109, "RegQueryValueExW": 2196, "NtOpenSection": 5, "GlobalMemoryStatus": 2, "CryptAcquireContextA": 1, "connect": 1, "DeleteFileW": 2, "CryptDecrypt": 1, "GetSystemDirectoryW": 13, "GetFileType": 2, "RtlDecompressBuffer": 1, "GetShortPathNameW": 4, "NtResumeThread": 2, "GetComputerNameW": 1, "NtQuerySystemInformation": 1, "bind": 2, "Process32FirstW": 2, "NtGetContextThread": 1, "NtClose": 161, "CoCreateInstance": 2, "NtCreateThreadEx": 1, "LdrUnloadDll": 4}}