{"class": "malware", "apistats": {"GetSystemWindowsDirectoryW": 1, "DrawTextExW": 12, "NtMapViewOfSection": 4, "CreateActCtxW": 2, "NtOpenKey": 5, "NtCreateFile": 1, "RegCloseKey": 8, "NtClose": 21, "RegQueryValueExW": 5, "SetFilePointer": 2, "SearchPathW": 2, "LoadResource": 5, "NtOpenMutant": 1, "SetEndOfFile": 1, "__exception__": 1, "GlobalMemoryStatus": 1, "FindResourceExW": 5, "NtQueryValueKey": 5, "RegOpenKeyExA": 2, "OleInitialize": 1, "NtOpenSection": 2, "RtlAddVectoredExceptionHandler": 1, "GetFileSize": 1, "CryptAcquireContextW": 1, "RegOpenKeyExW": 19, "GetTempPathW": 1, "LdrGetProcedureAddress": 128, "LdrGetDllHandle": 4, "NtAllocateVirtualMemory": 39, "GetSystemInfo": 1, "SetWindowsHookExA": 1, "NtQueryInformationFile": 1, "SetErrorMode": 5, "LdrLoadDll": 13, "GetFileAttributesW": 3, "LoadStringW": 5, "GetFileType": 1, "RegEnumKeyExW": 21, "GetSystemMetrics": 88, "NtFreeVirtualMemory": 1, "LoadStringA": 21, "NtProtectVirtualMemory": 3, "NtCreateSection": 2, "NtUnmapViewOfSection": 2, "CoInitializeEx": 1, "GetSystemDirectoryW": 1}, "name": "59c78b61-eff9-11e7-a101-80e65024849a.file"}