{"class": "malware", "apistats": {"NtQueryKey": 5618, "DrawTextExW": 22, "GetBestInterfaceEx": 2, "LookupAccountSidW": 12, "CreateActCtxW": 1, "GetComputerNameW": 1, "NtCreateFile": 69, "NtOpenProcess": 19, "GetFileVersionInfoSizeW": 1, "GetDiskFreeSpaceExW": 1, "NtOpenKey": 27, "NtQueryDirectoryFile": 35, "GetForegroundWindow": 81, "NtOpenMutant": 1, "NtOpenFile": 14, "FindResourceExW": 221, "GetFileSizeEx": 19, "RegEnumKeyW": 440, "RegOpenKeyExA": 3, "LdrUnloadDll": 3, "RegCreateKeyExW": 8, "NtSetValueKey": 108, "GetFileSize": 28, "CoUninitialize": 77, "GetFileAttributesExW": 6, "CryptHashData": 1, "closesocket": 5, "GetTempPathW": 1, "LdrGetProcedureAddress": 42, "NtAllocateVirtualMemory": 36, "InternetConnectW": 1, "GetCursorPos": 6, "GetKeyState": 199, "GetFileInformationByHandleEx": 27, "GetSystemTimeAsFileTime": 189, "GetVolumeNameForVolumeMountPointW": 3, "GetAddrInfoW": 1, "EnumWindows": 15, "SetFilePointer": 4, "FindResourceW": 19, "CoCreateInstance": 34, "FindWindowW": 2, "NtFreeVirtualMemory": 18, "RegCloseKey": 1125, "NtProtectVirtualMemory": 48, "UuidCreate": 2, "RegSetValueExW": 15, "InternetOpenW": 2, "GetVolumePathNamesForVolumeNameW": 6, "GetFileVersionInfoW": 1, "NtDeviceIoControlFile": 30, "NtOpenKeyEx": 3521, "InternetCrackUrlW": 1, "CoInitializeEx": 79, "RegEnumKeyExW": 23, "FindFirstFileExW": 14, "DeviceIoControl": 2, "NtWriteFile": 1, "NtMapViewOfSection": 7, "CreateDirectoryW": 4, "GlobalMemoryStatusEx": 1, "WSAStartup": 6, "NtDuplicateObject": 7, "NtClose": 882, "GetAdaptersAddresses": 1, "NetShareEnum": 1, "LoadResource": 223, "RegQueryValueExW": 298, "LoadStringW": 15, "SHGetFolderPathW": 8, "RegDeleteKeyW": 1, "socket": 5, "NtQueryValueKey": 943, "RegDeleteValueW": 3, "NtOpenSection": 6, "GetSystemWindowsDirectoryW": 2, "RegOpenKeyExW": 310, "NtReadFile": 23, "RegQueryValueExA": 1, "LdrGetDllHandle": 4, "NtQuerySystemInformation": 1, "GetSystemInfo": 2, "NtDelayExecution": 55, "GetFileInformationByHandle": 1, "SizeofResource": 5, "NtQueryInformationFile": 9, "DeleteUrlCacheEntryW": 2, "SetErrorMode": 6, "NtCreateMutant": 13, "LdrLoadDll": 1, "GetFileAttributesW": 19, "HttpOpenRequestW": 1, "NtCreateKey": 99, "setsockopt": 5, "GetSystemMetrics": 842, "SendNotifyMessageW": 5, "NtCreateSection": 7, "NtUnmapViewOfSection": 14, "GetVolumePathNameW": 2, "GetSystemDirectoryW": 2, "CreateThread": 4}, "name": "59ff0fd4-c907-11e6-bcee-80e65024849a.file"}