{"name": "5a5a31b8-eff9-11e7-8d26-80e65024849a.file", "apistats": {"GetTempPathW": 1, "OleInitialize": 1, "RegEnumKeyExW": 21, "NtOpenFile": 2, "NtQueryValueKey": 5, "RtlAddVectoredExceptionHandler": 1, "NtOpenKey": 5, "GetSystemDirectoryW": 1, "NtAllocateVirtualMemory": 38, "GetSystemInfo": 1, "LoadResource": 5, "LoadStringW": 5, "SetWindowsHookExA": 1, "LdrGetDllHandle": 5, "SetFilePointer": 2, "GetFileType": 1, "NtOpenMutant": 1, "GetSystemMetrics": 88, "FindResourceExW": 7, "NtQueryDirectoryFile": 2, "CryptAcquireContextW": 1, "__exception__": 1, "SearchPathW": 2, "GetFileSize": 1, "RegOpenKeyExA": 2, "LdrLoadDll": 13, "NtMapViewOfSection": 4, "NtClose": 24, "LdrGetProcedureAddress": 130, "NtCreateFile": 1, "NtFreeVirtualMemory": 1, "GetFileAttributesW": 3, "NtUnmapViewOfSection": 2, "NtCreateSection": 2, "FindFirstFileExW": 1, "RegOpenKeyExW": 20, "CreateActCtxW": 2, "NtQueryInformationFile": 2, "SetEndOfFile": 1, "LoadStringA": 21, "NtProtectVirtualMemory": 3, "SetErrorMode": 5, "NtOpenSection": 2, "GetSystemWindowsDirectoryW": 1, "RegCloseKey": 9, "DrawTextExW": 11, "RegQueryValueExW": 5, "GlobalMemoryStatus": 1, "CoInitializeEx": 1}, "class": "malware"}