{"class": "malware", "name": "5b0340e8-eff9-11e7-9937-80e65024849a.file", "apistats": {"FindResourceExW": 7, "NtOpenKey": 5, "GetTempPathW": 1, "GetFileAttributesW": 5, "GetSystemInfo": 1, "NtProtectVirtualMemory": 3, "NtAllocateVirtualMemory": 39, "GetFileSize": 1, "LoadResource": 5, "RtlAddVectoredExceptionHandler": 1, "CreateActCtxW": 2, "NtQueryInformationFile": 1, "NtQueryDirectoryFile": 4, "FindFirstFileExW": 2, "NtCreateSection": 2, "DrawTextExW": 11, "CoInitializeEx": 1, "NtOpenMutant": 1, "OleInitialize": 1, "LdrGetDllHandle": 5, "RegOpenKeyExW": 19, "RegCloseKey": 8, "LdrGetProcedureAddress": 128, "GetSystemMetrics": 96, "SetEndOfFile": 1, "CryptAcquireContextW": 1, "RegEnumKeyExW": 21, "RegQueryValueExW": 5, "NtUnmapViewOfSection": 2, "NtOpenSection": 2, "GlobalMemoryStatus": 1, "NtFreeVirtualMemory": 1, "SetWindowsHookExA": 1, "SetErrorMode": 5, "GetSystemDirectoryW": 1, "GetFileType": 1, "NtMapViewOfSection": 4, "LdrLoadDll": 13, "NtCreateFile": 1, "SearchPathW": 2, "LoadStringW": 5, "LoadStringA": 21, "__exception__": 1, "NtQueryValueKey": 5, "RegOpenKeyExA": 2, "NtClose": 23, "SetFilePointer": 2, "GetSystemWindowsDirectoryW": 1}}