{"class": "malware", "name": "5b855645-eff9-11e7-90ce-80e65024849a.file", "apistats": {"FindResourceExW": 9, "NtOpenKey": 5, "GetTempPathW": 1, "GetFileAttributesW": 3, "GetSystemInfo": 1, "NtProtectVirtualMemory": 3, "NtAllocateVirtualMemory": 39, "GetFileSize": 1, "LoadResource": 7, "RtlAddVectoredExceptionHandler": 1, "CreateActCtxW": 2, "NtQueryInformationFile": 2, "NtQueryDirectoryFile": 2, "FindFirstFileExW": 1, "NtCreateSection": 2, "DrawTextExW": 13, "CoInitializeEx": 1, "SetFilePointer": 2, "OleInitialize": 1, "LdrGetDllHandle": 5, "RegOpenKeyExW": 19, "RegCloseKey": 8, "SearchPathW": 2, "GetSystemMetrics": 98, "DrawTextExA": 1, "SetEndOfFile": 1, "CryptAcquireContextW": 1, "NtOpenFile": 2, "RegQueryValueExW": 5, "NtUnmapViewOfSection": 2, "NtOpenSection": 2, "GlobalMemoryStatus": 1, "NtFreeVirtualMemory": 1, "SetWindowsHookExA": 1, "NtOpenMutant": 1, "SetErrorMode": 5, "GetSystemDirectoryW": 1, "GetFileType": 1, "NtMapViewOfSection": 4, "LdrLoadDll": 13, "NtCreateFile": 1, "LdrGetProcedureAddress": 128, "LoadStringW": 5, "LoadStringA": 21, "__exception__": 1, "NtQueryValueKey": 5, "RegOpenKeyExA": 2, "NtClose": 24, "GetSystemWindowsDirectoryW": 1, "RegEnumKeyExW": 21}}