{"name": "5bd1f0cc-aef1-11e6-80b4-80e65024849a.file", "apistats": {"NtUnmapViewOfSection": 9, "RegEnumKeyExW": 10, "NtCreateMutant": 3, "NtOpenFile": 1, "RtlAddVectoredExceptionHandler": 1, "GetSystemDirectoryW": 4, "NtQueryKey": 7, "CryptAcquireContextA": 1, "GetSystemInfo": 3, "GetFileSize": 4, "NtOpenProcess": 4, "GetNativeSystemInfo": 3, "CoInitializeEx": 1, "CreateThread": 1, "NtQueryDirectoryFile": 4, "NtDuplicateObject": 3, "CoCreateInstance": 46, "NtQuerySystemInformation": 1, "RegDeleteValueW": 4, "FindFirstFileExW": 4, "NtEnumerateValueKey": 7, "CertCreateCertificateContext": 4, "LdrLoadDll": 30, "NtMapViewOfSection": 9, "NtEnumerateKey": 2, "CertOpenStore": 2, "NtCreateFile": 20, "GetFileAttributesW": 7, "SetErrorMode": 12, "CryptDecodeObjectEx": 4, "GetFileVersionInfoW": 2, "RegOpenKeyExW": 31, "NtQueryAttributesFile": 2, "GetFileAttributesExW": 6, "SetUnhandledExceptionFilter": 1, "RegEnumValueW": 49, "RegSetValueExW": 4, "NtProtectVirtualMemory": 41, "SetFilePointer": 2, "CreateProcessInternalW": 1, "GetSystemTimeAsFileTime": 3, "NtOpenKeyEx": 8, "GetFileInformationByHandle": 2, "RegCloseKey": 69, "NtClose": 75, "NtQueryValueKey": 29, "NtReadFile": 4, "NtOpenKey": 49, "NtAllocateVirtualMemory": 12, "NtResumeThread": 3, "LdrGetDllHandle": 37, "RegCreateKeyExW": 8, "NtFreeVirtualMemory": 2, "NtCreateThreadEx": 1, "NtDelayExecution": 44, "CertOpenSystemStoreA": 1, "GetFileVersionInfoSizeW": 3, "GlobalMemoryStatus": 1, "LoadStringW": 169, "GlobalMemoryStatusEx": 2, "RegOpenKeyExA": 44, "RegQueryInfoKeyW": 29, "NtOpenDirectoryObject": 1, "LdrGetProcedureAddress": 168, "RegEnumKeyExA": 34, "IsDebuggerPresent": 2, "NtCreateSection": 7, "LdrUnloadDll": 3, "CreateActCtxW": 1, "NtDeviceIoControlFile": 3, "GetSystemWindowsDirectoryW": 2, "NtSetValueKey": 7, "RegQueryValueExW": 24, "GetShortPathNameW": 1}, "class": "malware"}