{"class": "malware", "name": "5c11bb21-eff9-11e7-aa4e-80e65024849a.file", "apistats": {"FindResourceExW": 5, "NtOpenKey": 5, "GetTempPathW": 1, "GetFileAttributesW": 3, "GetSystemInfo": 1, "NtProtectVirtualMemory": 3, "NtAllocateVirtualMemory": 38, "NtQueryValueKey": 5, "LoadResource": 5, "RtlAddVectoredExceptionHandler": 1, "NtQueryInformationFile": 1, "NtCreateSection": 2, "DrawTextExW": 12, "CoInitializeEx": 1, "NtOpenMutant": 1, "OleInitialize": 1, "LdrGetDllHandle": 3, "RegOpenKeyExW": 19, "RegCloseKey": 8, "LdrGetProcedureAddress": 111, "GetSystemMetrics": 87, "SetEndOfFile": 1, "CryptAcquireContextW": 1, "RegEnumKeyExW": 21, "RegQueryValueExW": 5, "NtUnmapViewOfSection": 2, "NtOpenSection": 2, "GlobalMemoryStatus": 1, "NtFreeVirtualMemory": 1, "SetWindowsHookExA": 1, "SetErrorMode": 5, "GetSystemDirectoryW": 1, "GetFileType": 1, "NtMapViewOfSection": 4, "LdrLoadDll": 11, "NtCreateFile": 1, "SearchPathW": 2, "LoadStringW": 5, "LoadStringA": 21, "__exception__": 1, "GetFileSize": 1, "RegOpenKeyExA": 2, "NtClose": 21, "SetFilePointer": 2}}