{"class": "malware", "apistats": {"DrawTextExW": 94, "NtMapViewOfSection": 6, "CreateActCtxW": 1, "RegQueryValueExW": 20, "NtCreateFile": 3, "WSAStartup": 1, "NtOpenProcess": 1, "NtClose": 45, "NtOpenKey": 11, "GetForegroundWindow": 6, "NtOpenMutant": 1, "FindResourceExA": 2, "LoadStringW": 7, "LoadResource": 11, "NtQueryValueKey": 4, "RegOpenKeyExA": 4, "LdrUnloadDll": 1, "NtOpenSection": 5, "GetUserNameExA": 2, "CoUninitialize": 1, "RegOpenKeyExW": 31, "LdrGetProcedureAddress": 165, "LdrGetDllHandle": 32, "NtAllocateVirtualMemory": 34, "GetSystemInfo": 2, "GetCursorPos": 19, "GetSystemDirectoryA": 1, "GetKeyState": 2, "GetSystemTimeAsFileTime": 2, "LdrLoadDll": 31, "IsDebuggerPresent": 1, "FindResourceExW": 11, "GetSystemDirectoryW": 2, "GetUserNameA": 2, "GetSystemMetrics": 632, "NtFreeVirtualMemory": 3, "RegCloseKey": 25, "NtUnmapViewOfSection": 5, "SetUnhandledExceptionFilter": 1, "CoInitializeEx": 3, "RegEnumKeyExW": 22}, "name": "5cabbca3-eff9-11e7-8053-80e65024849a.file"}