{"class": "malware", "apistats": {"GetSystemWindowsDirectoryW": 1, "DrawTextExW": 197, "CreateActCtxW": 2, "NtCreateFile": 10, "OleInitialize": 1, "FindResourceW": 1, "GetFileVersionInfoSizeW": 2, "NtOpenKey": 1, "NtQueryDirectoryFile": 1, "GetForegroundWindow": 82, "NtOpenMutant": 1, "SetEndOfFile": 1, "NtOpenFile": 2, "FindResourceExW": 51, "RegEnumKeyW": 2, "RegOpenKeyExA": 8, "LdrUnloadDll": 1, "RegCreateKeyExW": 7, "GetFileSize": 4, "CoUninitialize": 2, "closesocket": 3, "LdrGetProcedureAddress": 14, "NtAllocateVirtualMemory": 11, "GetSystemInfo": 2, "GetCursorPos": 6, "GetKeyState": 52, "GetSystemTimeAsFileTime": 4, "SetFileTime": 1, "GetBestInterfaceEx": 2, "EnumWindows": 10, "NtOpenProcess": 1, "NtCreateThreadEx": 1, "CoCreateInstance": 3, "FindWindowW": 1, "NtFreeVirtualMemory": 4, "RegCloseKey": 9, "NtProtectVirtualMemory": 6, "UuidCreate": 1, "RegSetValueExW": 3, "GetFileVersionInfoW": 2, "NtDeviceIoControlFile": 16, "NtQueryAttributesFile": 5, "IsDebuggerPresent": 1, "CoInitializeEx": 6, "RegEnumKeyExW": 21, "LoadStringA": 31, "FindFirstFileExW": 1, "NtWriteFile": 1, "NtMapViewOfSection": 6, "CreateDirectoryW": 1, "GlobalMemoryStatusEx": 1, "WSAStartup": 4, "NtDuplicateObject": 13, "NtClose": 14, "RegQueryValueExW": 167, "SetFilePointer": 10, "SearchPathW": 4, "NtEnumerateValueKey": 52, "NtQueryKey": 11, "LoadStringW": 33, "InternetQueryOptionA": 1, "socket": 3, "NtQueryValueKey": 2, "NtOpenSection": 4, "RegOpenKeyExW": 4, "NtReadFile": 261, "RegQueryValueExA": 1, "LdrGetDllHandle": 6, "NtQuerySystemInformation": 5, "NtOpenKeyEx": 11, "NtDelayExecution": 24, "SizeofResource": 1, "NtQueryInformationFile": 1, "SetErrorMode": 2, "NtCreateMutant": 3, "GetNativeSystemInfo": 2, "GetFileAttributesW": 2, "setsockopt": 3, "GetSystemMetrics": 6, "SendNotifyMessageW": 1, "NtResumeThread": 2, "NtCreateSection": 5, "LoadResource": 1, "NtUnmapViewOfSection": 17, "CreateProcessInternalW": 1, "CreateThread": 1, "GetSystemDirectoryW": 1, "LdrLoadDll": 6}, "name": "5cfa1880-4ffa-11e7-b3b8-80e65024849a.file"}