{"name": "5d416b8a-531b-11e7-a4c3-80e65024849a.file", "apistats": {"NtWriteFile": 165, "NtUnmapViewOfSection": 6, "RegEnumKeyExW": 12, "timeGetTime": 3, "NtOpenFile": 4, "GetDiskFreeSpaceExW": 2, "NtFreeVirtualMemory": 49, "GetForegroundWindow": 1, "GetSystemInfo": 2, "LoadResource": 11, "LoadStringW": 22, "NtOpenProcess": 3, "GetNativeSystemInfo": 1, "CreateActCtxW": 2, "GetTempPathW": 1, "CreateThread": 3, "GetCursorPos": 1, "InternetCrackUrlA": 1, "NtQueryDirectoryFile": 12, "NtDuplicateObject": 5, "SHGetFolderPathW": 2, "SearchPathW": 26, "CoCreateInstance": 4, "FindFirstFileExW": 12, "LdrLoadDll": 39, "CreateDirectoryW": 2, "NtCreateFile": 64, "GetFileAttributesW": 21, "SetFilePointerEx": 1, "SetErrorMode": 17, "GetSystemDirectoryW": 3, "GetFileAttributesExW": 4, "RegOpenKeyExW": 280, "NtQueryAttributesFile": 17, "NtCreateMutant": 4, "CoInitializeEx": 5, "LookupPrivilegeValueW": 1, "SetUnhandledExceptionFilter": 1, "RegEnumValueW": 39, "RegSetValueExW": 8, "NtProtectVirtualMemory": 14, "SetFilePointer": 12, "GetSystemTimeAsFileTime": 14, "FindResourceA": 9, "SetFileAttributesW": 2, "UuidCreate": 1, "GetFileSizeEx": 2, "OleInitialize": 2, "NtClose": 134, "GetVolumeNameForVolumeMountPointW": 3, "NtQueryValueKey": 5, "RegQueryValueExA": 45, "CreateProcessInternalW": 1, "GetUserNameExW": 1, "NtOpenKey": 7, "NtAllocateVirtualMemory": 108, "NtQueryInformationFile": 6, "NtMapViewOfSection": 10, "LdrGetDllHandle": 9, "GetVolumePathNamesForVolumeNameW": 6, "GetFileType": 1, "NtOpenMutant": 1, "GetSystemMetrics": 36, "FindResourceExW": 2, "NtSetInformationFile": 3, "WSAStartup": 3, "NtReadFile": 19, "RegOpenKeyExA": 2, "RegQueryInfoKeyW": 2, "RegCloseKey": 168, "LdrGetProcedureAddress": 445, "FindResourceW": 27, "NtCreateSection": 4, "ShellExecuteExW": 1, "LdrUnloadDll": 19, "RegEnumKeyW": 2, "SizeofResource": 9, "SetFileTime": 2, "GetFileInformationByHandleEx": 2, "NtTerminateProcess": 3, "NtOpenSection": 13, "GetSystemWindowsDirectoryW": 10, "CoUninitialize": 7, "RegQueryValueExW": 251}, "class": "malware"}