{"apistats": {"CreateToolhelp32Snapshot": 1, "GetNativeSystemInfo": 1, "NtOpenSection": 1, "RegCloseKey": 34, "NtDuplicateObject": 4, "OpenSCManagerW": 1, "GetSystemInfo": 4, "RegQueryValueExA": 55, "WSAStartup": 5, "NtResumeThread": 4, "NtQueryValueKey": 18, "RegCreateKeyExA": 3, "GetFileVersionInfoSizeW": 1, "CoInitializeEx": 2, "RegQueryValueExW": 35, "NtMapViewOfSection": 6, "Process32NextW": 32, "GetSystemMetrics": 8, "NtCreateThreadEx": 1, "SizeofResource": 1, "SetWindowsHookExW": 2, "RegOpenKeyExW": 27, "NtReadFile": 12, "ReadProcessMemory": 5, "RegOpenKeyExA": 8, "NtFreeVirtualMemory": 15, "Process32FirstW": 1, "LdrUnloadDll": 3, "GetComputerNameW": 1, "CoCreateInstance": 1, "NtAllocateVirtualMemory": 27, "GetFileSizeEx": 1, "CreateThread": 4, "NtUnmapViewOfSection": 1, "RegQueryInfoKeyW": 2, "SetFilePointer": 10, "GetSystemDirectoryW": 1, "RegEnumKeyExW": 4, "SetUnhandledExceptionFilter": 2, "FindResourceExW": 10, "NtCreateFile": 3, "GetSystemTimeAsFileTime": 3, "NtCreateMutant": 1, "NtProtectVirtualMemory": 29, "OpenServiceW": 1, "RegEnumValueW": 39, "LdrGetDllHandle": 16, "NtCreateSection": 4, "GetTimeZoneInformation": 1, "NtOpenKey": 20, "GetAdaptersInfo": 1, "LoadResource": 8, "LdrGetProcedureAddress": 618, "SetFilePointerEx": 6, "RegSetValueExA": 7, "GetFileVersionInfoW": 1, "GetFileType": 1, "LdrLoadDll": 53, "FindResourceA": 1, "NtClose": 30}, "name": "5d94460c-5260-11e7-854f-80e65024849a.file", "class": "malware"}