{"apistats": {"CreateToolhelp32Snapshot": 9, "RegCloseKey": 11, "NtDuplicateObject": 2, "MoveFileWithProgressW": 10925, "NtTerminateProcess": 3, "GetFileAttributesW": 6, "GetSystemMetrics": 3, "NtCreateThreadEx": 1, "GetFileSize": 2, "RegOpenKeyExW": 4, "SetErrorMode": 1, "NtAllocateVirtualMemory": 26, "RegOpenKeyExA": 9, "DeleteFileW": 13508, "GetCursorPos": 32472, "FindResourceExA": 1, "NtResumeThread": 1, "CreateDirectoryW": 1, "GetTempPathW": 1, "NtCreateFile": 35, "GetSystemTimeAsFileTime": 2, "GlobalMemoryStatusEx": 1, "FindFirstFileExW": 1, "NtWriteFile": 1, "NtCreateSection": 3, "LoadResource": 1, "GetSystemWindowsDirectoryW": 1, "NtQueryInformationFile": 2, "NtQueryValueKey": 7, "GetNativeSystemInfo": 1, "WriteProcessMemory": 7, "GetSystemInfo": 2, "RegQueryValueExA": 7, "FindWindowW": 2, "IsDebuggerPresent": 1, "LookupPrivilegeValueW": 3, "NtClose": 66, "RegCreateKeyExA": 1, "NtOpenProcess": 8, "FindWindowA": 1, "RegQueryValueExW": 2, "NtMapViewOfSection": 4, "Process32NextW": 156, "SizeofResource": 1, "NtDeviceIoControlFile": 1, "NtReadFile": 2, "CopyFileExW": 1, "LdrGetDllHandle": 6, "Process32FirstW": 9, "LdrUnloadDll": 1, "NtQuerySystemInformation": 1, "NtOpenFile": 1, "GetSystemDirectoryW": 1, "NtUnmapViewOfSection": 30, "NtFreeVirtualMemory": 33, "NtCreateMutant": 1, "NtProtectVirtualMemory": 21, "SHGetFolderPathW": 32, "NtOpenKey": 6, "LdrGetProcedureAddress": 231, "RegSetValueExA": 1, "NtOpenDirectoryObject": 1, "LdrLoadDll": 21, "FindResourceA": 1}, "name": "5da9ccc7-c5d3-11e6-8e6d-80e65024849a.file", "class": "malware"}