{"class": "malware", "name": "5dacab8f-9c08-11e6-8c25-80e65024849a.file", "apistats": {"FindResourceExW": 6, "NtOpenKey": 10, "SetUnhandledExceptionFilter": 1, "FindWindowW": 1, "IWbemServices_ExecQuery": 5, "NtDeviceIoControlFile": 3, "NtQueryValueKey": 6, "LoadResource": 1, "WSAStartup": 3, "RegCreateKeyExA": 1, "DeviceIoControl": 2, "CoGetClassObject": 1, "CoInitializeEx": 2, "GetSystemInfo": 3, "LdrGetDllHandle": 10, "CoCreateInstanceEx": 1, "RegOpenKeyExW": 22, "RegCloseKey": 31, "GetTimeZoneInformation": 1, "NtDuplicateObject": 2, "GetSystemTimeAsFileTime": 4, "RegOpenKeyExA": 9, "RegQueryValueExW": 34, "CreateThread": 4, "NtOpenSection": 1, "RegSetValueExA": 1, "NtFreeVirtualMemory": 11, "NtClose": 18, "GetSystemDirectoryW": 2, "NtDelayExecution": 3, "LdrLoadDll": 26, "NtCreateFile": 5, "LdrGetProcedureAddress": 116, "NtAllocateVirtualMemory": 16, "NtResumeThread": 1, "GetComputerNameW": 1, "CoInitializeSecurity": 1, "RegQueryValueExA": 12, "GetSystemMetrics": 6, "SHGetFolderPathW": 1, "__exception__": 1, "CoUninitialize": 1, "UuidCreate": 6, "CoCreateInstance": 2, "RegEnumValueW": 2, "LdrUnloadDll": 3, "NtTerminateProcess": 1}}