{"name": "5e1b9e6b-9901-11e6-9bf0-80e65024849a.file", "apistats": {"NtWriteFile": 255, "SetErrorMode": 1, "RegEnumKeyExW": 21, "NtCreateMutant": 2, "socket": 1, "NtOpenFile": 1, "NtFreeVirtualMemory": 13, "GetSystemDirectoryW": 3, "GetForegroundWindow": 1, "GetSystemInfo": 1, "LoadResource": 3, "GetFileSize": 1, "NtOpenProcess": 110, "GetNativeSystemInfo": 1, "CoInitializeEx": 16, "GetTempPathW": 1, "CreateThread": 2, "NtQueryDirectoryFile": 7, "NtDuplicateObject": 3, "SHGetFolderPathW": 1, "CoCreateInstance": 2, "NtQuerySystemInformation": 7, "LdrLoadDll": 30, "CreateDirectoryW": 8, "NtCreateFile": 34, "GetFileAttributesW": 16, "NtUnmapViewOfSection": 3, "FindFirstFileExW": 1, "RegOpenKeyExW": 476, "NtProtectVirtualMemory": 1, "SetFilePointer": 15, "ReadProcessMemory": 129, "GetSystemTimeAsFileTime": 41, "DrawTextExW": 1, "OleInitialize": 1, "NtClose": 207, "GetVolumeNameForVolumeMountPointW": 3, "NtQueryValueKey": 11, "RegQueryValueExA": 3, "NtReadFile": 318, "NtOpenKey": 32, "ioctlsocket": 1, "NtAllocateVirtualMemory": 24, "NtMapViewOfSection": 7, "LdrGetDllHandle": 23, "GetVolumePathNamesForVolumeNameW": 6, "NtOpenMutant": 1, "GetSystemMetrics": 5, "FindResourceExW": 4, "NtDelayExecution": 74, "RegCreateKeyExA": 1, "DeleteFileW": 2, "GetFileSizeEx": 12, "WSAStartup": 1, "FindResourceExA": 1, "GlobalMemoryStatusEx": 1, "RegOpenKeyExA": 7, "RegCloseKey": 329, "LdrGetProcedureAddress": 71, "NtCreateSection": 3, "LoadStringW": 6, "LdrUnloadDll": 7, "RegEnumKeyW": 109, "GetFileInformationByHandleEx": 12, "RegQueryValueExW": 2202, "RegSetValueExA": 1, "NtOpenSection": 7, "GetSystemWindowsDirectoryW": 7, "CoUninitialize": 15, "CreateActCtxW": 2}, "class": "malware"}