{"class": "malware", "name": "5fc59f7a-9901-11e6-8664-80e65024849a.file", "apistats": {"FindResourceW": 4, "GetNativeSystemInfo": 2, "FindResourceExW": 30, "NtOpenKey": 30, "NtProtectVirtualMemory": 25, "GetForegroundWindow": 29, "NtQueryInformationFile": 7, "GetBestInterfaceEx": 4, "RegSetValueExW": 3, "NtQueryDirectoryFile": 1, "FindFirstFileExW": 1, "LdrGetDllHandle": 26, "NtSetValueKey": 35, "RegCloseKey": 77, "NtOpenFile": 8, "GetSystemDirectoryA": 2, "SetErrorMode": 15, "NtMapViewOfSection": 24, "NtDelayExecution": 23, "NtCreateFile": 30, "NtDeviceIoControlFile": 15, "CreateProcessInternalW": 1, "LoadStringW": 7, "NtOpenProcess": 18, "LoadStringA": 88, "CoUninitialize": 2, "GetFileAttributesW": 29, "NtCreateMutant": 3, "RegCreateKeyExW": 7, "SendNotifyMessageA": 1, "NtQueryValueKey": 20, "WSAStartup": 3, "GlobalMemoryStatusEx": 1, "SetFilePointer": 22, "GetSystemInfo": 1, "CreateDirectoryW": 9, "SetFileTime": 4, "GetSystemMetrics": 1035, "SetEndOfFile": 4, "NtReadFile": 48, "RegEnumKeyExW": 21, "RegEnumKeyW": 2, "RegQueryValueExW": 150, "NtResumeThread": 2, "GetFileVersionInfoW": 2, "CoCreateInstance": 4, "GetSystemWindowsDirectoryW": 3, "GetSystemWindowsDirectoryA": 1, "NtAllocateVirtualMemory": 67, "socket": 2, "CreateActCtxW": 2, "DrawTextExW": 140, "RegOpenKeyExW": 109, "GetKeyState": 26, "InternetQueryOptionA": 1, "LdrGetProcedureAddress": 295, "GetSystemTimeAsFileTime": 11, "DrawTextExA": 4, "NtWriteFile": 9, "NtUnmapViewOfSection": 17, "NtFreeVirtualMemory": 20, "NtOpenMutant": 1, "SendNotifyMessageW": 2, "LdrLoadDll": 56, "RegQueryValueExA": 13, "NtQueryKey": 1881, "UuidCreate": 1, "RegOpenKeyExA": 15, "NtCreateKey": 33, "closesocket": 2, "GetFileSize": 2, "LoadResource": 37, "FindResourceA": 14, "NtQueryAttributesFile": 8, "NtCreateSection": 12, "CoInitializeEx": 5, "NtDuplicateObject": 13, "EnumWindows": 1, "SearchPathW": 4, "CreateThread": 1, "setsockopt": 2, "NtOpenSection": 4, "GetSystemDirectoryW": 1, "SizeofResource": 7, "NtCreateThreadEx": 1, "NtQuerySystemInformation": 5, "GetFileVersionInfoSizeW": 2, "GetCursorPos": 2, "IsDebuggerPresent": 1, "NtClose": 124, "NtOpenKeyEx": 1169, "LdrUnloadDll": 1}}