{"class": "malware", "apistats": {"NtQueryKey": 2, "GetSystemWindowsDirectoryW": 6, "SHGetSpecialFolderLocation": 36, "CryptAcquireContextW": 1, "NtCreateFile": 12, "OleInitialize": 1, "NtOpenKey": 16, "NtQueryDirectoryFile": 6, "NtOpenMutant": 1, "SetEndOfFile": 1, "FindResourceExW": 4, "GetFileSizeEx": 3, "RegEnumKeyW": 2, "RegOpenKeyExA": 3, "LdrUnloadDll": 1, "GetFileSize": 2, "CoUninitialize": 38, "GetTempPathW": 1, "LdrGetProcedureAddress": 127, "NtAllocateVirtualMemory": 45, "SetWindowsHookExA": 1, "GetFileInformationByHandleEx": 3, "GetSystemTimeAsFileTime": 17, "GetFileType": 1, "GetVolumeNameForVolumeMountPointW": 2, "RegOpenKeyExW": 75, "NtFreeVirtualMemory": 1, "RegCloseKey": 57, "NtProtectVirtualMemory": 3, "GetVolumePathNamesForVolumeNameW": 6, "CoInitializeEx": 39, "RegEnumKeyExW": 21, "FindFirstFileExW": 1, "GetNativeSystemInfo": 1, "NtMapViewOfSection": 7, "CreateDirectoryW": 1, "GlobalMemoryStatusEx": 1, "LoadStringA": 19, "NtDuplicateObject": 3, "NtClose": 57, "RegQueryValueExW": 28, "SetFilePointer": 23, "SearchPathW": 2, "LoadResource": 4, "__exception__": 1, "GlobalMemoryStatus": 1, "LoadStringW": 6, "NtQueryValueKey": 10, "NtOpenSection": 4, "CoCreateInstance": 1, "NtReadFile": 20, "RegQueryValueExA": 1, "LdrGetDllHandle": 4, "NtQuerySystemInformation": 1, "GetSystemInfo": 2, "NtQueryInformationFile": 1, "SetErrorMode": 9, "NtCreateMutant": 2, "GetFileAttributesW": 4, "GetSystemMetrics": 17, "NtCreateSection": 3, "NtUnmapViewOfSection": 2, "GetSystemDirectoryW": 2, "LdrLoadDll": 22}, "name": "60bb4b38-ca8f-11e6-b577-80e65024849a.file"}