{"apistats": {"NtOpenSection": 2, "CoUninitialize": 1, "GetForegroundWindow": 291, "GetBestInterfaceEx": 2, "NtDuplicateObject": 5, "MoveFileWithProgressW": 2, "WSAStartup": 5, "GetUserNameExA": 1, "GetAdaptersAddresses": 22, "RegCloseKey": 153, "GetFileAttributesW": 35, "NtQueryAttributesFile": 2, "CryptCreateHash": 6, "setsockopt": 3, "GetSystemMetrics": 427, "GetFileSize": 1, "RegOpenKeyExW": 160, "SearchPathW": 2, "SetErrorMode": 1, "NtAllocateVirtualMemory": 78, "RegOpenKeyExA": 102, "CertCreateCertificateContext": 1, "CryptAcquireContextA": 2, "SHGetFolderPathW": 1, "RegEnumKeyExW": 21, "CryptAcquireContextW": 4, "CreateDirectoryW": 16, "FindResourceExW": 12, "CryptDecodeObjectEx": 1, "NtCreateFile": 19, "GetSystemTimeAsFileTime": 27, "GlobalMemoryStatusEx": 1, "RegEnumKeyExA": 61, "closesocket": 3, "RegEnumValueW": 77, "NtCreateSection": 5, "GetTimeZoneInformation": 1, "NtOpenMutant": 1, "LoadResource": 10, "FindWindowW": 1, "GetSystemWindowsDirectoryW": 2, "NtOpenKey": 38, "NtClose": 130, "RegCreateKeyExW": 2, "GetNativeSystemInfo": 1, "DeviceIoControl": 1, "DrawTextExW": 36, "GetSystemInfo": 2, "RegQueryValueExA": 85, "CryptExportKey": 21, "IsDebuggerPresent": 1, "LookupPrivilegeValueW": 1, "NtQueryValueKey": 21, "RegCreateKeyExA": 1, "NtOpenProcess": 8, "CryptHashData": 6, "RegQueryValueExW": 146, "NtFreeVirtualMemory": 7, "NtMapViewOfSection": 8, "SizeofResource": 1, "CreateActCtxW": 1, "NtDeviceIoControlFile": 127, "NtReadFile": 29, "NtWriteFile": 2, "LdrGetDllHandle": 25, "CryptGenKey": 1, "LdrUnloadDll": 1, "NtSetValueKey": 7, "CertOpenStore": 1, "NtOpenFile": 2, "CreateThread": 10, "NtUnmapViewOfSection": 7, "RegQueryInfoKeyW": 42, "SetFilePointer": 16, "GetSystemDirectoryW": 2, "SetUnhandledExceptionFilter": 1, "GetSystemDirectoryA": 1, "NtCreateMutant": 1, "NtProtectVirtualMemory": 82, "CoInitializeEx": 3, "FindResourceA": 1, "GlobalMemoryStatus": 10, "socket": 3, "RegSetValueExW": 8, "LoadStringW": 176, "LdrGetProcedureAddress": 905, "LdrLoadDll": 58, "UuidCreate": 1}, "name": "610f3966-9eb2-11e6-b541-80e65024849a.file", "class": "malware"}