{"apistats": {"NtOpenSection": 4, "GetForegroundWindow": 1, "SetFileTime": 1, "GetFileVersionInfoSizeW": 2, "GetFileAttributesW": 25, "RegOpenKeyExW": 135, "NtDelayExecution": 43, "SetErrorMode": 17, "RegOpenKeyExA": 8, "GetCursorPos": 31, "NtEnumerateValueKey": 52, "FindResourceExW": 51, "NtCreateFile": 25, "GetSystemTimeAsFileTime": 11, "GlobalMemoryStatusEx": 1, "LoadResource": 57, "NtQueryInformationFile": 1, "RegSetValueExW": 3, "RegCreateKeyExW": 7, "NtQueryKey": 179, "RegQueryValueExA": 1, "EnumWindows": 3, "IsDebuggerPresent": 1, "NtQueryValueKey": 127, "RegQueryValueExW": 167, "CreateActCtxW": 2, "NtDeviceIoControlFile": 16, "NtReadFile": 34, "NtWriteFile": 5, "LdrGetDllHandle": 37, "NtQuerySystemInformation": 5, "NtSetValueKey": 2, "LoadStringA": 31, "CreateThread": 1, "GetSystemDirectoryW": 13, "LoadStringW": 58, "NtProtectVirtualMemory": 16, "CoInitializeEx": 6, "socket": 3, "SearchPathW": 4, "LdrGetProcedureAddress": 400, "SetEndOfFile": 1, "LdrLoadDll": 58, "UuidCreate": 1, "CoUninitialize": 2, "RegCloseKey": 82, "GetBestInterfaceEx": 2, "NtDuplicateObject": 13, "WSAStartup": 4, "SendNotifyMessageW": 3, "GetSystemMetrics": 1691, "NtCreateThreadEx": 1, "GetFileSize": 2, "InternetQueryOptionA": 1, "NtAllocateVirtualMemory": 39, "CreateDirectoryW": 9, "NtResumeThread": 2, "setsockopt": 3, "CoCreateInstance": 4, "RegEnumKeyExW": 21, "FindFirstFileExW": 1, "closesocket": 3, "NtCreateSection": 12, "NtOpenMutant": 1, "CreateProcessInternalW": 1, "GetNativeSystemInfo": 2, "DrawTextExW": 197, "GetSystemInfo": 1, "FindWindowW": 1, "GetSystemWindowsDirectoryW": 4, "NtClose": 180, "NtOpenProcess": 18, "NtFreeVirtualMemory": 8, "SizeofResource": 6, "RegEnumKeyW": 2, "NtMapViewOfSection": 24, "GetKeyState": 29, "LdrUnloadDll": 1, "OleInitialize": 1, "NtOpenFile": 2, "SetFilePointer": 10, "NtUnmapViewOfSection": 17, "NtQueryDirectoryFile": 1, "NtQueryAttributesFile": 11, "NtCreateMutant": 3, "NtOpenKey": 93, "FindResourceW": 17, "GetFileVersionInfoW": 2, "NtOpenKeyEx": 115}, "name": "61711763-531b-11e7-9ac1-80e65024849a.file", "class": "malware"}