{"name": "61b0081e-c5d3-11e6-822e-80e65024849a.file", "apistats": {"NtWriteFile": 1, "LdrLoadDll": 9, "GetAdaptersInfo": 2, "LdrGetProcedureAddress": 18, "socket": 2, "GetComputerNameW": 1, "NtClose": 13, "InternetOpenW": 1, "NtCreateFile": 1, "NtAllocateVirtualMemory": 13, "setsockopt": 2, "closesocket": 2, "GetTimeZoneInformation": 1, "NtDeviceIoControlFile": 12, "SetUnhandledExceptionFilter": 1, "NtProtectVirtualMemory": 3, "GetFileType": 1, "NtDuplicateObject": 3, "GetSystemTimeAsFileTime": 2, "WSAStartup": 2, "GetBestInterfaceEx": 4}, "class": "malware"}