{"name": "61ec53ca-adcb-11e6-b72d-80e65024849a.file", "apistats": {"NtWriteFile": 25, "SetErrorMode": 1, "RegEnumKeyExW": 22, "NtOpenFile": 56, "NtFreeVirtualMemory": 102, "GetSystemDirectoryW": 3, "GetForegroundWindow": 3, "LoadResource": 13, "GetFileSize": 3, "NtOpenProcess": 14, "GetNativeSystemInfo": 1, "CreateActCtxW": 3, "GetTempPathW": 1, "NtCreateMutant": 2, "NtQueryDirectoryFile": 7, "NtDuplicateObject": 3, "__exception__": 1, "SearchPathW": 2, "CoCreateInstance": 2, "NtQuerySystemInformation": 4, "LdrLoadDll": 41, "CreateDirectoryW": 8, "NtCreateFile": 54, "GetFileAttributesW": 26, "NtUnmapViewOfSection": 8, "FindFirstFileExW": 1, "RegOpenKeyExW": 488, "NtSetInformationFile": 14, "NtProtectVirtualMemory": 1, "SetFilePointer": 13, "GetSystemTimeAsFileTime": 38, "DrawTextExW": 39, "SetFileTime": 4, "OleInitialize": 1, "NtClose": 208, "GetVolumeNameForVolumeMountPointW": 3, "NtQueryValueKey": 11, "RegQueryValueExA": 1, "NtReadFile": 351, "NtOpenKey": 34, "NtAllocateVirtualMemory": 213, "NtQueryInformationFile": 69, "NtMapViewOfSection": 11, "LdrGetDllHandle": 26, "GetVolumePathNamesForVolumeNameW": 6, "NtOpenMutant": 1, "GetSystemMetrics": 417, "FindResourceExW": 15, "DeleteFileW": 2, "GetFileSizeEx": 12, "LoadStringW": 8, "GlobalMemoryStatusEx": 1, "RegOpenKeyExA": 5, "RegCloseKey": 335, "LdrGetProcedureAddress": 145, "NtCreateSection": 5, "LdrUnloadDll": 7, "RegEnumKeyW": 109, "GetFileInformationByHandleEx": 12, "RegQueryValueExW": 2210, "NtOpenSection": 9, "GetSystemWindowsDirectoryW": 7, "CoUninitialize": 16, "CoInitializeEx": 16}, "class": "malware"}