{"class": "malware", "apistats": {"GetSystemWindowsDirectoryW": 1, "RegQueryValueExA": 14, "NtMapViewOfSection": 2, "CreateDirectoryW": 3, "GlobalMemoryStatusEx": 1, "NtCreateFile": 4, "WSAStartup": 3, "NtOpenProcess": 1, "NtClose": 60, "NtOpenSection": 1, "RegQueryValueExW": 77, "LoadResource": 1, "NtOpenKey": 9, "FindResourceExW": 1, "NtQueryValueKey": 9, "RegOpenKeyExA": 12, "LdrUnloadDll": 4, "RegCreateKeyExW": 1, "SetFileAttributesW": 1, "NtTerminateProcess": 3, "CoCreateInstance": 1, "NtReadFile": 1, "GetTempPathW": 1, "FindFirstFileExW": 18, "LdrGetDllHandle": 21, "NtAllocateVirtualMemory": 13, "NtQuerySystemInformation": 1, "GetSystemInfo": 2, "NtResumeThread": 1, "GetSystemDirectoryA": 1, "RemoveDirectoryA": 1, "GetSystemTimeAsFileTime": 5, "SetErrorMode": 8, "NtCreateMutant": 1, "LdrLoadDll": 28, "GetFileAttributesW": 8, "RegOpenKeyExW": 43, "LdrGetProcedureAddress": 267, "select": 1, "NtCreateThreadEx": 1, "GetFileType": 3, "RegEnumValueW": 2, "setsockopt": 1, "NtFreeVirtualMemory": 13, "RegCloseKey": 44, "NtProtectVirtualMemory": 1, "RegSetValueExW": 2, "NtCreateSection": 1, "NtDuplicateObject": 2, "NtUnmapViewOfSection": 2, "SetUnhandledExceptionFilter": 1, "CoInitializeEx": 1, "GetSystemDirectoryW": 1}, "name": "62d866c0-9eb2-11e6-a41c-80e65024849a.file"}