{"class": "malware", "apistats": {"NtSetInformationFile": 1, "DrawTextExW": 2, "Process32NextW": 31, "NtMapViewOfSection": 4, "NtOpenKeyEx": 7, "NtCreateFile": 1, "RegCloseKey": 1, "FindResourceW": 57, "NtClose": 3, "NtOpenKey": 1, "CreateProcessInternalW": 2, "NtOpenMutant": 1, "NtOpenFile": 1, "Process32FirstW": 1, "FindResourceExW": 21, "SHGetFolderPathW": 1, "LoadResource": 15, "NtQueryValueKey": 1, "RegOpenKeyExA": 5, "LdrUnloadDll": 1, "NtTerminateProcess": 3, "RegOpenKeyExW": 1, "LdrGetProcedureAddress": 485, "LdrGetDllHandle": 11, "NtAllocateVirtualMemory": 8, "SetErrorMode": 2, "NtQuerySystemInformation": 1, "GetSystemInfo": 3, "NtDelayExecution": 15, "GetCursorPos": 17, "SizeofResource": 57, "NtGetContextThread": 1, "NtSetContextThread": 1, "GetSystemTimeAsFileTime": 2, "NtResumeThread": 1, "NtCreateMutant": 2, "LdrLoadDll": 18, "GetSystemMetrics": 17, "NtFreeVirtualMemory": 2, "LoadStringA": 96, "NtProtectVirtualMemory": 2, "RegSetValueExW": 1, "NtCreateSection": 2, "NtUnmapViewOfSection": 1, "CreateToolhelp32Snapshot": 1, "NtQueryAttributesFile": 4, "NtOpenDirectoryObject": 3, "GetSystemDirectoryW": 4}, "name": "635d4f9e-274f-11e8-aabd-80e65024849a.file"}