{"class": "malware", "name": "650695ee-274f-11e8-a83d-80e65024849a.file", "apistats": {"NtOpenKey": 37, "GetFileAttributesW": 1, "GetSystemInfo": 1, "NtProtectVirtualMemory": 1, "IWbemServices_ExecQuery": 1, "NtAllocateVirtualMemory": 542, "NtQueryKey": 14, "NtReadFile": 30, "RegCreateKeyExA": 1, "NtCreateSection": 2, "DeviceIoControl": 1, "CoGetClassObject": 8, "CoInitializeEx": 2, "SetFilePointer": 39, "NtDuplicateObject": 4, "LdrGetDllHandle": 12, "CoCreateInstanceEx": 1, "RegOpenKeyExW": 132, "RegCloseKey": 114, "RegQueryValueExW": 75, "LdrGetProcedureAddress": 62, "GetSystemTimeAsFileTime": 2, "CryptAcquireContextW": 1, "RegEnumKeyW": 4, "GetTimeZoneInformation": 2, "CreateThread": 2, "NtOpenSection": 2, "RegSetValueExA": 1, "NtFreeVirtualMemory": 51, "UuidCreate": 4, "GetSystemDirectoryW": 1, "GetFileType": 3, "NtMapViewOfSection": 4, "SetUnhandledExceptionFilter": 1, "LdrLoadDll": 19, "NtCreateFile": 2, "GetFileSize": 2, "CoInitializeSecurity": 1, "GetComputerNameW": 1, "RegQueryValueExA": 2, "NtQueryValueKey": 9, "RegOpenKeyExA": 1, "NtClose": 41, "CoCreateInstance": 18, "NtCreateMutant": 1, "RegCreateKeyExW": 2}}