{"apistats": {"NtOpenSection": 1, "GetVolumePathNameW": 1, "RegCloseKey": 2, "LookupAccountSidW": 4, "NtDuplicateObject": 3, "WSAStartup": 4, "CoUninitialize": 3, "NtTerminateProcess": 3, "GetFileAttributesW": 2, "GetSystemDirectoryA": 10, "GetVolumePathNamesForVolumeNameW": 6, "FindFirstFileExW": 5, "NtCreateThreadEx": 1, "RegOpenKeyExW": 3, "NtDelayExecution": 1, "SetErrorMode": 9, "ShellExecuteExW": 1, "NtAllocateVirtualMemory": 2, "RegOpenKeyExA": 1, "SetStdHandle": 8, "NtResumeThread": 1, "NtEnumerateValueKey": 8, "CoCreateInstance": 4, "RegEnumKeyExW": 4, "CryptAcquireContextW": 1, "GetUserNameA": 1, "GetTempPathW": 1, "NtCreateFile": 3, "GetSystemTimeAsFileTime": 2, "GlobalMemoryStatusEx": 1, "RegEnumKeyExA": 168, "RegEnumValueW": 21, "NtCreateSection": 1, "CoInitializeSecurity": 1, "CreateDirectoryW": 1, "GetFileType": 1, "NtQueryInformationFile": 3, "CreateProcessInternalW": 5, "NtClose": 12, "RegCreateKeyExW": 3, "GetNativeSystemInfo": 1, "GetSystemInfo": 5, "RegQueryValueExA": 13, "OpenServiceW": 5, "CopyFileA": 1, "GetSystemWindowsDirectoryW": 1, "NtQueryValueKey": 3, "RegQueryValueExW": 14, "NtMapViewOfSection": 1, "CreateActCtxW": 2, "NtDeviceIoControlFile": 6, "NtReadFile": 1, "NtWriteFile": 1, "LdrGetDllHandle": 4, "LdrUnloadDll": 1, "NtQuerySystemInformation": 1, "NtSetValueKey": 55, "NtOpenFile": 1, "CreateThread": 2, "GetSystemDirectoryW": 1, "RegQueryInfoKeyW": 7, "NtUnmapViewOfSection": 32, "NtQueryDirectoryFile": 1, "SetUnhandledExceptionFilter": 1, "NtFreeVirtualMemory": 1, "GetVolumeNameForVolumeMountPointW": 2, "NtQueryAttributesFile": 18, "RegQueryInfoKeyA": 164, "NtCreateMutant": 3, "NtProtectVirtualMemory": 38, "CoInitializeEx": 5, "LoadStringW": 232, "WriteConsoleA": 2, "NtOpenKey": 4, "OpenSCManagerW": 5, "LdrGetProcedureAddress": 4, "NtOpenThread": 1, "NtEnumerateKey": 2, "LdrLoadDll": 7, "UuidCreate": 2, "WriteConsoleW": 1}, "name": "662a71ca-274f-11e8-a689-80e65024849a.file", "class": "malware"}