{"apistats": {"NtOpenSection": 2, "NtOpenMutant": 1, "RegCloseKey": 8, "GetShortPathNameW": 1, "GetSystemInfo": 1, "GetSystemWindowsDirectoryW": 1, "NtQueryValueKey": 5, "FindResourceExW": 5, "GetFileAttributesW": 4, "RegQueryValueExW": 5, "NtMapViewOfSection": 4, "GetSystemMetrics": 88, "CreateActCtxW": 2, "GetFileSize": 1, "RegOpenKeyExW": 19, "DrawTextExW": 12, "SetErrorMode": 5, "NtAllocateVirtualMemory": 38, "RegOpenKeyExA": 2, "LdrGetDllHandle": 4, "OleInitialize": 1, "RtlAddVectoredExceptionHandler": 1, "LoadStringA": 21, "NtUnmapViewOfSection": 2, "SetFilePointer": 2, "GetSystemDirectoryW": 1, "NtQueryDirectoryFile": 2, "RegEnumKeyExW": 21, "CryptAcquireContextW": 1, "LoadStringW": 5, "__exception__": 1, "NtFreeVirtualMemory": 1, "GlobalMemoryStatus": 1, "FindFirstFileExW": 1, "NtProtectVirtualMemory": 3, "CoInitializeEx": 1, "GetTempPathW": 1, "NtCreateSection": 2, "SetWindowsHookExA": 1, "NtOpenKey": 5, "SearchPathW": 2, "LoadResource": 5, "LdrGetProcedureAddress": 128, "GetFileType": 1, "SetEndOfFile": 1, "LdrLoadDll": 13, "NtCreateFile": 1, "NtQueryInformationFile": 1, "NtClose": 22}, "name": "66b6a982-eff9-11e7-9e36-80e65024849a.file", "class": "malware"}