{"class": "malware", "name": "66d73d7a-9901-11e6-b9b4-80e65024849a.file", "apistats": {"NtCreateKey": 16, "FindResourceExW": 1, "NtOpenKey": 1, "GetTempPathW": 1, "SetUnhandledExceptionFilter": 1, "NtProtectVirtualMemory": 2, "NtAllocateVirtualMemory": 11, "NtQueryValueKey": 1, "socket": 1, "Process32NextW": 32, "CreateToolhelp32Snapshot": 1, "WSAStartup": 1, "CopyFileW": 1, "ReadProcessMemory": 1588, "NtCreateSection": 1, "LdrUnloadDll": 2, "SetFilePointer": 16, "GetSystemInfo": 1, "LdrGetDllHandle": 8, "Process32FirstW": 1, "LdrGetProcedureAddress": 19, "GetSystemTimeAsFileTime": 1, "NtOpenFile": 8, "NtWriteFile": 8, "CreateThread": 1, "NtFreeVirtualMemory": 2, "GetSystemDirectoryW": 1, "GetFileType": 8, "NtMapViewOfSection": 1, "NtDelayExecution": 1, "LdrLoadDll": 4, "NtCreateFile": 11, "CreateProcessInternalW": 1, "GetSystemMetrics": 3, "NtOpenProcess": 1, "MoveFileWithProgressW": 1, "NtClose": 31, "NtCreateMutant": 1, "GetSystemWindowsDirectoryW": 1, "CoInitializeEx": 1, "NtTerminateProcess": 3}}