{"class": "malware", "name": "66fd4ea1-adcb-11e6-8367-80e65024849a.file", "apistats": {"GetNativeSystemInfo": 1, "FindResourceExW": 2, "NtOpenKey": 28, "NtSetContextThread": 1, "CryptDecrypt": 1, "NtProtectVirtualMemory": 1, "NtAllocateVirtualMemory": 31, "CreateActCtxW": 1, "GetFileInformationByHandleEx": 12, "NtQueryDirectoryFile": 7, "DeleteFileW": 2, "ReadProcessMemory": 3, "OleInitialize": 1, "LdrGetDllHandle": 16, "RegOpenKeyExW": 456, "GetVolumeNameForVolumeMountPointW": 3, "LdrGetProcedureAddress": 66, "GetSystemTimeAsFileTime": 38, "CryptAcquireContextW": 1, "NtOpenFile": 2, "NtWriteFile": 11, "NtUnmapViewOfSection": 7, "NtFreeVirtualMemory": 29, "SetErrorMode": 1, "NtMapViewOfSection": 5, "GetVolumePathNamesForVolumeNameW": 6, "LdrLoadDll": 49, "NtCreateFile": 51, "FindFirstFileExW": 1, "CreateProcessInternalW": 1, "CryptCreateHash": 1, "LoadStringW": 1, "NtOpenProcess": 14, "GetFileSize": 15, "CoUninitialize": 15, "GetFileAttributesW": 31, "NtCreateMutant": 2, "NtTerminateProcess": 3, "CryptHashData": 1, "GetTempPathW": 1, "RegQueryValueExA": 1, "NtQueryValueKey": 10, "LoadResource": 2, "RtlAddVectoredExceptionHandler": 1, "GlobalMemoryStatusEx": 1, "NtCreateSection": 3, "LdrUnloadDll": 4, "SetFilePointer": 9, "NtDuplicateObject": 3, "GetFileSizeEx": 12, "CreateDirectoryW": 13, "RegCloseKey": 342, "SetFileTime": 6, "RegOpenKeyExA": 5, "NtReadFile": 153, "RegEnumKeyW": 109, "RegQueryValueExW": 2197, "NtOpenSection": 5, "GetSystemDirectoryW": 2, "RtlDecompressBuffer": 1, "RtlRemoveVectoredExceptionHandler": 1, "NtQuerySystemInformation": 1, "NtGetContextThread": 1, "NtClose": 155, "CoCreateInstance": 2, "GetSystemWindowsDirectoryW": 7, "CoInitializeEx": 15}}