{"name": "677f9828-b08b-11e6-aa5a-80e65024849a.file", "apistats": {"NtWriteFile": 11, "CryptDecrypt": 1, "NtReadFile": 153, "NtOpenFile": 2, "RtlAddVectoredExceptionHandler": 1, "LoadResource": 2, "GetFileSize": 15, "NtOpenProcess": 14, "GetNativeSystemInfo": 1, "CreateActCtxW": 1, "GetTempPathW": 1, "NtCreateMutant": 2, "FindFirstFileExW": 1, "NtDuplicateObject": 3, "NtGetContextThread": 1, "CoCreateInstance": 2, "NtQuerySystemInformation": 1, "CryptCreateHash": 1, "LdrLoadDll": 49, "NtMapViewOfSection": 5, "RtlDecompressBuffer": 1, "NtCreateFile": 51, "NtTerminateProcess": 3, "NtUnmapViewOfSection": 7, "GetSystemDirectoryW": 2, "RegOpenKeyExW": 456, "NtSetContextThread": 1, "NtProtectVirtualMemory": 1, "SetFilePointer": 9, "ReadProcessMemory": 3, "GetSystemTimeAsFileTime": 38, "SetErrorMode": 1, "CryptHashData": 1, "OleInitialize": 1, "RtlRemoveVectoredExceptionHandler": 1, "NtClose": 155, "GetVolumeNameForVolumeMountPointW": 3, "NtQueryValueKey": 10, "RegQueryValueExA": 1, "CreateProcessInternalW": 1, "NtOpenKey": 28, "NtQueryDirectoryFile": 7, "NtAllocateVirtualMemory": 38, "NtResumeThread": 1, "CreateDirectoryW": 13, "LdrGetDllHandle": 16, "GetVolumePathNamesForVolumeNameW": 6, "FindResourceExW": 2, "CryptAcquireContextW": 1, "DeleteFileW": 2, "GetFileSizeEx": 12, "LoadStringW": 1, "GlobalMemoryStatusEx": 1, "RegOpenKeyExA": 5, "RegCloseKey": 342, "LdrGetProcedureAddress": 66, "NtFreeVirtualMemory": 43, "NtCreateSection": 3, "LdrUnloadDll": 4, "RegEnumKeyW": 109, "SetFileTime": 6, "GetFileInformationByHandleEx": 12, "GetFileAttributesW": 31, "RegQueryValueExW": 2197, "NtOpenSection": 5, "GetSystemWindowsDirectoryW": 7, "CoUninitialize": 15, "CoInitializeEx": 15}, "class": "malware"}