{"class": "malware", "name": "68be8a7d-9eb2-11e6-9d09-80e65024849a.file", "apistats": {"WriteProcessMemory": 8, "NtOpenKey": 6, "GetTempPathW": 1, "NtProtectVirtualMemory": 9, "NtAllocateVirtualMemory": 21, "GetFileSize": 2, "GetKeyboardState": 1, "LoadResource": 1, "FindResourceA": 1, "CreateToolhelp32Snapshot": 10, "NtQueryInformationFile": 2, "GlobalMemoryStatusEx": 1, "RegCreateKeyExA": 1, "NtMapViewOfSection": 2, "NtCreateSection": 2, "SHGetFolderPathW": 32, "LdrUnloadDll": 1, "NtDuplicateObject": 2, "LdrGetDllHandle": 5, "RegOpenKeyExW": 1, "FindResourceExA": 1, "CreateDirectoryW": 1, "RegCloseKey": 9, "CopyFileExW": 1, "CreateDirectoryExW": 96, "GetSystemTimeAsFileTime": 1, "GetSystemWindowsDirectoryW": 1, "NtReadFile": 2, "NtOpenFile": 2, "NtWriteFile": 1, "NtUnmapViewOfSection": 3, "RegSetValueExA": 1, "RemoveDirectoryA": 109, "NtFreeVirtualMemory": 4, "NtClose": 67, "LookupPrivilegeValueW": 3, "SetErrorMode": 1, "FindFirstFileExW": 1, "LdrLoadDll": 18, "NtCreateFile": 35, "SizeofResource": 1, "LdrGetProcedureAddress": 220, "NtResumeThread": 1, "NtQuerySystemInformation": 1, "RegQueryValueExA": 7, "Process32NextW": 168, "NtOpenProcess": 9, "NtQueryValueKey": 6, "RegOpenKeyExA": 7, "GetFileAttributesW": 6, "NtCreateMutant": 1, "NtCreateThreadEx": 1, "Process32FirstW": 10}}