{"apistats": {"NtReadVirtualMemory": 51, "CoInitializeEx": 4, "NtProtectVirtualMemory": 76, "NtClose": 146, "NtDeviceIoControlFile": 33, "GetFileAttributesW": 33, "LoadStringW": 4, "NtFreeVirtualMemory": 2435, "GetSystemWindowsDirectoryW": 3, "NtCreateKey": 12, "RegCloseKey": 125, "CoUninitialize": 1, "GetFileSize": 8, "closesocket": 2, "RegQueryValueExW": 260, "NtReadFile": 18, "NtCreateSection": 19, "NtQueryAttributesFile": 3, "LdrGetProcedureAddress": 518, "NtOpenKey": 5, "NtOpenSection": 4, "CreateThread": 4, "NtQueryDirectoryFile": 18, "GetBestInterfaceEx": 4, "GlobalMemoryStatusEx": 1, "NtOpenMutant": 2, "RegOpenKeyExW": 166, "NtOpenDirectoryObject": 1, "RegEnumValueW": 5, "LdrGetDllHandle": 66, "NtSetValueKey": 12, "UuidCreate": 2, "SHGetFolderPathW": 2, "NtDelayExecution": 70, "GetComputerNameW": 1, "NtOpenFile": 16, "NtQueryValueKey": 343, "GetFileAttributesExW": 11, "GetFileVersionInfoW": 4, "LdrLoadDll": 69, "NtAllocateVirtualMemory": 3366, "LdrUnloadDll": 8, "CreateActCtxW": 3, "WSAStartup": 4, "NtOpenKeyEx": 57, "GetAdaptersAddresses": 6, "NtMapViewOfSection": 24, "ioctlsocket": 2, "GetSystemDirectoryW": 4, "GetFileVersionInfoSizeW": 4, "GetTimeZoneInformation": 2, "NtUnmapViewOfSection": 8, "NtResumeThread": 3, "SetErrorMode": 84, "NtOpenThread": 2, "RegEnumKeyExW": 1849, "RegOpenKeyExA": 2, "NtCreateFile": 105, "NtCreateMutant": 16, "GetFileType": 2, "RtlAddVectoredExceptionHandler": 1, "NtOpenProcess": 4, "WSASocketW": 6, "GetShortPathNameW": 1, "NtQuerySystemInformation": 1, "setsockopt": 2, "GetFileInformationByHandle": 10, "RtlAddVectoredContinueHandler": 1, "GetSystemInfo": 79, "NtEnumerateValueKey": 2, "NtQueryKey": 67, "SetUnhandledExceptionFilter": 1, "GetSystemTimeAsFileTime": 45, "RegQueryInfoKeyW": 9, "LoadResource": 1, "LookupPrivilegeValueW": 1, "NtDuplicateObject": 3, "IsDebuggerPresent": 1}, "class": "malware", "name": "68d751a8-9901-11e6-b2a9-80e65024849a.file"}