{"class": "malware", "name": "68dbb7d4-4c81-11e7-a676-80e65024849a.file", "apistats": {"FindResourceW": 1, "GetNativeSystemInfo": 2, "FindResourceExW": 51, "NtOpenKey": 1, "GetSystemInfo": 2, "NtProtectVirtualMemory": 6, "GetForegroundWindow": 1, "NtDeviceIoControlFile": 8, "NtQueryInformationFile": 1, "LdrGetDllHandle": 6, "GetBestInterfaceEx": 2, "CreateActCtxW": 2, "RegSetValueExW": 3, "NtQueryDirectoryFile": 1, "FindFirstFileExW": 1, "SetEndOfFile": 1, "DrawTextExW": 197, "OleInitialize": 1, "socket": 1, "RegOpenKeyExW": 4, "GetKeyState": 32, "InternetQueryOptionA": 1, "LdrGetProcedureAddress": 14, "GetSystemTimeAsFileTime": 11, "EnumWindows": 1, "NtOpenFile": 2, "NtWriteFile": 1, "NtUnmapViewOfSection": 17, "NtFreeVirtualMemory": 4, "NtEnumerateValueKey": 52, "SetErrorMode": 2, "SendNotifyMessageW": 3, "LdrLoadDll": 6, "NtCreateFile": 10, "NtAllocateVirtualMemory": 11, "RegQueryValueExA": 1, "LoadStringW": 33, "NtOpenProcess": 18, "LoadStringA": 31, "NtQueryValueKey": 2, "CoUninitialize": 2, "UuidCreate": 1, "NtCreateMutant": 3, "RegCreateKeyExW": 7, "CreateProcessInternalW": 1, "closesocket": 1, "GetFileSize": 4, "LoadResource": 1, "NtQueryAttributesFile": 5, "setsockopt": 1, "NtCreateSection": 5, "LdrUnloadDll": 1, "NtOpenMutant": 1, "NtDuplicateObject": 13, "CreateDirectoryW": 1, "RegCloseKey": 2, "SetFileTime": 1, "SearchPathW": 4, "GetSystemMetrics": 6, "RegOpenKeyExA": 8, "CreateThread": 1, "NtReadFile": 261, "NtCreateThreadEx": 1, "GlobalMemoryStatusEx": 1, "RegEnumKeyW": 2, "RegQueryValueExW": 167, "WSAStartup": 2, "NtOpenSection": 4, "GetFileAttributesW": 2, "GetSystemDirectoryW": 1, "NtMapViewOfSection": 6, "SizeofResource": 1, "NtResumeThread": 2, "NtQuerySystemInformation": 5, "GetFileVersionInfoSizeW": 2, "GetCursorPos": 36, "IsDebuggerPresent": 1, "GetFileVersionInfoW": 2, "NtClose": 14, "CoCreateInstance": 1, "SetFilePointer": 10, "GetSystemWindowsDirectoryW": 1, "CoInitializeEx": 6, "RegEnumKeyExW": 21}}