{"class": "malware", "name": "6965df68-9eb2-11e6-93ee-80e65024849a.file", "apistats": {"FindResourceW": 4, "GetNativeSystemInfo": 1, "FindResourceExW": 28, "NtQueryInformationFile": 1, "GetSystemWindowsDirectoryA": 7, "GetSystemInfo": 1, "NtProtectVirtualMemory": 8, "GetForegroundWindow": 31, "NtAllocateVirtualMemory": 11, "NtOpenKey": 1, "RegDeleteKeyA": 2, "GetUserNameA": 2, "CreateActCtxW": 2, "GetFileInformationByHandleEx": 21, "NtQueryDirectoryFile": 97, "SendNotifyMessageW": 18, "SHGetFolderPathW": 25, "NtSetInformationFile": 1, "LdrGetDllHandle": 6, "SetFilePointerEx": 1, "RegOpenKeyExW": 664, "GetVolumeNameForVolumeMountPointW": 3, "GetKeyState": 6, "NtSetValueKey": 27, "LdrGetProcedureAddress": 13, "GetSystemTimeAsFileTime": 83, "DrawTextExA": 1, "EnumWindows": 1, "NtOpenFile": 1, "GetFileSizeEx": 18, "NtUnmapViewOfSection": 1, "GetSystemDirectoryA": 8, "NtFreeVirtualMemory": 6, "NtOpenMutant": 1, "SetErrorMode": 10, "NtQueryFullAttributesFile": 4, "NtMapViewOfSection": 6, "GetFileSize": 3, "NtDelayExecution": 6, "LdrLoadDll": 6, "NtCreateFile": 10, "FindFirstFileExW": 12, "DrawTextExW": 28, "RegEnumValueW": 2, "CreateProcessInternalW": 1, "LoadStringW": 7, "NtOpenProcess": 134, "LoadStringA": 39, "NtQueryValueKey": 2, "CoUninitialize": 87, "GetFileAttributesW": 4, "SetEndOfFile": 1, "RegQueryInfoKeyW": 3, "NtTerminateProcess": 3, "NtCreateKey": 27, "SendNotifyMessageA": 1, "GetFileInformationByHandle": 3, "LookupAccountSidW": 32, "RegQueryValueExA": 19, "NtQueryKey": 1656, "GetVolumePathNamesForVolumeNameW": 6, "LoadResource": 108, "FindResourceA": 81, "NtQueryAttributesFile": 10, "GlobalMemoryStatusEx": 1, "NtCreateSection": 5, "DeviceIoControl": 3, "CoInitializeEx": 1, "SetFilePointer": 12, "NtDuplicateObject": 59, "NtWriteFile": 1, "CreateDirectoryW": 1, "RegCloseKey": 502, "SetFileTime": 5, "RemoveDirectoryA": 1, "SearchPathW": 1, "GetSystemMetrics": 6, "RegOpenKeyExA": 5, "NtReadFile": 123, "RegEnumKeyExW": 41, "RegEnumKeyW": 212, "RegQueryValueExW": 2231, "RegCreateKeyExA": 1, "NtOpenSection": 1, "RegSetValueExA": 14, "NetShareEnum": 1, "GetComputerNameA": 1, "GetSystemDirectoryW": 1, "SizeofResource": 80, "GetComputerNameW": 3, "NtQuerySystemInformation": 1, "GetFileVersionInfoSizeW": 2, "GetCursorPos": 1, "IsDebuggerPresent": 1, "GetFileVersionInfoW": 2, "SetWindowsHookExW": 2, "NtClose": 65, "CoCreateInstance": 1, "NtOpenKeyEx": 4, "GetSystemWindowsDirectoryW": 1, "LdrUnloadDll": 1}}