{"apistats": {"GetNativeSystemInfo": 1, "GetUserNameExW": 1, "NtOpenSection": 5, "CoUninitialize": 4, "RegCloseKey": 216, "GetBestInterfaceEx": 2, "NtDuplicateObject": 8, "WSAStartup": 2, "GetFileAttributesExW": 5, "GetFileVersionInfoSizeW": 2, "GetFileAttributesW": 19, "SetInformationJobObject": 1, "CryptCreateHash": 1, "GetVolumePathNamesForVolumeNameW": 6, "GetSystemMetrics": 79, "GetFileSize": 5, "RegOpenKeyExW": 160, "NtDelayExecution": 30, "DrawTextExW": 3, "SetErrorMode": 3, "ShellExecuteExW": 2, "NtAllocateVirtualMemory": 186, "GetFileInformationByHandle": 4, "RegOpenKeyExA": 2, "SetFileInformationByHandle": 8, "NtResumeThread": 2, "RtlAddVectoredExceptionHandler": 1, "CoInitializeEx": 5, "CoCreateInstance": 2, "RegEnumKeyExW": 2, "CryptAcquireContextW": 3, "CreateDirectoryW": 14, "FindResourceExW": 29, "NtCreateFile": 22, "GetSystemTimeAsFileTime": 52, "GlobalMemoryStatusEx": 2, "closesocket": 1, "CryptUnprotectData": 1, "RegEnumValueW": 5, "NtCreateSection": 12, "NtOpenMutant": 1, "LoadResource": 30, "SetWindowsHookExW": 2, "CreateJobObjectW": 1, "GetFileType": 1, "SetFileAttributesW": 11, "RegSetValueExW": 18, "LookupPrivilegeValueW": 1, "NtQueryInformationFile": 10, "CreateProcessInternalW": 1, "NtClose": 149, "RegCreateKeyExW": 15, "LdrUnloadDll": 4, "DeviceIoControl": 1, "NtQueryKey": 327, "GetShortPathNameW": 1, "GetSystemInfo": 13, "setsockopt": 1, "FindResourceW": 1, "OpenServiceW": 1, "IsDebuggerPresent": 1, "GetSystemWindowsDirectoryW": 9, "NtQueryValueKey": 124, "NetGetJoinInformation": 2, "NtOpenProcess": 6, "CryptHashData": 1, "RegQueryValueExW": 193, "NtMapViewOfSection": 13, "RtlAddVectoredContinueHandler": 1, "SizeofResource": 1, "CreateActCtxW": 1, "GetFileSizeEx": 9, "RegEnumKeyW": 19, "InternetQueryOptionA": 1, "NtDeviceIoControlFile": 19, "NtReadFile": 12, "NtWriteFile": 28, "LdrGetDllHandle": 43, "GetKeyState": 9, "NtQuerySystemInformation": 2, "NtSetValueKey": 12, "OleInitialize": 2, "NtOpenFile": 3, "CreateThread": 5, "GetSystemDirectoryW": 1, "RegQueryInfoKeyW": 2, "SetFilePointer": 26, "NtUnmapViewOfSection": 1, "NtQueryDirectoryFile": 15, "SetUnhandledExceptionFilter": 1, "NtFreeVirtualMemory": 276, "GetVolumeNameForVolumeMountPointW": 2, "NtCreateMutant": 10, "NtProtectVirtualMemory": 229, "SHGetFolderPathW": 17, "RegDeleteValueW": 4, "GetTempPathW": 2, "socket": 1, "LoadStringW": 7, "NtOpenKey": 18, "OpenSCManagerW": 1, "LdrGetProcedureAddress": 344, "GetFileVersionInfoW": 2, "NtEnumerateKey": 18, "NtOpenDirectoryObject": 1, "NtOpenKeyEx": 270, "LdrLoadDll": 71, "UuidCreate": 2}, "name": "6975e5a3-9018-11e7-a396-80e65024849a.file", "class": "malware"}