{"class": "malware", "name": "69e71380-ac06-11e6-a31a-80e65024849a.file", "apistats": {"FindResourceW": 1, "GetNativeSystemInfo": 1, "FindResourceExW": 26, "NtOpenKey": 1, "GetSystemInfo": 2, "NtProtectVirtualMemory": 6, "GetForegroundWindow": 25, "NtAllocateVirtualMemory": 11, "CreateActCtxW": 2, "SendNotifyMessageW": 3, "DrawTextExW": 6, "OleInitialize": 1, "LdrGetDllHandle": 6, "RegOpenKeyExW": 4, "NtSetValueKey": 23, "GetFileAttributesExW": 1, "GetKeyState": 9, "LdrGetProcedureAddress": 14, "GetSystemTimeAsFileTime": 24, "EnumWindows": 2, "NtWriteFile": 1, "NtUnmapViewOfSection": 14, "NtFreeVirtualMemory": 4, "SetErrorMode": 2, "NtMapViewOfSection": 6, "NtQueryKey": 2, "NtDelayExecution": 24, "LdrLoadDll": 6, "NtCreateFile": 10, "RegEnumValueW": 2, "RegQueryValueExA": 9, "LoadStringW": 33, "NtOpenProcess": 17, "NtQueryValueKey": 2, "CoUninitialize": 2, "GetFileAttributesW": 2, "SetEndOfFile": 1, "NtCreateKey": 21, "CreateProcessInternalW": 1, "GetFileSize": 4, "LoadResource": 1, "NtQueryAttributesFile": 6, "GlobalMemoryStatusEx": 1, "NtCreateSection": 5, "CoInitializeEx": 6, "NtOpenMutant": 1, "NtDuplicateObject": 10, "CreateDirectoryW": 1, "RegCloseKey": 83, "SetFileTime": 1, "WSAStartup": 3, "GetSystemMetrics": 6, "RegOpenKeyExA": 5, "GetSystemWindowsDirectoryW": 1, "NtReadFile": 251, "RegEnumKeyExW": 21, "RegEnumKeyW": 2, "RegQueryValueExW": 184, "NtOpenSection": 5, "GetSystemDirectoryW": 3, "SizeofResource": 1, "NtOpenKeyEx": 726, "NtResumeThread": 1, "NtQuerySystemInformation": 1, "GetFileVersionInfoSizeW": 3, "GetCursorPos": 1, "IsDebuggerPresent": 1, "GetFileVersionInfoW": 3, "NtClose": 14, "CoCreateInstance": 2, "SetFilePointer": 10, "NtCreateThreadEx": 1, "LdrUnloadDll": 5}}