{"class": "malware", "apistats": {"NtQueryKey": 4, "DrawTextExW": 32, "GetAddrInfoW": 1, "CreateActCtxW": 2, "NtCreateFile": 41, "OleInitialize": 1, "NtOpenProcess": 14, "FindWindowExA": 1, "NtOpenKey": 42, "NtQueryDirectoryFile": 7, "GetForegroundWindow": 3, "NtOpenMutant": 1, "NtWriteFile": 10, "NtOpenFile": 1, "FindResourceExA": 4, "FindResourceExW": 16, "InternetConnectA": 1, "RegEnumKeyW": 109, "RegOpenKeyExA": 7, "LdrUnloadDll": 4, "RegCreateKeyExW": 7, "GetFileSize": 1, "CoUninitialize": 20, "closesocket": 3, "GetTempPathW": 1, "LdrGetProcedureAddress": 165, "InternetOpenA": 1, "NtAllocateVirtualMemory": 34, "GetFileInformationByHandleEx": 12, "GetSystemTimeAsFileTime": 43, "GetVolumeNameForVolumeMountPointW": 3, "GetBestInterfaceEx": 2, "CoInitializeEx": 22, "RegOpenKeyExW": 523, "GetFileType": 3, "NtFreeVirtualMemory": 12, "RegCloseKey": 373, "NtProtectVirtualMemory": 50, "UuidCreate": 1, "RegSetValueExW": 14, "RegDeleteValueW": 3, "GetVolumePathNamesForVolumeNameW": 6, "NtDeviceIoControlFile": 22, "GetAdaptersInfo": 1, "RegSetValueExA": 1, "RegEnumKeyExW": 25, "FindFirstFileExW": 2, "GetNativeSystemInfo": 2, "NtMapViewOfSection": 11, "CreateDirectoryW": 8, "GlobalMemoryStatusEx": 1, "WSAStartup": 4, "NtDuplicateObject": 5, "NtClose": 183, "GetAdaptersAddresses": 1, "SetFilePointer": 11, "LoadResource": 18, "InternetCrackUrlA": 1, "InternetSetOptionA": 2, "RegQueryValueExW": 2248, "LoadStringW": 15, "SetFileTime": 2, "InternetQueryOptionA": 1, "socket": 3, "NtQueryValueKey": 11, "NtOpenSection": 11, "GetSystemWindowsDirectoryW": 7, "SetFileAttributesW": 1, "CoCreateInstance": 7, "NtReadFile": 151, "RegQueryValueExA": 2, "LdrGetDllHandle": 35, "NtQuerySystemInformation": 1, "NtDelayExecution": 1, "SetErrorMode": 1, "NtCreateMutant": 2, "LdrLoadDll": 47, "GetFileAttributesW": 26, "DeleteFileW": 2, "RegCreateKeyExA": 1, "GetFileSizeEx": 12, "GetSystemDirectoryW": 3, "GetSystemMetrics": 293, "NtCreateSection": 3, "NtUnmapViewOfSection": 8, "CreateThread": 2, "setsockopt": 3, "HttpOpenRequestA": 1}, "name": "6a67a0c7-b5b0-11e6-8921-80e65024849a.file"}