{"class": "malware", "name": "6b71dd54-9d20-11e6-8b12-80e65024849a.file", "apistats": {"GetNativeSystemInfo": 1, "FindResourceExW": 13, "NtOpenKey": 31, "NtDuplicateObject": 7, "NtProtectVirtualMemory": 193, "GetAddrInfoW": 3, "NtDeviceIoControlFile": 69, "socket": 10, "GetBestInterfaceEx": 6, "CreateActCtxW": 2, "RegSetValueExW": 52, "RegCreateKeyExA": 1, "CoGetClassObject": 1, "OleInitialize": 1, "LdrGetDllHandle": 23, "RegOpenKeyExW": 421, "InternetQueryOptionA": 1, "LdrGetProcedureAddress": 480, "GetSystemTimeAsFileTime": 27, "FindWindowA": 1, "NtOpenFile": 2, "NtUnmapViewOfSection": 1, "GetFileAttributesExW": 4, "NtFreeVirtualMemory": 5, "SetErrorMode": 51, "NtMapViewOfSection": 13, "NtQueryKey": 8, "LdrLoadDll": 73, "NtCreateFile": 4, "GetUserNameExA": 2, "NtAllocateVirtualMemory": 78, "RegEnumValueW": 8, "RegEnumKeyExA": 2, "LoadStringW": 2, "NtOpenProcess": 7, "LoadStringA": 19, "NtQueryValueKey": 14, "RegOpenKeyExA": 103, "SetWindowsHookExW": 2, "GetFileAttributesW": 7, "NtCreateMutant": 2, "RegCreateKeyExW": 28, "InternetSetOptionA": 19, "RegEnumValueA": 138, "InternetSetStatusCallback": 1, "RegQueryValueExA": 159, "RegDeleteValueW": 13, "GetFileSize": 1, "InternetConnectW": 1, "LoadResource": 14, "GetUserNameExW": 4, "HttpSendRequestW": 1, "NtQueryAttributesFile": 3, "setsockopt": 8, "NtCreateSection": 5, "DeviceIoControl": 1, "LdrUnloadDll": 3, "InternetOpenW": 1, "GetSystemInfo": 5, "HttpOpenRequestW": 1, "RegCloseKey": 280, "SearchPathW": 2, "GetSystemMetrics": 17, "CoUninitialize": 15, "GetSystemWindowsDirectoryW": 3, "CreateThread": 1, "NtReadFile": 24, "RegEnumKeyExW": 18, "FindResourceExA": 1, "RegQueryValueExW": 300, "WSAStartup": 12, "NtOpenSection": 14, "closesocket": 10, "SetWindowsHookExA": 1, "UuidCreate": 1, "GetSystemDirectoryW": 2, "GlobalMemoryStatusEx": 4, "NtResumeThread": 2, "RegQueryInfoKeyW": 4, "NtQuerySystemInformation": 1, "IsDebuggerPresent": 2, "GetAdaptersAddresses": 3, "NtClose": 142, "CoCreateInstance": 19, "SetFilePointer": 27, "NtCreateThreadEx": 1, "CoInitializeEx": 16}}