{"name": "6b9107d4-ac06-11e6-be22-80e65024849a.file", "apistats": {"NtWriteFile": 1, "GetSystemMetrics": 6, "NtUnmapViewOfSection": 14, "RegEnumKeyExW": 21, "FindResourceExW": 26, "GetFileVersionInfoW": 3, "NtQueryKey": 2, "GetForegroundWindow": 12, "GetSystemInfo": 2, "LoadResource": 1, "GetFileSize": 4, "NtOpenProcess": 17, "GetNativeSystemInfo": 1, "NtCreateKey": 16, "CoInitializeEx": 6, "GetCursorPos": 2, "NtDuplicateObject": 10, "CoCreateInstance": 2, "NtQuerySystemInformation": 1, "LdrLoadDll": 6, "NtMapViewOfSection": 6, "NtCreateFile": 10, "GetFileAttributesW": 2, "SetErrorMode": 2, "GetSystemDirectoryW": 3, "RegOpenKeyExW": 4, "NtQueryAttributesFile": 6, "GetFileAttributesExW": 1, "RegEnumValueW": 2, "EnumWindows": 2, "NtProtectVirtualMemory": 6, "SetFilePointer": 10, "CreateProcessInternalW": 1, "GetSystemTimeAsFileTime": 24, "DrawTextExW": 6, "NtOpenKeyEx": 465, "OleInitialize": 1, "NtClose": 14, "NtQueryValueKey": 2, "RegQueryValueExA": 9, "NtSetValueKey": 18, "NtOpenKey": 1, "NtAllocateVirtualMemory": 11, "GlobalMemoryStatusEx": 1, "NtResumeThread": 1, "CreateDirectoryW": 1, "LdrGetDllHandle": 6, "NtOpenMutant": 1, "SendNotifyMessageW": 3, "NtFreeVirtualMemory": 4, "CreateActCtxW": 2, "NtCreateThreadEx": 1, "NtDelayExecution": 23, "GetFileVersionInfoSizeW": 3, "WSAStartup": 3, "LoadStringW": 33, "NtReadFile": 251, "RegOpenKeyExA": 5, "RegCloseKey": 83, "LdrGetProcedureAddress": 14, "FindResourceW": 1, "NtCreateSection": 5, "LdrUnloadDll": 5, "RegEnumKeyW": 2, "SetEndOfFile": 1, "SizeofResource": 1, "SetFileTime": 1, "NtOpenSection": 5, "GetSystemWindowsDirectoryW": 1, "CoUninitialize": 2, "IsDebuggerPresent": 1, "GetKeyState": 24, "RegQueryValueExW": 184}, "class": "malware"}