{"name": "6bb206c5-b08b-11e6-93ba-80e65024849a.file", "apistats": {"NtWriteFile": 143, "SetErrorMode": 3, "RegEnumKeyExW": 2, "NtCreateMutant": 2, "socket": 3, "NtOpenFile": 1, "NtFreeVirtualMemory": 2, "GetSystemDirectoryW": 3, "NtQueryKey": 4, "GetForegroundWindow": 1, "closesocket": 3, "LoadResource": 4, "GetFileSize": 2, "NtOpenProcess": 14, "GetNativeSystemInfo": 2, "setsockopt": 3, "CreateActCtxW": 2, "GetTempPathW": 1, "CreateThread": 1, "InternetQueryOptionA": 1, "InternetCrackUrlA": 1, "NtQueryDirectoryFile": 7, "GetBestInterfaceEx": 2, "CoCreateInstance": 7, "GetAdaptersAddresses": 1, "NtQuerySystemInformation": 1, "NtDuplicateObject": 5, "LdrLoadDll": 33, "CreateDirectoryW": 8, "NtCreateFile": 47, "GetFileAttributesW": 29, "NtUnmapViewOfSection": 2, "FindFirstFileExW": 4, "RegOpenKeyExW": 489, "RegSetValueExW": 14, "NtProtectVirtualMemory": 61, "SetFilePointer": 18, "GetSystemTimeAsFileTime": 45, "GetAddrInfoW": 1, "OleInitialize": 1, "GetAdaptersInfo": 2, "InternetSetOptionA": 2, "NtClose": 136, "GetVolumeNameForVolumeMountPointW": 3, "NtQueryValueKey": 11, "RegQueryValueExA": 2, "NtReadFile": 510, "RegDeleteValueW": 3, "NtOpenKey": 36, "NtAllocateVirtualMemory": 20, "NtMapViewOfSection": 6, "LdrGetDllHandle": 55, "GetVolumePathNamesForVolumeNameW": 6, "GetSystemMetrics": 3, "RegCreateKeyExW": 7, "FindResourceExW": 3, "HttpOpenRequestA": 1, "DeleteFileW": 2, "GetFileSizeEx": 12, "WSAStartup": 4, "FindResourceExA": 1, "GlobalMemoryStatusEx": 1, "RegOpenKeyExA": 7, "InternetOpenA": 1, "RegCloseKey": 352, "LdrGetProcedureAddress": 130, "NtCreateSection": 4, "LoadStringW": 1, "LdrUnloadDll": 2, "RegEnumKeyW": 109, "NtDeviceIoControlFile": 22, "GetFileInformationByHandleEx": 12, "RegQueryValueExW": 2233, "NtOpenSection": 5, "InternetConnectA": 1, "GetSystemWindowsDirectoryW": 8, "CoUninitialize": 19, "CoInitializeEx": 20}, "class": "malware"}