{"name": "6c000423-adcb-11e6-8eda-80e65024849a.file", "apistats": {"NtWriteFile": 1, "CopyFileExW": 1, "SetErrorMode": 1, "NtOpenFile": 2, "CreateToolhelp32Snapshot": 10, "NtQueryValueKey": 6, "LookupPrivilegeValueW": 3, "NtReadFile": 2, "NtOpenKey": 6, "NtAllocateVirtualMemory": 21, "WriteProcessMemory": 8, "LoadResource": 1, "GetFileSize": 2, "NtOpenProcess": 9, "NtResumeThread": 1, "NtMapViewOfSection": 2, "LdrGetDllHandle": 5, "RemoveDirectoryA": 109, "GetTempPathW": 1, "NtCreateMutant": 1, "NtFreeVirtualMemory": 4, "NtCreateThreadEx": 1, "FindFirstFileExW": 1, "NtDuplicateObject": 2, "SHGetFolderPathW": 32, "NtQuerySystemInformation": 1, "FindResourceExA": 1, "GlobalMemoryStatusEx": 1, "RegOpenKeyExA": 7, "LdrLoadDll": 18, "CreateDirectoryW": 1, "Process32FirstW": 10, "NtClose": 67, "GetSystemTimeAsFileTime": 1, "LdrGetProcedureAddress": 220, "NtCreateFile": 35, "GetKeyboardState": 1, "GetFileAttributesW": 6, "Process32NextW": 168, "NtUnmapViewOfSection": 3, "NtCreateSection": 2, "NtProtectVirtualMemory": 9, "RegOpenKeyExW": 1, "LdrUnloadDll": 1, "NtQueryInformationFile": 2, "RegQueryValueExA": 7, "SizeofResource": 1, "CreateDirectoryExW": 96, "RegSetValueExA": 1, "GetSystemWindowsDirectoryW": 1, "RegCreateKeyExA": 1, "RegCloseKey": 9, "FindResourceA": 1}, "class": "malware"}