{"apistats": {"RegCreateKeyExW": 8, "GetNativeSystemInfo": 2, "DeviceIoControl": 2, "RegCloseKey": 43, "GetBestInterfaceEx": 2, "NtDuplicateObject": 2, "DrawTextExW": 22, "GetSystemInfo": 3, "RegQueryValueExA": 13, "getaddrinfo": 1, "WSAStartup": 2, "NtOpenProcess": 2, "LookupPrivilegeValueW": 12, "NtClose": 55, "GetAdaptersAddresses": 2, "GetFileAttributesW": 4, "RegQueryValueExW": 267, "NtMapViewOfSection": 5, "GetSystemMetrics": 45, "NtOpenFile": 1, "SizeofResource": 32, "RegOpenKeyExW": 94, "NtOpenSection": 2, "NtDeviceIoControlFile": 12, "NtAllocateVirtualMemory": 28, "RegOpenKeyExA": 3, "NtFreeVirtualMemory": 3, "GetAsyncKeyState": 12, "NtQuerySystemInformation": 1, "NtQueryValueKey": 8, "NtResumeThread": 1, "RtlAddVectoredExceptionHandler": 1, "CoInitializeEx": 1, "CreateThread": 4, "NtUnmapViewOfSection": 2, "GetSystemDirectoryW": 3, "RegEnumKeyExW": 21, "gethostbyname": 1, "FindResourceExW": 10, "NtCreateFile": 5, "NtCreateThreadEx": 1, "GetSystemTimeAsFileTime": 1, "GlobalMemoryStatusEx": 1, "NtProtectVirtualMemory": 2, "SHGetFolderPathW": 1, "LdrGetDllHandle": 36, "NtCreateSection": 1, "SetUnhandledExceptionFilter": 1, "NtOpenKey": 12, "NtOpenMutant": 1, "LoadResource": 39, "LdrGetProcedureAddress": 844, "LoadStringW": 5, "LdrLoadDll": 39, "OpenSCManagerA": 1, "FindResourceA": 32, "NtQueryInformationFile": 1, "RegSetValueExW": 1}, "name": "6d031811-eb71-11e6-9017-80e65024849a.file", "class": "malware"}