{"class": "malware", "name": "6d709c51-a4bf-11e6-b713-80e65024849a.file", "apistats": {"CryptHashData": 1, "NtOpenKey": 6, "GetFileAttributesW": 12, "SetUnhandledExceptionFilter": 2, "GetVolumePathNameW": 1, "GetAddrInfoW": 2, "NtAllocateVirtualMemory": 24, "closesocket": 6, "NtQueryKey": 6, "LdrGetDllHandle": 2, "GetBestInterfaceEx": 4, "RegEnumKeyExW": 4, "RegSetValueExW": 29, "NtQueryInformationFile": 1, "setsockopt": 6, "NtMapViewOfSection": 1, "NtCreateSection": 1, "SHGetFolderPathW": 2, "CoInitializeEx": 9, "InternetOpenW": 1, "NtDuplicateObject": 3, "socket": 6, "RegOpenKeyExW": 47, "RegCloseKey": 49, "WSAStartup": 8, "GetSystemTimeAsFileTime": 9, "CryptAcquireContextW": 1, "NtOpenFile": 1, "RegQueryValueExW": 62, "CreateThread": 1, "NtFreeVirtualMemory": 3, "SetErrorMode": 13, "FindFirstFileExW": 8, "LdrLoadDll": 8, "NtCreateFile": 1, "LdrGetProcedureAddress": 42, "NtDeviceIoControlFile": 46, "InternetSetOptionA": 3, "RegDeleteValueW": 7, "CryptCreateHash": 1, "UuidCreate": 1, "NtQueryValueKey": 1, "CoUninitialize": 8, "GetAdaptersAddresses": 2, "NtClose": 68, "CoCreateInstance": 10, "GetSystemWindowsDirectoryW": 1, "NtProtectVirtualMemory": 37, "RegCreateKeyExW": 15}}