{"class": "malware", "name": "6d80aec2-a1a3-11e6-a7d7-80e65024849a.file", "apistats": {"CryptHashData": 1, "GetNativeSystemInfo": 1, "NtOpenKey": 6, "NtProtectVirtualMemory": 71, "GetAddrInfoW": 2, "RegQueryValueExA": 41, "NtDeviceIoControlFile": 46, "closesocket": 6, "NtQueryKey": 6, "InternetConnectW": 1, "CoUninitialize": 8, "GetBestInterfaceEx": 4, "RegSetValueExW": 28, "setsockopt": 6, "CoInitializeEx": 9, "RegEnumKeyExW": 4, "NtDuplicateObject": 4, "LdrGetDllHandle": 1, "RegOpenKeyExW": 45, "HttpOpenRequestW": 1, "InternetQueryOptionA": 1, "socket": 6, "WSAStartup": 8, "GetSystemTimeAsFileTime": 9, "RegCloseKey": 69, "CryptAcquireContextW": 1, "InternetOpenA": 1, "RegQueryValueExW": 60, "NtFreeVirtualMemory": 1, "NtDelayExecution": 14, "LdrLoadDll": 15, "LdrGetProcedureAddress": 102, "RtlDecompressBuffer": 1, "NtAllocateVirtualMemory": 20, "InternetSetOptionA": 3, "RegEnumKeyExA": 19, "CryptCreateHash": 1, "RegOpenKeyExA": 25, "RegDeleteValueW": 6, "GetAdaptersAddresses": 2, "NtClose": 67, "CoCreateInstance": 10, "RegCreateKeyExW": 14}}