{"name": "6de41a59-9757-11e6-9622-80e65024849a.file", "apistats": {"RegOpenKeyExA": 2, "OleInitialize": 1, "LdrGetProcedureAddress": 125, "NtClose": 4, "NtQueryValueKey": 5, "GetFileAttributesW": 3, "NtFreeVirtualMemory": 2, "NtOpenKey": 3, "NtAllocateVirtualMemory": 36, "GetSystemInfo": 1, "LdrLoadDll": 28, "SetWindowsHookExA": 1, "LdrGetDllHandle": 4, "LoadStringA": 19, "GetSystemMetrics": 21, "FindResourceExW": 9, "NtProtectVirtualMemory": 3, "NtDelayExecution": 33, "DrawTextExW": 2, "SearchPathW": 2, "LoadResource": 9, "SetErrorMode": 49}, "class": "malware"}