{"apistats": {"NtOpenSection": 4, "CoUninitialize": 1, "RegCloseKey": 47, "LdrUnloadDll": 6, "GetFileAttributesExW": 6, "NtTerminateProcess": 3, "GetFileVersionInfoSizeW": 4, "GetFileAttributesW": 35, "CryptCreateHash": 26, "GetSystemMetrics": 3, "GetFileSize": 7, "RegOpenKeyExW": 72, "NtDelayExecution": 80, "SetErrorMode": 66, "NtAllocateVirtualMemory": 1080, "GetFileInformationByHandle": 8, "RegOpenKeyExA": 1, "DeleteFileW": 3, "GetComputerNameW": 2, "NtResumeThread": 3, "CoInitializeEx": 2, "CoCreateInstance": 10, "RegEnumKeyExW": 14, "CryptAcquireContextW": 1, "FindResourceExW": 1, "NtCreateFile": 115, "GetSystemTimeAsFileTime": 6, "GlobalMemoryStatusEx": 1, "FindFirstFileExW": 15, "RegEnumValueW": 3, "NtCreateSection": 18, "NtOpenMutant": 1, "CoInitializeSecurity": 1, "LookupPrivilegeValueW": 1, "CreateProcessInternalW": 1, "NtClose": 107, "NtDuplicateObject": 3, "NtQueryKey": 10, "WriteProcessMemory": 5, "GetShortPathNameW": 1, "NtSetContextThread": 1, "GetSystemInfo": 97, "IsDebuggerPresent": 1, "GetSystemWindowsDirectoryW": 2, "NtQueryValueKey": 11, "NtOpenProcess": 13, "CryptHashData": 40, "RegQueryValueExW": 120, "NtMapViewOfSection": 24, "RtlAddVectoredContinueHandler": 1, "CreateActCtxW": 3, "RegEnumKeyW": 12, "NtDeviceIoControlFile": 1, "NtReadFile": 10, "LdrGetDllHandle": 172, "CoGetClassObject": 19, "NtQuerySystemInformation": 1, "NtOpenFile": 1, "CreateThread": 5, "GetSystemDirectoryW": 5, "RegQueryInfoKeyW": 3, "SetFilePointer": 39, "NtUnmapViewOfSection": 14, "NtQueryDirectoryFile": 2, "SetUnhandledExceptionFilter": 2, "NtFreeVirtualMemory": 364, "CoCreateInstanceEx": 2, "NtQueryAttributesFile": 3, "NtCreateMutant": 4, "NtProtectVirtualMemory": 32, "SHGetFolderPathW": 2, "GlobalMemoryStatus": 1, "NtGetContextThread": 1, "LoadStringW": 4, "NtOpenKey": 11, "LdrGetProcedureAddress": 452, "ReadProcessMemory": 23024, "GetFileVersionInfoW": 4, "NtOpenDirectoryObject": 1, "NtOpenKeyEx": 13, "LdrLoadDll": 40, "UuidCreate": 23}, "name": "6e028c02-f584-11e7-8a9c-80e65024849a.file", "class": "malware"}