{"class": "malware", "name": "6e0d2011-a1a3-11e6-a95e-80e65024849a.file", "apistats": {"GetNativeSystemInfo": 2, "FindResourceExW": 16, "NtQueryInformationFile": 2, "gethostbyname": 1, "SetFileAttributesW": 3, "NtProtectVirtualMemory": 16, "FindWindowW": 8, "GetForegroundWindow": 23, "NtAllocateVirtualMemory": 50, "NtOpenKey": 9, "GetFileInformationByHandle": 1, "GetUserNameA": 1, "CreateActCtxW": 7, "GetFileInformationByHandleEx": 22, "RegCreateKeyExA": 3, "SendNotifyMessageW": 7, "SHGetFolderPathW": 63, "NtSetInformationFile": 1, "OleInitialize": 2, "LdrGetDllHandle": 8, "NtDelayExecution": 4, "RegOpenKeyExW": 2, "NtSetValueKey": 13, "GetFileAttributesExW": 4, "SetUnhandledExceptionFilter": 1, "NtOpenDirectoryObject": 38, "RemoveDirectoryW": 5, "LdrGetProcedureAddress": 867, "GetSystemTimeAsFileTime": 141, "FindWindowA": 4, "NtOpenFile": 4, "GetFileSizeEx": 16, "CreateThread": 12, "GetSystemDirectoryA": 1, "NtFreeVirtualMemory": 14, "NtLoadDriver": 1, "LookupPrivilegeValueW": 1, "SetErrorMode": 2, "NtMapViewOfSection": 9, "NtQueryKey": 347, "GetVolumePathNamesForVolumeNameW": 6, "LdrLoadDll": 35, "NtCreateFile": 50, "FindFirstFileExW": 76, "GetAdaptersInfo": 2, "NtUnmapViewOfSection": 8, "RegEnumValueW": 14, "RegEnumKeyExA": 2, "Process32NextW": 309, "NtOpenProcess": 1, "LoadStringA": 124, "__exception__": 1, "GetFileSize": 8, "CoUninitialize": 29, "GetFileAttributesW": 7, "NtCreateMutant": 9, "GetComputerNameW": 2, "RegCreateKeyExW": 4, "NtCreateKey": 10, "GetTempPathW": 2, "CoInitializeEx": 32, "RegQueryValueExA": 3, "NtQueryValueKey": 101, "SHGetSpecialFolderLocation": 9, "LoadResource": 14, "LoadStringW": 3, "NtQueryAttributesFile": 9, "GlobalMemoryStatusEx": 1, "NtCreateSection": 19, "DeviceIoControl": 1, "LdrUnloadDll": 8, "NtOpenMutant": 7, "NtDuplicateObject": 11, "EnumWindows": 1, "GetSystemInfo": 5, "CreateToolhelp32Snapshot": 11, "NtWriteFile": 15, "RegCloseKey": 81, "GetVolumeNameForVolumeMountPointW": 2, "RegDeleteKeyA": 3, "FindWindowExA": 5, "GetSystemMetrics": 70, "RegOpenKeyExA": 61, "GetKeyState": 29, "RegQueryInfoKeyA": 1, "NtReadFile": 19, "RegEnumKeyExW": 5, "RegEnumKeyW": 22, "RegQueryValueExW": 1, "WSAStartup": 2, "NtOpenSection": 10, "NtOpenKeyEx": 215, "RegSetValueExA": 6, "DeleteFileW": 213, "NetShareEnum": 3, "GetComputerNameA": 1, "GetSystemDirectoryW": 3, "GetFileType": 9, "NtQueryDirectoryFile": 28, "GetShortPathNameW": 4, "NtResumeThread": 4, "RegQueryInfoKeyW": 7, "NtQuerySystemInformation": 1, "GetCursorPos": 2, "NtClose": 174, "CoCreateInstance": 7, "SetFilePointer": 89, "GetSystemWindowsDirectoryW": 9, "Process32FirstW": 11}}