{"class": "malware", "apistats": {"GetSystemWindowsDirectoryW": 1, "DrawTextExW": 4, "NtCreateFile": 2, "OleInitialize": 2, "GetFileVersionInfoSizeW": 1, "NtOpenKey": 7, "FindResourceExW": 24, "UnhookWindowsHookEx": 2, "RegOpenKeyExA": 8, "LdrUnloadDll": 11, "RegCreateKeyExW": 1, "GetFileSize": 1, "CoUninitialize": 2, "GetTempPathW": 1, "LdrGetProcedureAddress": 139, "NtAllocateVirtualMemory": 13, "GetCursorPos": 2, "GetSystemTimeAsFileTime": 1, "LdrLoadDll": 15, "RegQueryInfoKeyA": 1, "NtCreateThreadEx": 1, "RegOpenKeyExW": 112, "FindWindowW": 2, "NtFreeVirtualMemory": 5, "RegCloseKey": 64, "NtProtectVirtualMemory": 16, "RegSetValueExW": 8, "RegDeleteValueW": 2, "GetFileVersionInfoW": 1, "NtQueryAttributesFile": 4, "CoInitializeEx": 1, "FindWindowA": 1, "RegSetValueExA": 2, "NtMapViewOfSection": 4, "GlobalMemoryStatusEx": 1, "WSAStartup": 1, "NtDuplicateObject": 3, "NtClose": 59, "RegQueryValueExW": 18, "SetFilePointer": 27, "LoadResource": 25, "InternetSetOptionA": 2, "RegQueryInfoKeyW": 2, "NtQueryValueKey": 7, "NtOpenSection": 1, "NtTerminateProcess": 3, "CoCreateInstance": 1, "NtReadFile": 24, "RegQueryValueExA": 1, "LdrGetDllHandle": 15, "NtQuerySystemInformation": 1, "GetSystemInfo": 2, "LoadStringA": 112, "SizeofResource": 1, "GetUserNameExW": 1, "SetErrorMode": 4, "NtCreateMutant": 2, "FindResourceA": 2, "RegDeleteKeyA": 1, "RegCreateKeyExA": 2, "SetWindowsHookExW": 2, "RegEnumKeyExW": 12, "GetSystemMetrics": 29, "NtResumeThread": 1, "NtCreateSection": 4, "NtUnmapViewOfSection": 4, "GetSystemDirectoryW": 1}, "name": "6e611ff8-9757-11e6-8818-80e65024849a.file"}