{"apistats": {"GetNativeSystemInfo": 1, "RegCloseKey": 5, "GetBestInterfaceEx": 6, "NtDuplicateObject": 5, "HttpOpenRequestA": 1, "NtSetInformationFile": 3, "InternetOpenA": 1, "WSAStartup": 4, "CryptEncrypt": 1, "NtQueryValueKey": 10, "CryptHashData": 2, "RegQueryValueExW": 6, "CryptCreateHash": 3, "GetSystemMetrics": 1, "NtCreateThreadEx": 1, "RegOpenKeyExW": 8, "InternetConnectA": 1, "SetErrorMode": 1, "NtDeviceIoControlFile": 23, "NtAllocateVirtualMemory": 18, "NtWriteFile": 1, "LdrGetDllHandle": 23, "NtEnumerateValueKey": 7, "NtResumeThread": 1, "CryptAcquireContextA": 2, "GetUserNameW": 1, "ObtainUserAgentString": 1, "SetUnhandledExceptionFilter": 2, "GetTempPathW": 1, "NtFreeVirtualMemory": 3, "GetVolumeNameForVolumeMountPointW": 2, "GetSystemTimeAsFileTime": 4, "closesocket": 4, "NtProtectVirtualMemory": 32, "setsockopt": 4, "socket": 4, "InternetSetOptionA": 6, "NtOpenKey": 20, "NtOpenMutant": 2, "LdrGetProcedureAddress": 242, "NtReadFile": 1, "NtEnumerateKey": 2, "LdrLoadDll": 10, "NtCreateFile": 1, "InternetCrackUrlA": 1, "NtClose": 42}, "name": "6ea85117-aea8-11e7-8b77-80e65024849a.file", "class": "malware"}