{"name": "6ebc48c0-9901-11e6-81ab-80e65024849a.file", "apistats": {"GetTempPathW": 1, "GetSystemDirectoryA": 1, "SetErrorMode": 4, "NtClose": 8, "NtQueryValueKey": 1, "RegQueryValueExA": 2, "NtFreeVirtualMemory": 12, "NtAllocateVirtualMemory": 23, "LoadResource": 24, "LdrGetDllHandle": 23, "CreateActCtxW": 1, "GetSystemMetrics": 261, "FindResourceExW": 23, "FindFirstFileExW": 1, "OpenSCManagerA": 1, "__exception__": 1, "DrawTextExA": 10, "NtReadFile": 6, "RegOpenKeyExA": 5, "LdrLoadDll": 6, "NtMapViewOfSection": 1, "RegCloseKey": 1, "LdrGetProcedureAddress": 483, "NtCreateFile": 4, "RegQueryInfoKeyA": 1, "NtUnmapViewOfSection": 1, "NtCreateSection": 1, "GetSystemDirectoryW": 1, "NtQueryAttributesFile": 4, "LoadStringA": 54, "SizeofResource": 1, "NtProtectVirtualMemory": 2, "SetFilePointer": 15, "GetSystemWindowsDirectoryW": 1, "EnumWindows": 1, "DrawTextExW": 27, "FindResourceA": 2, "CoInitializeEx": 1}, "class": "malware"}