{"class": "malware", "name": "6f90fbe6-ac41-11e7-bc7c-80e65024849a.file", "apistats": {"NtOpenKey": 2, "RegQueryValueExW": 2, "NtUnmapViewOfSection": 1, "NtProtectVirtualMemory": 7, "NtAllocateVirtualMemory": 21, "NtFreeVirtualMemory": 3, "NtQueryValueKey": 2, "GetFileType": 3, "NtMapViewOfSection": 1, "LdrLoadDll": 7, "NtCreateFile": 1, "LdrGetProcedureAddress": 8, "GetComputerNameW": 1, "LdrGetDllHandle": 23, "RegOpenKeyExW": 1, "IsDebuggerPresent": 1, "RegCloseKey": 1, "NtClose": 5, "GetUserNameW": 1, "GetSystemMetrics": 6}}