{"name": "6fe0496e-adcb-11e6-8794-80e65024849a.file", "apistats": {"RegOpenKeyExA": 1, "LdrLoadDll": 16, "LdrGetProcedureAddress": 222, "NtOpenDirectoryObject": 1, "NtClose": 14, "NtOpenFile": 1, "RegQueryValueExA": 4, "LookupAccountSidW": 2, "GetVolumeNameForVolumeMountPointW": 1, "SetErrorMode": 1, "NtAllocateVirtualMemory": 13, "RegOpenKeyExW": 2, "GetUserNameA": 1, "GetNativeSystemInfo": 1, "LdrGetDllHandle": 31, "SetUnhandledExceptionFilter": 3, "GetSystemWindowsDirectoryA": 1, "NtFreeVirtualMemory": 4, "NtProtectVirtualMemory": 14, "GetSystemTimeAsFileTime": 3, "RegCreateKeyExA": 1, "RegCloseKey": 1, "NtQueryInformationFile": 1}, "class": "malware"}