{"apistats": {"NtOpenSection": 4, "RegCloseKey": 47, "NtDuplicateObject": 8, "NtTerminateProcess": 13, "GetFileVersionInfoSizeW": 4, "GetFileAttributesW": 35, "GetSystemMetrics": 3, "GetFileSize": 7, "RegOpenKeyExW": 72, "NtDelayExecution": 80, "SetErrorMode": 70, "NtAllocateVirtualMemory": 1441, "GetFileInformationByHandle": 8, "RegOpenKeyExA": 1, "DeleteFileW": 3, "NtResumeThread": 2, "SHGetFolderPathW": 2, "ReadProcessMemory": 111308, "RegEnumKeyExW": 14, "CryptAcquireContextW": 1, "FindResourceExW": 1, "NtCreateFile": 115, "GetSystemTimeAsFileTime": 6, "GlobalMemoryStatusEx": 1, "FindFirstFileExW": 15, "RegEnumValueW": 3, "NtCreateSection": 18, "CoInitializeEx": 2, "CoInitializeSecurity": 1, "GetSystemWindowsDirectoryW": 2, "CreateProcessInternalW": 5, "NtQueryValueKey": 11, "LdrUnloadDll": 6, "NtOpenMutant": 1, "NtQueryKey": 10, "GetShortPathNameW": 1, "GetSystemInfo": 177, "IsDebuggerPresent": 1, "LookupPrivilegeValueW": 1, "NtClose": 157, "NtOpenProcess": 58, "RegQueryValueExW": 120, "NtMapViewOfSection": 24, "RtlAddVectoredContinueHandler": 1, "CreateActCtxW": 3, "NtReadFile": 10, "LdrGetDllHandle": 173, "NtQuerySystemInformation": 13, "CreateThread": 5, "NtUnmapViewOfSection": 14, "RegQueryInfoKeyW": 3, "GetSystemDirectoryW": 5, "NtQueryDirectoryFile": 2, "SetUnhandledExceptionFilter": 2, "NtFreeVirtualMemory": 364, "NtQueryAttributesFile": 3, "NtCreateMutant": 4, "NtProtectVirtualMemory": 32, "GetFileAttributesExW": 6, "GlobalMemoryStatus": 1, "NtGetContextThread": 5, "LoadStringW": 4, "NtOpenKey": 16, "LdrGetProcedureAddress": 539, "GetFileVersionInfoW": 4, "NtOpenDirectoryObject": 1, "NtOpenKeyEx": 13, "LdrLoadDll": 42, "UuidCreate": 103}, "name": "70b33245-f584-11e7-8d2e-80e65024849a.file", "class": "malware"}