{"class": "malware", "apistats": {"GetSystemWindowsDirectoryW": 1, "FindFirstFileExW": 28, "GetNativeSystemInfo": 2, "NtMapViewOfSection": 1, "CreateActCtxW": 4, "NtCreateFile": 50, "WSAStartup": 1, "NtClose": 24, "RegEnumKeyExA": 13, "NtQueryDirectoryFile": 6, "SHGetFolderPathW": 26, "NtQueryValueKey": 3, "NtOpenKeyEx": 2, "OleInitialize": 1, "LookupPrivilegeValueW": 8, "OpenSCManagerW": 1, "RegOpenKeyExA": 291, "RegOpenKeyExW": 1, "GetTempPathW": 1, "RegQueryValueExA": 39, "LdrGetDllHandle": 4, "NtAllocateVirtualMemory": 5, "GetSystemTimeAsFileTime": 2, "SetErrorMode": 1, "StartServiceA": 1, "LdrLoadDll": 13, "GetFileAttributesW": 1, "LdrGetProcedureAddress": 55, "RegCreateKeyExA": 1, "GetUserNameA": 1, "RegCloseKey": 38, "NtProtectVirtualMemory": 16, "UuidCreate": 1, "NtCreateSection": 1, "OpenServiceW": 2, "SetUnhandledExceptionFilter": 2, "RegSetValueExA": 1}, "name": "70c15317-a1a3-11e6-abbc-80e65024849a.file"}