{"class": "malware", "apistats": {"DrawTextExW": 30, "CreateActCtxW": 1, "GetComputerNameW": 2, "NtCreateFile": 29, "NtReadVirtualMemory": 3, "CryptHashData": 1, "GetForegroundWindow": 3, "NtOpenFile": 4, "FindResourceExW": 223, "GetFileSizeEx": 12, "LdrUnloadDll": 4, "GetTempPathW": 1, "FindFirstFileExW": 14, "NtAllocateVirtualMemory": 15, "InternetConnectW": 1, "GetCursorPos": 12, "GetFileInformationByHandleEx": 12, "GetSystemTimeAsFileTime": 59, "GetAddrInfoW": 1, "EnumWindows": 14, "FindResourceW": 6, "RegOpenKeyExW": 554, "FindWindowW": 4, "NtProtectVirtualMemory": 34, "UuidCreate": 4, "RegSetValueExW": 15, "InternetOpenW": 2, "GetVolumePathNamesForVolumeNameW": 6, "NtQueryAttributesFile": 1, "InternetCrackUrlW": 1, "CoInitializeEx": 33, "LookupAccountSidW": 6, "NtWriteFile": 1, "NtMapViewOfSection": 16, "CreateDirectoryW": 1, "GetAdaptersAddresses": 1, "NetShareEnum": 1, "LoadResource": 223, "LoadStringW": 7, "SHGetFolderPathW": 2, "NtOpenSection": 6, "GetSystemWindowsDirectoryW": 1, "NtDelayExecution": 1, "GetFileInformationByHandle": 1, "SizeofResource": 2, "NtQueryInformationFile": 2, "DeleteUrlCacheEntryW": 2, "GetFileAttributesW": 9, "HttpOpenRequestW": 1, "DeviceIoControl": 1, "NtCreateSection": 5, "GetVolumePathNameW": 2, "GetSystemDirectoryW": 1, "CreateThread": 2, "NtQueryKey": 4, "RegOpenKeyExA": 3, "NtOpenProcess": 39, "GetDiskFreeSpaceExW": 1, "NtOpenKey": 773, "NtQueryDirectoryFile": 10, "NtOpenMutant": 1, "RegEnumKeyW": 109, "NtOpenKeyEx": 3522, "RegCreateKeyExW": 8, "GetFileSize": 1, "CoUninitialize": 28, "GetFileAttributesExW": 6, "closesocket": 5, "NtSetValueKey": 108, "LdrGetProcedureAddress": 113, "GetKeyState": 181, "LdrLoadDll": 36, "GetBestInterfaceEx": 2, "RegCloseKey": 395, "RegDeleteValueW": 3, "NtDeviceIoControlFile": 30, "RegEnumKeyExW": 23, "GlobalMemoryStatusEx": 1, "WSAStartup": 6, "NtDuplicateObject": 14, "NtClose": 933, "RegQueryValueExW": 2245, "SetFilePointer": 4, "RegDeleteKeyW": 1, "socket": 5, "NtQueryValueKey": 746, "CoCreateInstance": 8, "NtReadFile": 15, "RegQueryValueExA": 1, "LdrGetDllHandle": 8, "NtQuerySystemInformation": 1, "GetSystemInfo": 1, "NtCreateKey": 99, "SetErrorMode": 9, "NtCreateMutant": 1, "GetSystemMetrics": 172, "SendNotifyMessageW": 2, "NtUnmapViewOfSection": 14, "setsockopt": 5, "GetVolumeNameForVolumeMountPointW": 3}, "name": "7149b61e-9d20-11e6-812d-80e65024849a.file"}