{"apistats": {"GetUserNameExW": 1, "GetNativeSystemInfo": 2, "RegCloseKey": 67, "GetUserNameExA": 1, "NtDuplicateObject": 3, "RegQueryValueExA": 41, "WSAStartup": 1, "LookupPrivilegeValueW": 8, "NtQueryValueKey": 1, "RegCreateKeyExA": 2, "NtOpenProcess": 7, "GetFileAttributesW": 13, "RegQueryValueExW": 88, "NtMapViewOfSection": 2, "FindFirstFileExW": 97, "RegOpenKeyExW": 40, "NtDelayExecution": 1, "NtDeviceIoControlFile": 1, "NtAllocateVirtualMemory": 6, "RegOpenKeyExA": 410, "LdrGetDllHandle": 5, "NtReadFile": 2, "NtOpenFile": 2, "CoCreateInstance": 1, "NtQueryDirectoryFile": 8, "NtOpenKey": 3, "GetUserNameA": 1, "GetTempPathW": 1, "NtFreeVirtualMemory": 2, "GetSystemTimeAsFileTime": 23, "GlobalMemoryStatusEx": 1, "RegEnumKeyExA": 13, "NtProtectVirtualMemory": 54, "SHGetFolderPathW": 83, "NtCreateSection": 2, "SetUnhandledExceptionFilter": 1, "OpenServiceW": 2, "RegSetValueExW": 3, "OpenSCManagerW": 1, "LdrGetProcedureAddress": 162, "CreateDirectoryW": 9, "RegSetValueExA": 1, "StartServiceA": 1, "LdrLoadDll": 34, "GetSystemWindowsDirectoryW": 1, "OleInitialize": 1, "UuidCreate": 1, "NtQueryInformationFile": 2, "NtCreateFile": 80, "NtClose": 49}, "name": "72d9946e-a4bf-11e6-a17a-80e65024849a.file", "class": "malware"}