{"apistats": {"RegCreateKeyExW": 21, "NtDuplicateObject": 4, "CoUninitialize": 12, "RegCloseKey": 59, "NtQueryKey": 8, "GetBestInterfaceEx": 6, "InternetOpenA": 1, "WSAStartup": 13, "NtClose": 114, "GetAdaptersAddresses": 3, "RegQueryValueExW": 84, "NtFreeVirtualMemory": 2, "RegOpenKeyExW": 57, "NtDelayExecution": 19, "NtDeviceIoControlFile": 74, "NtAllocateVirtualMemory": 19, "NtOpenDirectoryObject": 1, "CoInitializeEx": 13, "CoCreateInstance": 15, "RegEnumKeyExW": 6, "SetUnhandledExceptionFilter": 1, "GetSystemTimeAsFileTime": 12, "closesocket": 10, "NtCreateMutant": 23, "NtProtectVirtualMemory": 38, "GetAddrInfoW": 3, "setsockopt": 10, "RegDeleteValueW": 9, "socket": 10, "RegSetValueExW": 42, "NtOpenKey": 6, "LdrGetProcedureAddress": 29, "LdrLoadDll": 5}, "name": "732d0b6e-f584-11e7-8728-80e65024849a.file", "class": "malware"}