{"class": "malware", "name": "73ba940c-b178-11e7-bb80-80e65024849a.file", "apistats": {"NtOpenKey": 3, "GetFileVersionInfoSizeW": 1, "GetFileAttributesW": 12, "SetUnhandledExceptionFilter": 1, "NtProtectVirtualMemory": 60, "NtAllocateVirtualMemory": 372, "GetFileSize": 5, "GetFileInformationByHandle": 2, "RtlAddVectoredExceptionHandler": 1, "CreateActCtxW": 2, "GlobalMemoryStatusEx": 1, "NtQueryDirectoryFile": 15, "NtCreateSection": 9, "SHGetFolderPathW": 2, "LdrUnloadDll": 2, "NtOpenFile": 13, "GetSystemInfo": 56, "LdrGetDllHandle": 55, "RegOpenKeyExW": 67, "IsDebuggerPresent": 1, "NtOpenDirectoryObject": 1, "GetFileAttributesExW": 5, "RegQueryValueExW": 72, "NtDuplicateObject": 1, "GetSystemTimeAsFileTime": 16, "GetSystemWindowsDirectoryW": 2, "NtUnmapViewOfSection": 5, "NtReadFile": 10, "RegEnumKeyExW": 15, "RtlAddVectoredContinueHandler": 1, "CreateThread": 2, "NtFreeVirtualMemory": 146, "NtOpenMutant": 1, "SetErrorMode": 28, "GetSystemDirectoryW": 4, "NtMapViewOfSection": 11, "NtQueryKey": 2, "NtDelayExecution": 30, "LdrLoadDll": 23, "NtCreateFile": 53, "LdrGetProcedureAddress": 181, "GetShortPathNameW": 1, "NtResumeThread": 2, "RegQueryInfoKeyW": 3, "RegEnumValueW": 5, "NtQuerySystemInformation": 1, "NtOpenProcess": 2, "NtQueryValueKey": 4, "GetFileVersionInfoW": 1, "RegOpenKeyExA": 2, "NtClose": 79, "NtOpenKeyEx": 3, "NtCreateMutant": 4, "CoInitializeEx": 2}}