{"name": "73d3161c-a4bf-11e6-a08c-80e65024849a.file", "apistats": {"RtlAddVectoredContinueHandler": 1, "NtUnmapViewOfSection": 4, "NtDelayExecution": 20, "RegEnumKeyExW": 110, "NtCreateMutant": 4, "NtOpenFile": 12, "NtQueryValueKey": 2, "NtReadFile": 5, "RtlAddVectoredExceptionHandler": 1, "NtOpenKey": 2, "GetSystemDirectoryW": 4, "NtQueryKey": 2, "NtAllocateVirtualMemory": 421, "GetSystemInfo": 52, "GetFileSize": 5, "NtOpenProcess": 2, "NtResumeThread": 2, "LdrGetDllHandle": 55, "NtOpenMutant": 1, "CreateThread": 2, "NtFreeVirtualMemory": 195, "NtQueryDirectoryFile": 14, "NtDuplicateObject": 1, "SHGetFolderPathW": 2, "GetFileVersionInfoSizeW": 1, "NtQuerySystemInformation": 1, "NtClose": 74, "GlobalMemoryStatusEx": 1, "RegOpenKeyExA": 2, "LdrLoadDll": 24, "NtMapViewOfSection": 9, "RegQueryInfoKeyW": 4, "NtOpenDirectoryObject": 1, "LdrGetProcedureAddress": 191, "NtCreateFile": 40, "IsDebuggerPresent": 1, "GetFileAttributesW": 9, "SetErrorMode": 28, "NtCreateSection": 8, "GetFileVersionInfoW": 1, "RegOpenKeyExW": 64, "LdrUnloadDll": 1, "CoInitializeEx": 2, "GetFileAttributesExW": 3, "SetUnhandledExceptionFilter": 1, "RegEnumValueW": 5, "NtProtectVirtualMemory": 60, "GetSystemWindowsDirectoryW": 2, "GetSystemTimeAsFileTime": 16, "RegQueryValueExW": 58, "NtOpenKeyEx": 3, "CreateActCtxW": 2, "GetShortPathNameW": 1, "GetFileInformationByHandle": 2}, "class": "malware"}