{"class": "malware", "name": "7451baca-a1a3-11e6-96ee-80e65024849a.file", "apistats": {"NtOpenKey": 2, "GetFileVersionInfoSizeW": 1, "SetUnhandledExceptionFilter": 1, "NtProtectVirtualMemory": 60, "NtAllocateVirtualMemory": 395, "GetFileSize": 5, "GetFileInformationByHandle": 2, "RtlAddVectoredExceptionHandler": 1, "CreateActCtxW": 2, "GlobalMemoryStatusEx": 1, "NtQueryDirectoryFile": 14, "NtCreateSection": 8, "SHGetFolderPathW": 2, "LdrUnloadDll": 2, "NtOpenFile": 12, "GetSystemInfo": 52, "LdrGetDllHandle": 55, "RegOpenKeyExW": 63, "IsDebuggerPresent": 1, "NtOpenDirectoryObject": 1, "RegCloseKey": 40, "RtlAddVectoredContinueHandler": 1, "NtDuplicateObject": 1, "GetSystemTimeAsFileTime": 16, "GetFileAttributesExW": 3, "GetSystemWindowsDirectoryW": 2, "CreateThread": 2, "NtReadFile": 5, "RegEnumKeyExW": 15, "RegQueryValueExW": 58, "NtUnmapViewOfSection": 4, "NtFreeVirtualMemory": 172, "NtClose": 34, "NtOpenMutant": 1, "SetErrorMode": 28, "GetSystemDirectoryW": 4, "NtMapViewOfSection": 9, "NtQueryKey": 2, "NtDelayExecution": 20, "LdrLoadDll": 24, "NtCreateFile": 40, "LdrGetProcedureAddress": 184, "GetShortPathNameW": 1, "NtResumeThread": 2, "RegQueryInfoKeyW": 3, "RegEnumValueW": 5, "NtQuerySystemInformation": 1, "NtOpenProcess": 2, "NtQueryValueKey": 2, "GetFileVersionInfoW": 1, "RegOpenKeyExA": 2, "GetFileAttributesW": 9, "NtOpenKeyEx": 3, "NtCreateMutant": 4, "CoInitializeEx": 2}}