{"name": "745f0580-a4bf-11e6-8ded-80e65024849a.file", "apistats": {"RegOpenKeyExA": 1, "LdrLoadDll": 5, "NtMapViewOfSection": 2, "LdrGetProcedureAddress": 26, "GetSystemTimeAsFileTime": 1, "NtClose": 3, "NtCreateFile": 1, "NtQueryValueKey": 1, "NtCreateSection": 1, "NtAllocateVirtualMemory": 5, "RegOpenKeyExW": 12, "CoInitializeEx": 1, "LdrGetDllHandle": 13, "SetUnhandledExceptionFilter": 1, "CreateActCtxW": 2, "GetCursorPos": 2, "NtFreeVirtualMemory": 1, "NtOpenSection": 1, "GetSystemWindowsDirectoryW": 2, "RegCloseKey": 12, "RegQueryValueExW": 12}, "class": "malware"}