{"name": "74c11e57-9c08-11e6-8f29-80e65024849a.file", "apistats": {"NtWriteFile": 3, "NtUnmapViewOfSection": 6, "RegEnumKeyExW": 21, "FindResourceW": 4, "SendNotifyMessageA": 1, "FindResourceExW": 32, "GetSystemDirectoryW": 1, "GetForegroundWindow": 2, "GetSystemInfo": 1, "LoadResource": 39, "GetFileSize": 2, "GetNativeSystemInfo": 1, "CreateActCtxW": 2, "NtCreateMutant": 1, "GetCursorPos": 52, "NtQueryDirectoryFile": 1, "SearchPathW": 4, "CoCreateInstance": 4, "FindFirstFileExW": 1, "LdrLoadDll": 32, "CreateDirectoryW": 2, "NtCreateFile": 24, "GetFileAttributesW": 2, "SetErrorMode": 13, "GetFileVersionInfoW": 2, "RegOpenKeyExW": 66, "NtQueryAttributesFile": 4, "SizeofResource": 7, "GetSystemWindowsDirectoryA": 1, "NtProtectVirtualMemory": 6, "SetFilePointer": 7, "GetSystemTimeAsFileTime": 1, "EnumWindows": 1, "DrawTextExW": 141, "FindResourceA": 11, "RegCloseKey": 45, "GetSystemDirectoryA": 2, "NtClose": 48, "NtQueryValueKey": 3, "RegQueryValueExA": 12, "CreateProcessInternalW": 1, "NtOpenKey": 5, "NtAllocateVirtualMemory": 35, "NtMapViewOfSection": 12, "SetEndOfFile": 1, "NtOpenMutant": 1, "GetSystemMetrics": 762, "NtFreeVirtualMemory": 18, "GetFileVersionInfoSizeW": 2, "LoadStringW": 7, "NtReadFile": 37, "RegOpenKeyExA": 10, "DrawTextExA": 15, "LdrGetProcedureAddress": 157, "IsDebuggerPresent": 1, "NtCreateSection": 9, "LdrUnloadDll": 1, "RegEnumKeyW": 2, "LdrGetDllHandle": 22, "LoadStringA": 57, "RegQueryValueExW": 54, "NtOpenSection": 3, "GetSystemWindowsDirectoryW": 1, "GetKeyState": 35, "CoInitializeEx": 3}, "class": "malware"}