{"apistats": {"NtOpenSection": 4, "NtDuplicateObject": 3, "NtCreateKey": 5, "ioctlsocket": 2, "WSAStartup": 4, "GetFileVersionInfoSizeW": 4, "GetAdaptersAddresses": 1, "GetFileAttributesW": 33, "NtReadVirtualMemory": 51, "GetFileSize": 8, "RegOpenKeyExW": 133, "NtDelayExecution": 70, "SetErrorMode": 82, "NtAllocateVirtualMemory": 3420, "GetFileInformationByHandle": 10, "RegOpenKeyExA": 2, "SHGetFolderPathW": 2, "WSASocketW": 4, "GetComputerNameW": 1, "NtResumeThread": 2, "RtlAddVectoredExceptionHandler": 1, "CoInitializeEx": 2, "RegEnumKeyExW": 1819, "NtCreateFile": 105, "GetSystemTimeAsFileTime": 40, "GlobalMemoryStatusEx": 1, "closesocket": 2, "RegEnumValueW": 5, "LdrGetDllHandle": 64, "NtCreateSection": 19, "GetTimeZoneInformation": 2, "NtOpenMutant": 2, "LoadResource": 1, "GetFileType": 2, "LookupPrivilegeValueW": 1, "NtClose": 177, "LdrUnloadDll": 8, "NtQueryKey": 23, "GetShortPathNameW": 1, "GetSystemInfo": 78, "setsockopt": 2, "IsDebuggerPresent": 1, "GetSystemWindowsDirectoryW": 2, "NtQueryValueKey": 65, "NtOpenProcess": 4, "RegQueryValueExW": 200, "NtMapViewOfSection": 24, "RtlAddVectoredContinueHandler": 1, "CreateActCtxW": 3, "NtDeviceIoControlFile": 6, "NtReadFile": 18, "NtOpenDirectoryObject": 1, "NtQuerySystemInformation": 1, "NtSetValueKey": 12, "NtOpenFile": 16, "CreateThread": 3, "NtUnmapViewOfSection": 8, "RegQueryInfoKeyW": 7, "GetSystemDirectoryW": 4, "NtQueryDirectoryFile": 18, "SetUnhandledExceptionFilter": 1, "NtFreeVirtualMemory": 2547, "NtQueryAttributesFile": 3, "NtCreateMutant": 16, "NtProtectVirtualMemory": 76, "GetFileAttributesExW": 11, "LoadStringW": 4, "NtOpenKey": 3, "LdrGetProcedureAddress": 484, "NtOpenThread": 2, "GetFileVersionInfoW": 4, "NtOpenKeyEx": 19, "LdrLoadDll": 60, "NtEnumerateValueKey": 2, "UuidCreate": 2}, "name": "75c8d3a1-9901-11e6-9dad-80e65024849a.file", "class": "malware"}