{"class": "malware", "apistats": {"GetSystemWindowsDirectoryW": 8, "CreateActCtxW": 2, "CreateToolhelp32Snapshot": 1, "NtCreateFile": 442, "FindResourceW": 2, "NtOpenKey": 5, "NtQueryDirectoryFile": 390, "GetForegroundWindow": 1, "HttpSendRequestA": 1, "GetFileSizeEx": 1, "RegOpenKeyExA": 4, "LdrUnloadDll": 42, "GetVolumeNameForVolumeMountPointW": 3, "CoUninitialize": 78, "closesocket": 1, "LdrGetProcedureAddress": 68, "InternetOpenA": 1, "NtAllocateVirtualMemory": 171, "GetFileInformationByHandleEx": 1, "GetSystemTimeAsFileTime": 160, "HttpOpenRequestA": 1, "GetBestInterfaceEx": 2, "GetAsyncKeyState": 2, "NtOpenProcess": 61696, "RegOpenKeyExW": 251, "NtFreeVirtualMemory": 107, "RegCloseKey": 245, "NtProtectVirtualMemory": 20, "GetVolumePathNamesForVolumeNameW": 6, "NtDeviceIoControlFile": 3861, "NtQueryAttributesFile": 2, "NtClose": 6719, "CoInitializeEx": 79, "FindWindowA": 1, "Process32NextW": 61696, "GetNativeSystemInfo": 1, "NtMapViewOfSection": 10, "CreateDirectoryW": 1, "GlobalMemoryStatusEx": 1, "WSAStartup": 1, "NtDuplicateObject": 27, "InternetCloseHandle": 8, "InternetReadFile": 1, "RegQueryValueExW": 193, "SearchPathW": 3, "socket": 1, "InternetCrackUrlA": 1, "Process32FirstW": 1928, "LoadStringW": 1, "LoadResource": 2, "NtQueryValueKey": 6, "NtOpenSection": 5, "SetFileAttributesW": 31, "CoCreateInstance": 40, "NtReadFile": 1, "RegQueryValueExA": 1, "LdrGetDllHandle": 19, "NtQuerySystemInformation": 1, "NtDelayExecution": 1, "SizeofResource": 1, "NtCreateMutant": 2, "GetSystemDirectoryW": 2, "GetSystemMetrics": 8, "NtCreateSection": 8, "NtUnmapViewOfSection": 3, "SetUnhandledExceptionFilter": 1, "setsockopt": 1, "LdrLoadDll": 15}, "name": "765dce33-b5b0-11e6-858a-80e65024849a.file"}