{"name": "777e1228-0005-11e7-a43a-80e65024849a.file", "apistats": {"RegEnumKeyExW": 21, "CreateThread": 4, "NtOpenFile": 1, "NtQueryValueKey": 8, "LookupPrivilegeValueW": 12, "RtlAddVectoredExceptionHandler": 1, "NtOpenKey": 12, "GetSystemDirectoryW": 4, "NtAllocateVirtualMemory": 32, "gethostbyname": 1, "GetSystemInfo": 3, "LoadResource": 40, "LoadStringW": 7, "NtOpenProcess": 2, "GetNativeSystemInfo": 2, "LdrGetDllHandle": 36, "SizeofResource": 32, "NtOpenMutant": 1, "GetSystemMetrics": 45, "RegCreateKeyExW": 8, "FindResourceExW": 11, "NtCreateThreadEx": 1, "GetAdaptersAddresses": 2, "OpenSCManagerA": 1, "GetBestInterfaceEx": 2, "SHGetFolderPathW": 1, "DeviceIoControl": 2, "NtQuerySystemInformation": 1, "NtDuplicateObject": 2, "GetAsyncKeyState": 12, "GlobalMemoryStatusEx": 1, "RegOpenKeyExA": 5, "LdrLoadDll": 41, "NtMapViewOfSection": 5, "NtClose": 55, "GetSystemTimeAsFileTime": 1, "LdrGetProcedureAddress": 847, "NtCreateFile": 5, "NtFreeVirtualMemory": 3, "GetFileAttributesW": 4, "NtUnmapViewOfSection": 2, "NtCreateSection": 1, "NtResumeThread": 1, "NtOpenSection": 2, "RegOpenKeyExW": 94, "NtQueryInformationFile": 1, "RegQueryValueExA": 13, "NtDeviceIoControlFile": 12, "SetUnhandledExceptionFilter": 1, "RegSetValueExW": 1, "NtProtectVirtualMemory": 2, "getaddrinfo": 1, "WSAStartup": 2, "RegCloseKey": 43, "DrawTextExW": 22, "FindResourceA": 32, "RegQueryValueExW": 267, "CoInitializeEx": 1}, "class": "malware"}