{"apistats": {"LdrUnloadDll": 1, "GetSystemWindowsDirectoryA": 1, "GetVolumePathNameW": 1, "RegCloseKey": 11, "GetNativeSystemInfo": 1, "GetSystemInfo": 2, "RegQueryValueExA": 1, "IsDebuggerPresent": 2, "NtTerminateProcess": 1, "NtClose": 14, "GetFileAttributesW": 10, "RegQueryValueExW": 6, "NtMapViewOfSection": 1, "GetVolumePathNamesForVolumeNameW": 6, "RegOpenKeyExW": 10, "NtDelayExecution": 1, "NtDuplicateObject": 3, "SetErrorMode": 2, "ShellExecuteExW": 1, "NtReadFile": 5, "RegOpenKeyExA": 2, "DeleteFileW": 2, "NtWriteFile": 1, "SetFileInformationByHandle": 1, "NtFreeVirtualMemory": 3, "NtAllocateVirtualMemory": 8, "NtOpenFile": 1, "SetFilePointer": 24, "GetSystemDirectoryW": 1, "NtQueryDirectoryFile": 2, "SetUnhandledExceptionFilter": 1, "NtCreateFile": 3, "GetVolumeNameForVolumeMountPointW": 2, "GetSystemTimeAsFileTime": 2, "FindFirstFileExW": 24, "NtCreateMutant": 2, "NtProtectVirtualMemory": 2, "LdrGetDllHandle": 27, "NtCreateSection": 1, "GetUserNameA": 1, "NtOpenKey": 45, "LdrGetProcedureAddress": 237, "NtOpenThread": 1, "LoadStringW": 1, "GetFileType": 33, "SetEndOfFile": 1, "SetFileTime": 1, "LdrLoadDll": 19, "GetSystemWindowsDirectoryW": 7, "NtQueryInformationFile": 2, "CreateProcessInternalW": 1, "WriteConsoleW": 23, "NtQueryValueKey": 1}, "name": "7783ea47-2702-11e8-8ff7-80e65024849a.file", "class": "malware"}