{"apistats": {"RegCreateKeyExW": 1, "NtDuplicateObject": 2, "NtOpenSection": 1, "RegCloseKey": 44, "LdrUnloadDll": 4, "GetSystemInfo": 2, "RegQueryValueExA": 14, "WSAStartup": 3, "GetSystemWindowsDirectoryW": 1, "NtClose": 60, "NtOpenProcess": 1, "RemoveDirectoryA": 1, "RegQueryValueExW": 77, "select": 1, "NtMapViewOfSection": 2, "NtCreateThreadEx": 1, "RegOpenKeyExW": 43, "SetErrorMode": 8, "NtReadFile": 1, "RegOpenKeyExA": 12, "NtFreeVirtualMemory": 13, "NtQuerySystemInformation": 1, "NtResumeThread": 1, "CoInitializeEx": 1, "NtUnmapViewOfSection": 2, "CoCreateInstance": 1, "GetSystemDirectoryW": 1, "GetTempPathW": 1, "CreateDirectoryW": 4, "FindResourceExW": 1, "NtCreateFile": 4, "GetSystemTimeAsFileTime": 5, "GlobalMemoryStatusEx": 1, "GetSystemDirectoryA": 1, "FindFirstFileExW": 18, "NtCreateMutant": 1, "NtProtectVirtualMemory": 1, "setsockopt": 1, "RegEnumValueW": 2, "LdrGetDllHandle": 20, "NtCreateSection": 1, "SetUnhandledExceptionFilter": 1, "NtOpenKey": 9, "RegSetValueExW": 2, "LoadResource": 1, "LdrGetProcedureAddress": 266, "GetFileAttributesW": 8, "NtAllocateVirtualMemory": 13, "GetFileType": 3, "SetFileAttributesW": 1, "LdrLoadDll": 28, "NtTerminateProcess": 3, "NtQueryValueKey": 9}, "name": "77942735-a1a3-11e6-9c76-80e65024849a.file", "class": "malware"}