{"apistats": {"CreateToolhelp32Snapshot": 1, "CoUninitialize": 5, "RegCloseKey": 716, "GetBestInterfaceEx": 2, "LdrUnloadDll": 2, "NtCreateKey": 98, "WSAStartup": 4, "GetFileVersionInfoSizeW": 2, "GetAdaptersAddresses": 2, "GetForegroundWindow": 108, "GetFileAttributesW": 2, "CopyFileW": 1, "GetSystemMetrics": 34, "GetFileSize": 1, "RegOpenKeyExW": 1, "NtDelayExecution": 64, "SetErrorMode": 6, "NtAllocateVirtualMemory": 11, "CreateDirectoryW": 3, "SHGetFolderPathW": 3, "GetCursorPos": 8, "CoInitializeEx": 4, "CoCreateInstance": 11, "RegEnumKeyExW": 2, "RegOpenKeyExA": 12, "FindResourceExW": 1, "NtCreateFile": 1, "GetSystemTimeAsFileTime": 5, "closesocket": 3, "NtCreateSection": 4, "RegEnumValueA": 13, "OutputDebugStringA": 2, "InternetOpenW": 1, "NtQueryValueKey": 492, "RegCreateKeyExW": 7, "NtDuplicateObject": 11, "DeviceIoControl": 2, "NtQueryKey": 4827, "GetSystemInfo": 1, "RegQueryValueExA": 6, "EnumWindows": 5, "FindWindowW": 2, "GetSystemWindowsDirectoryW": 1, "NtClose": 507, "RegDeleteKeyW": 1, "NtOpenProcess": 4, "RegQueryValueExW": 68, "HttpOpenRequestW": 1, "NtMapViewOfSection": 12, "Process32NextW": 32, "InternetConnectW": 1, "CreateActCtxW": 1, "RegEnumKeyW": 432, "NtDeviceIoControlFile": 22, "NtReadFile": 1, "LdrGetDllHandle": 2, "Process32FirstW": 1, "GetKeyState": 51, "NtSetValueKey": 102, "LoadStringW": 1, "CreateThread": 1, "GetSystemDirectoryW": 2, "NtUnmapViewOfSection": 11, "SendNotifyMessageW": 3, "SetUnhandledExceptionFilter": 1, "NtFreeVirtualMemory": 5, "NtProtectVirtualMemory": 36, "GetAddrInfoW": 1, "setsockopt": 3, "RegDeleteValueW": 3, "socket": 3, "RegSetValueExW": 14, "NtOpenKey": 12, "LdrGetProcedureAddress": 60, "GetFileVersionInfoW": 2, "NtOpenKeyEx": 3006, "LdrLoadDll": 15, "DeleteUrlCacheEntryW": 1}, "name": "782b18a3-adcb-11e6-859d-80e65024849a.file", "class": "malware"}