{"class": "malware", "name": "78420987-ac41-11e7-88b8-80e65024849a.file", "apistats": {"FindResourceW": 24, "GetNativeSystemInfo": 1, "FindResourceExW": 101, "NtOpenKey": 50, "GetSystemInfo": 11, "NtAllocateVirtualMemory": 123, "NtQueryInformationFile": 3, "LdrGetDllHandle": 46, "CreateActCtxW": 3, "GetFileInformationByHandleEx": 12, "NtQueryDirectoryFile": 79, "NtMapViewOfSection": 35, "DrawTextExW": 596, "NtSetInformationFile": 1, "OleInitialize": 1, "socket": 1, "SetFilePointerEx": 1, "RegOpenKeyExW": 590, "LdrGetProcedureAddress": 233, "GetSystemTimeAsFileTime": 33, "DrawTextExA": 303, "EnumWindows": 1, "NtOpenFile": 4, "NtWriteFile": 98, "NtUnmapViewOfSection": 33, "NtFreeVirtualMemory": 27, "NtOpenMutant": 1, "SetErrorMode": 12, "FindFirstFileExW": 10, "GetVolumePathNamesForVolumeNameW": 6, "LdrLoadDll": 48, "NtCreateFile": 110, "SearchPathW": 24, "NtDeviceIoControlFile": 2, "RegQueryValueExA": 3, "LoadStringW": 6, "NtOpenProcess": 15, "LoadStringA": 179, "CoUninitialize": 14, "GetFileAttributesW": 1, "NtCreateMutant": 2, "RegCreateKeyExW": 3, "GetTempPathW": 1, "NtQueryValueKey": 20, "SHGetSpecialFolderLocation": 2, "LoadResource": 161, "FindResourceA": 65, "WSAStartup": 3, "GlobalMemoryStatusEx": 1, "NtCreateSection": 31, "LdrUnloadDll": 3, "SetFilePointer": 1, "NtDuplicateObject": 6, "GetFileSizeEx": 12, "RegCloseKey": 373, "GetVolumeNameForVolumeMountPointW": 3, "NtQueryAttributesFile": 18, "GetSystemMetrics": 6045, "RegOpenKeyExA": 8, "CreateThread": 2, "NtReadFile": 25, "NtCreateThreadEx": 1, "RegEnumKeyExW": 21, "RegEnumKeyW": 219, "RegQueryValueExW": 2237, "NtOpenSection": 4, "connect": 1, "GetSystemDirectoryW": 3, "GetFileType": 2, "SizeofResource": 50, "NtResumeThread": 1, "NtQuerySystemInformation": 1, "GetFileVersionInfoSizeW": 1, "GetCursorPos": 12, "GetFileVersionInfoW": 1, "NtClose": 200, "CoCreateInstance": 5, "GetSystemWindowsDirectoryW": 8, "CoInitializeEx": 16}}