{"class": "malware", "name": "79077654-9901-11e6-9290-80e65024849a.file", "apistats": {"NtOpenKey": 7, "SetUnhandledExceptionFilter": 1, "NtProtectVirtualMemory": 30, "NtAllocateVirtualMemory": 319, "GetFileSize": 5, "GetFileInformationByHandle": 8, "NtReadFile": 10, "CreateActCtxW": 2, "GetFileVersionInfoSizeW": 4, "NtQueryDirectoryFile": 2, "NtMapViewOfSection": 15, "NtCreateSection": 11, "SHGetFolderPathW": 4, "LdrUnloadDll": 2, "NtOpenMutant": 1, "GetSystemInfo": 62, "LdrGetDllHandle": 95, "RegOpenKeyExW": 60, "IsDebuggerPresent": 1, "NtOpenDirectoryObject": 1, "RegCloseKey": 39, "RtlAddVectoredContinueHandler": 1, "NtDuplicateObject": 2, "GetSystemTimeAsFileTime": 5, "GetFileAttributesExW": 9, "GetSystemWindowsDirectoryW": 2, "NtUnmapViewOfSection": 7, "CryptAcquireContextW": 1, "RegEnumKeyExW": 14, "NtWriteFile": 1, "RegQueryValueExW": 87, "CreateThread": 3, "GlobalMemoryStatus": 1, "NtFreeVirtualMemory": 65, "NtClose": 59, "SetErrorMode": 68, "GetSystemDirectoryW": 4, "GetFileType": 2, "FindFirstFileExW": 23, "NtQueryKey": 6, "NtDelayExecution": 50, "LdrLoadDll": 30, "NtCreateFile": 83, "LdrGetProcedureAddress": 267, "GetShortPathNameW": 1, "CoInitializeSecurity": 1, "NtResumeThread": 2, "RegQueryInfoKeyW": 3, "RegEnumValueW": 3, "NtQuerySystemInformation": 1, "UuidCreate": 1, "NtOpenProcess": 2, "NtQueryValueKey": 8, "GetFileVersionInfoW": 4, "RegOpenKeyExA": 1, "GetFileAttributesW": 24, "NtOpenKeyEx": 9, "NtCreateMutant": 5, "CoInitializeEx": 2}}