{"name": "791b0c91-b178-11e7-aa14-80e65024849a.file", "apistats": {"SetErrorMode": 12, "LdrGetProcedureAddress": 44, "NtClose": 3, "GetFileAttributesW": 6, "NtOpenKey": 1, "GetSystemDirectoryW": 1, "NtAllocateVirtualMemory": 4, "RegOpenKeyExW": 3, "LdrLoadDll": 5, "LoadStringW": 1, "NtOpenProcess": 1, "GetNativeSystemInfo": 1, "LdrGetDllHandle": 29, "GetSystemMetrics": 18, "NtCreateMutant": 2, "NtFreeVirtualMemory": 1, "GetSystemWindowsDirectoryW": 5, "RegCloseKey": 4, "RegQueryValueExW": 2}, "class": "malware"}