{"class": "malware", "apistats": {"RegQueryValueExA": 5, "Process32NextW": 32, "NtCreateFile": 18, "NtReadVirtualMemory": 1, "RegCloseKey": 20, "NtOpenProcess": 1, "NtClose": 13, "LoadResource": 1, "NtOpenMutant": 1, "FindResourceExA": 1, "Process32FirstW": 1, "FindResourceExW": 4, "SHGetFolderPathW": 5, "CreateProcessInternalW": 1, "RegOpenKeyExA": 5, "CopyFileW": 1, "GetFileSize": 4, "SetFileAttributesW": 2, "NtTerminateProcess": 1, "NtReadFile": 2, "LdrGetProcedureAddress": 349, "LdrGetDllHandle": 225, "NtAllocateVirtualMemory": 2, "GetCursorPos": 1, "GetSystemDirectoryA": 2, "SetWindowsHookExA": 1, "NtGetContextThread": 1, "NtSetContextThread": 1, "GetSystemTimeAsFileTime": 1, "SetErrorMode": 2, "LdrLoadDll": 124, "FindResourceA": 8, "RegCreateKeyExA": 15, "FindWindowW": 1, "NtFreeVirtualMemory": 1, "NtResumeThread": 1, "NtUnmapViewOfSection": 5, "CreateToolhelp32Snapshot": 1, "WriteProcessMemory": 13}, "name": "792b1a70-aa57-11e6-81db-80e65024849a.file"}