{"class": "malware", "apistats": {"GetSystemWindowsDirectoryW": 2, "RegEnumValueW": 3, "NtMapViewOfSection": 25, "CreateActCtxW": 3, "ReadProcessMemory": 55733, "RtlAddVectoredContinueHandler": 1, "NtCreateFile": 207, "RegCloseKey": 63, "NtOpenProcess": 30, "NtClose": 76, "RegQueryValueExW": 219, "NtQueryDirectoryFile": 2, "NtOpenMutant": 1, "NtOpenFile": 1, "GlobalMemoryStatus": 1, "LoadStringW": 8, "SHGetFolderPathW": 2, "NtQueryValueKey": 4, "NtOpenKeyEx": 2, "LdrUnloadDll": 3, "NtOpenSection": 2, "LookupPrivilegeValueW": 1, "GetFileSize": 7, "CoUninitialize": 1, "GetFileAttributesExW": 6, "RegOpenKeyExA": 1, "RegOpenKeyExW": 92, "NtReadFile": 10, "NtUnmapViewOfSection": 8, "FindFirstFileExW": 16, "LdrGetDllHandle": 113, "GlobalMemoryStatusEx": 43, "NtAllocateVirtualMemory": 1029, "NtQuerySystemInformation": 5, "GetSystemInfo": 91, "NtDelayExecution": 184, "GetFileInformationByHandle": 10, "GetSystemTimeAsFileTime": 6, "NtResumeThread": 8, "NtCreateMutant": 4, "LdrLoadDll": 38, "GetFileAttributesW": 74, "NtOpenKey": 4, "SetUnhandledExceptionFilter": 1, "GetFileVersionInfoSizeW": 4, "LdrGetProcedureAddress": 333, "NtDuplicateObject": 1, "GetShortPathNameW": 1, "RegEnumKeyExW": 14, "NtFreeVirtualMemory": 420, "SetErrorMode": 76, "NtProtectVirtualMemory": 106, "GetFileVersionInfoW": 4, "NtCreateSection": 20, "RegQueryInfoKeyW": 3, "NtDeviceIoControlFile": 1, "NtQueryAttributesFile": 3, "NtOpenDirectoryObject": 1, "IsDebuggerPresent": 1, "CoInitializeEx": 8, "GetSystemDirectoryW": 4, "CreateThread": 8}, "name": "79b4d46b-2702-11e8-89a7-80e65024849a.file"}