{"class": "malware", "name": "79d0e345-b178-11e7-80dd-80e65024849a.file", "apistats": {"GetTempPathW": 1, "SetUnhandledExceptionFilter": 1, "NtAllocateVirtualMemory": 88, "NtFreeVirtualMemory": 31, "NtQueryValueKey": 1, "GetSystemTimeAsFileTime": 1, "LoadResource": 2, "FindResourceA": 2, "NtMapViewOfSection": 2, "LdrLoadDll": 6, "NtCreateFile": 1, "NtCreateSection": 1, "LdrUnloadDll": 1, "GetSystemInfo": 3, "LdrGetDllHandle": 8, "LoadStringW": 3, "RegOpenKeyExW": 4, "__exception__": 5744, "IsDebuggerPresent": 1, "RegOpenKeyExA": 2, "NtClose": 4, "LdrGetProcedureAddress": 35, "GetSystemWindowsDirectoryW": 1, "GetSystemMetrics": 3831, "FindWindowA": 16}}