{"apistats": {"GetVolumePathNameW": 1, "RegCloseKey": 36, "GetNativeSystemInfo": 1, "NtTerminateProcess": 3, "GetForegroundWindow": 28, "GetFileAttributesW": 10, "GetVolumePathNamesForVolumeNameW": 6, "RegOpenKeyExW": 11, "NtDelayExecution": 1, "NtDuplicateObject": 3, "SetErrorMode": 2, "ShellExecuteExW": 1, "NtAllocateVirtualMemory": 45, "ReadProcessMemory": 1, "RegOpenKeyExA": 2, "DeleteFileW": 2, "SetFileInformationByHandle": 1, "NtResumeThread": 1, "GetUserNameA": 1, "NtCreateFile": 3, "GetSystemTimeAsFileTime": 1, "GlobalMemoryStatusEx": 1, "FindFirstFileExW": 3, "NtCreateSection": 1, "GetFileType": 33, "NtQueryInformationFile": 1, "CreateProcessInternalW": 1, "NtClose": 1283, "LdrUnloadDll": 4, "GetSystemWindowsDirectoryA": 1, "WriteProcessMemory": 5, "GetSystemInfo": 2, "RegQueryValueExA": 1, "GetSystemWindowsDirectoryW": 6, "NtQueryValueKey": 7, "NtOpenProcess": 1254, "RegQueryValueExW": 6, "NtMapViewOfSection": 1, "SetFileTime": 1, "NtReadFile": 5, "NtWriteFile": 1, "LdrGetDllHandle": 11, "NtQuerySystemInformation": 85, "NtOpenFile": 1, "GetSystemDirectoryW": 1, "SetFilePointer": 24, "NtUnmapViewOfSection": 7, "NtQueryDirectoryFile": 1, "SetUnhandledExceptionFilter": 1, "NtFreeVirtualMemory": 42, "GetVolumeNameForVolumeMountPointW": 2, "NtCreateMutant": 2, "NtProtectVirtualMemory": 2, "NtGetContextThread": 1, "LoadStringW": 1, "NtOpenKey": 6, "LdrGetProcedureAddress": 217, "NtOpenThread": 1, "SetEndOfFile": 1, "LdrLoadDll": 16, "WriteConsoleW": 23}, "name": "79fcc3ee-b178-11e7-bc19-80e65024849a.file", "class": "malware"}