{"apistats": {"CreateToolhelp32Snapshot": 1, "GetNativeSystemInfo": 1, "GetForegroundWindow": 1, "LdrUnloadDll": 1, "GetSystemInfo": 3, "RegQueryValueExA": 3, "IsDebuggerPresent": 3, "GetSystemWindowsDirectoryW": 1, "NtClose": 17, "FindWindowA": 21, "NtFreeVirtualMemory": 23, "Process32NextW": 1, "NtDelayExecution": 113, "NtReadFile": 1, "NtMapViewOfSection": 2, "Process32FirstW": 1, "NtQuerySystemInformation": 12, "NtAllocateVirtualMemory": 42, "CreateThread": 25, "NtUnmapViewOfSection": 1, "SetFilePointer": 1, "GetSystemDirectoryW": 2, "timeGetTime": 22119, "__exception__": 113, "NtCreateFile": 6, "GetSystemTimeAsFileTime": 2, "GetSystemDirectoryA": 2, "NtCreateMutant": 2, "NtProtectVirtualMemory": 13, "LdrGetDllHandle": 23, "NtCreateSection": 2, "RegCloseKey": 2, "GetTimeZoneInformation": 1, "WriteConsoleA": 6, "NtOpenKey": 4, "LdrGetProcedureAddress": 24, "NtOpenKeyEx": 6, "LdrLoadDll": 11, "OutputDebugStringA": 1, "NtQueryValueKey": 5}, "name": "7a10edd9-f584-11e7-aeb7-80e65024849a.file", "class": "malware"}