{"name": "7a3debf8-ac41-11e7-82bb-80e65024849a.file", "apistats": {"GetSystemMetrics": 3, "GetAdaptersInfo": 1, "NtOpenFile": 2, "CreateToolhelp32Snapshot": 2, "NtQueryValueKey": 6, "RegQueryValueExA": 10, "EnumServicesStatusW": 1, "FindResourceExW": 2, "NtOpenKey": 7, "NtAllocateVirtualMemory": 117, "LoadResource": 1, "GetFileSize": 1, "OutputDebugStringA": 1, "GetNativeSystemInfo": 1, "RegCloseKey": 14, "LdrGetDllHandle": 37, "CoInitializeEx": 1, "NtResumeThread": 1, "NtCreateMutant": 2, "NtFreeVirtualMemory": 75, "NtCreateThreadEx": 1, "GetSystemWindowsDirectoryW": 7, "NtDuplicateObject": 1, "__exception__": 85, "GetUserNameW": 1, "DeviceIoControl": 5756, "WSAStartup": 4, "LoadStringW": 1, "NtReadFile": 1, "RegOpenKeyExA": 7, "LdrLoadDll": 30, "NtMapViewOfSection": 1, "Process32FirstW": 2, "NtClose": 17, "GetComputerNameW": 1, "LdrGetProcedureAddress": 264, "NtCreateFile": 3, "Process32NextW": 64, "OpenSCManagerW": 1, "NtCreateSection": 1, "GetSystemDirectoryW": 1, "FindWindowExA": 5759, "RegOpenKeyExW": 9, "LdrUnloadDll": 3, "NtQueryInformationFile": 1, "SHGetSpecialFolderLocation": 1, "LoadStringA": 1, "NtDeviceIoControlFile": 1, "SetUnhandledExceptionFilter": 1, "RegEnumValueW": 2, "NtProtectVirtualMemory": 49, "CreateProcessInternalW": 1, "GetSystemTimeAsFileTime": 1, "RegQueryValueExW": 14}, "class": "malware"}