{"apistats": {"CreateToolhelp32Snapshot": 2, "LdrUnloadDll": 1, "RegCloseKey": 27, "WriteProcessMemory": 5, "GetShortPathNameW": 1, "NtSetContextThread": 1, "GetSystemInfo": 1, "RegQueryValueExA": 6, "WSAStartup": 1, "NtTerminateProcess": 3, "NtClose": 13, "RegCreateKeyExA": 22, "NtQueryAttributesFile": 1, "NtMapViewOfSection": 1, "Process32NextW": 32, "GetSystemMetrics": 5, "Module32FirstW": 1, "NtReadVirtualMemory": 1, "GetFileSize": 3, "NtDelayExecution": 1, "DrawTextExW": 4, "SetErrorMode": 2, "NtReadFile": 3, "RegOpenKeyExA": 6, "LdrGetDllHandle": 138, "Process32FirstW": 1, "GetCursorPos": 1, "SetWindowsHookExA": 2, "FindResourceExA": 7, "NtResumeThread": 1, "NtUnmapViewOfSection": 6, "Module32NextW": 27, "FindResourceExW": 6, "NtCreateFile": 11, "GetSystemDirectoryA": 1, "NtProtectVirtualMemory": 2, "NtCreateSection": 1, "NtGetContextThread": 1, "SearchPathW": 2, "NtOpenKey": 1, "NtOpenMutant": 1, "LoadResource": 7, "LdrGetProcedureAddress": 49, "CreateProcessInternalW": 1, "RegSetValueExA": 7, "NtAllocateVirtualMemory": 9, "GetFileType": 1, "LdrLoadDll": 4, "OleInitialize": 1, "FindResourceA": 11, "UnhookWindowsHookEx": 2, "WriteConsoleW": 8, "NtQueryValueKey": 1}, "name": "7a42808f-a1a3-11e6-900b-80e65024849a.file", "class": "malware"}