{"class": "malware", "name": "7a951eb3-f584-11e7-85b1-80e65024849a.file", "apistats": {"NtOpenKey": 2, "GetFileVersionInfoSizeW": 1, "GetFileAttributesW": 8, "SetUnhandledExceptionFilter": 1, "NtProtectVirtualMemory": 60, "NtAllocateVirtualMemory": 315, "GetFileSize": 2, "GetFileInformationByHandle": 2, "RtlAddVectoredExceptionHandler": 1, "CreateActCtxW": 2, "GlobalMemoryStatusEx": 1, "NtQueryDirectoryFile": 14, "NtCreateSection": 5, "SHGetFolderPathW": 2, "LdrUnloadDll": 2, "NtOpenFile": 12, "GetSystemInfo": 48, "LdrGetDllHandle": 55, "RegOpenKeyExW": 63, "IsDebuggerPresent": 1, "NtOpenDirectoryObject": 1, "GetFileAttributesExW": 3, "RegQueryValueExW": 58, "NtDuplicateObject": 1, "GetSystemTimeAsFileTime": 16, "GetSystemWindowsDirectoryW": 2, "NtUnmapViewOfSection": 3, "NtReadFile": 5, "RegEnumKeyExW": 15, "RtlAddVectoredContinueHandler": 1, "CreateThread": 2, "NtFreeVirtualMemory": 114, "NtOpenMutant": 1, "SetErrorMode": 24, "GetSystemDirectoryW": 3, "NtMapViewOfSection": 6, "NtQueryKey": 2, "NtDelayExecution": 20, "LdrLoadDll": 22, "NtCreateFile": 37, "LdrGetProcedureAddress": 173, "GetShortPathNameW": 1, "NtResumeThread": 2, "RegQueryInfoKeyW": 3, "RegEnumValueW": 5, "NtQuerySystemInformation": 1, "NtOpenProcess": 2, "NtQueryValueKey": 2, "GetFileVersionInfoW": 1, "RegOpenKeyExA": 2, "NtClose": 70, "NtOpenKeyEx": 3, "NtCreateMutant": 4, "CoInitializeEx": 2}}