{"name": "7ac985ba-aa57-11e6-9184-80e65024849a.file", "apistats": {"NtWriteFile": 8, "OleInitialize": 1, "NtOpenFile": 2, "GetVolumeNameForVolumeMountPointW": 3, "NtQueryValueKey": 9, "RegQueryValueExA": 1, "NtReadFile": 131, "NtFreeVirtualMemory": 4, "NtOpenKey": 27, "GetSystemDirectoryW": 2, "NtAllocateVirtualMemory": 8, "LoadResource": 2, "LoadStringW": 1, "NtOpenProcess": 14, "GetNativeSystemInfo": 1, "NtMapViewOfSection": 5, "LdrGetDllHandle": 11, "GetVolumePathNamesForVolumeNameW": 6, "CreateActCtxW": 1, "GetTempPathW": 1, "NtCreateMutant": 2, "FindResourceExW": 2, "NtQueryDirectoryFile": 7, "NtDuplicateObject": 3, "DeleteFileW": 2, "CoCreateInstance": 2, "GetFileSizeEx": 12, "NtQuerySystemInformation": 1, "GetFileSize": 2, "GlobalMemoryStatusEx": 1, "RegOpenKeyExA": 5, "LdrLoadDll": 18, "CreateDirectoryW": 13, "NtClose": 91, "GetSystemTimeAsFileTime": 38, "LdrGetProcedureAddress": 49, "NtCreateFile": 29, "GetFileAttributesW": 19, "NtUnmapViewOfSection": 1, "NtCreateSection": 3, "FindFirstFileExW": 1, "NtOpenSection": 5, "RegOpenKeyExW": 456, "LdrUnloadDll": 1, "RegEnumKeyW": 109, "SetFileTime": 2, "GetFileInformationByHandleEx": 12, "NtProtectVirtualMemory": 1, "SetFilePointer": 6, "GetSystemWindowsDirectoryW": 7, "CoUninitialize": 15, "RegCloseKey": 318, "RegQueryValueExW": 2197, "SetErrorMode": 1, "CoInitializeEx": 15}, "class": "malware"}