{"apistats": {"CreateToolhelp32Snapshot": 2, "NtOpenSection": 3, "CoUninitialize": 2, "RegCloseKey": 47, "NtReadFile": 48832, "NtDuplicateObject": 6, "WSAStartup": 2, "GetBestInterfaceEx": 2, "CreateJobObjectW": 1, "SetFileTime": 5, "CoInitializeEx": 2, "GetForegroundWindow": 1, "GetFileAttributesW": 358, "SetInformationJobObject": 1, "GetVolumePathNamesForVolumeNameW": 6, "GetSystemMetrics": 12, "NtCreateThreadEx": 1, "GetFileSize": 2, "RegOpenKeyExW": 64, "SetErrorMode": 1, "ShellExecuteExW": 4, "NtAllocateVirtualMemory": 229, "RegOpenKeyExA": 9, "DeleteFileW": 2, "NtResumeThread": 1, "SHGetFolderPathW": 1, "CoCreateInstance": 2, "RegEnumKeyExW": 21, "CreateDirectoryW": 17, "FindResourceExW": 17, "NtCreateFile": 2, "GetSystemTimeAsFileTime": 18, "GlobalMemoryStatusEx": 2, "FindFirstFileExW": 33, "closesocket": 1, "GetFileInformationByHandleEx": 12, "NtCreateSection": 7, "NtOpenMutant": 1, "LoadResource": 16, "RegSetValueExW": 7, "LookupPrivilegeValueW": 1, "NtQueryInformationFile": 2, "CreateProcessInternalW": 2, "NtClose": 95, "RegCreateKeyExW": 5, "GetNativeSystemInfo": 1, "DeviceIoControl": 1, "NtQueryKey": 101, "DrawTextExW": 69, "GetSystemInfo": 9, "RegQueryValueExA": 1, "FindResourceW": 1, "GetSystemWindowsDirectoryW": 7, "NtQueryValueKey": 27, "NtOpenProcess": 4, "RegQueryValueExW": 72, "NtMapViewOfSection": 7, "Process32NextW": 64, "SizeofResource": 2, "CreateActCtxW": 1, "GetFileSizeEx": 12, "RegEnumKeyW": 145, "InternetQueryOptionA": 1, "NtDeviceIoControlFile": 19, "SetFilePointerEx": 1, "NtWriteFile": 179, "LdrGetDllHandle": 34, "Process32FirstW": 2, "LdrUnloadDll": 4, "NtQuerySystemInformation": 2, "OleInitialize": 1, "NtOpenFile": 2, "CreateThread": 1, "NtUnmapViewOfSection": 1, "SetFilePointer": 9130, "GetSystemDirectoryW": 1, "NtQueryDirectoryFile": 76, "NtOpenKey": 14, "SetUnhandledExceptionFilter": 1, "NtFreeVirtualMemory": 215, "GetVolumeNameForVolumeMountPointW": 3, "NtQueryAttributesFile": 2, "NtCreateMutant": 3, "NtProtectVirtualMemory": 110, "setsockopt": 1, "GetTempPathW": 1, "socket": 1, "SearchPathW": 1, "LoadStringW": 10, "LdrGetProcedureAddress": 245, "NtOpenDirectoryObject": 1, "NtOpenKeyEx": 68, "LdrLoadDll": 53, "UuidCreate": 1}, "name": "7aeeddbd-c907-11e6-8668-80e65024849a.file", "class": "malware"}