{"class": "malware", "apistats": {"NtQueryKey": 8, "GetSystemWindowsDirectoryW": 1, "GetAddrInfoW": 3, "NtMapViewOfSection": 1, "CryptAcquireContextW": 1, "NtOpenKey": 6, "NtCreateFile": 1, "WSAStartup": 13, "CryptHashData": 1, "NtClose": 97, "GetAdaptersAddresses": 3, "socket": 10, "NtOpenFile": 1, "InternetSetOptionA": 3, "RegQueryValueExW": 86, "SHGetFolderPathW": 2, "NtQueryValueKey": 1, "CryptCreateHash": 1, "InternetOpenW": 1, "RegCreateKeyExW": 22, "CoUninitialize": 12, "GetVolumePathNameW": 1, "closesocket": 10, "CoCreateInstance": 15, "FindFirstFileExW": 8, "LdrGetDllHandle": 2, "NtAllocateVirtualMemory": 26, "NtQueryInformationFile": 1, "GetSystemTimeAsFileTime": 13, "SetErrorMode": 13, "LdrLoadDll": 8, "GetBestInterfaceEx": 6, "GetFileAttributesW": 12, "LdrGetProcedureAddress": 42, "NtDuplicateObject": 3, "RegOpenKeyExW": 59, "RegEnumKeyExW": 6, "NtFreeVirtualMemory": 5, "RegCloseKey": 62, "NtProtectVirtualMemory": 37, "UuidCreate": 1, "RegSetValueExW": 43, "NtCreateSection": 1, "RegDeleteValueW": 10, "NtDeviceIoControlFile": 74, "SetUnhandledExceptionFilter": 2, "CoInitializeEx": 13, "setsockopt": 10, "CreateThread": 1}, "name": "7b36b907-9901-11e6-8b17-80e65024849a.file"}