{"class": "malware", "apistats": {"NtQueryKey": 8, "DrawTextExW": 2, "GetBestInterfaceEx": 6, "CreateActCtxW": 1, "NtCreateFile": 37, "LdrUnloadDll": 2, "NtOpenProcess": 14, "NtOpenKey": 38, "NtQueryDirectoryFile": 7, "GetForegroundWindow": 2, "GetSystemWindowsDirectoryW": 7, "NtWriteFile": 7, "NtOpenFile": 1, "FindResourceExA": 2, "FindResourceExW": 5, "InternetConnectA": 1, "RegEnumKeyW": 109, "RegOpenKeyExA": 29, "OleInitialize": 1, "RegCreateKeyExW": 21, "GetFileSize": 1, "CoUninitialize": 27, "closesocket": 10, "GetTempPathW": 1, "LdrGetProcedureAddress": 113, "InternetOpenA": 1, "GlobalMemoryStatusEx": 1, "NtAllocateVirtualMemory": 60, "GetSystemDirectoryA": 11, "GetFileInformationByHandleEx": 12, "GetSystemTimeAsFileTime": 52, "GetVolumeNameForVolumeMountPointW": 3, "GetAddrInfoW": 3, "CoCreateInstance": 17, "NtFreeVirtualMemory": 13, "RegCloseKey": 400, "NtProtectVirtualMemory": 49, "RegSetValueExW": 42, "RegDeleteValueW": 9, "GetVolumePathNamesForVolumeNameW": 6, "NtDeviceIoControlFile": 74, "NtQueryAttributesFile": 1, "CoInitializeEx": 29, "RegEnumKeyExW": 27, "FindFirstFileExW": 1, "DeviceIoControl": 2, "GetNativeSystemInfo": 3, "NtMapViewOfSection": 8, "CreateDirectoryW": 8, "RegQueryValueExW": 2285, "WSAStartup": 13, "NtDuplicateObject": 6, "NtClose": 211, "GetAdaptersAddresses": 3, "SetFilePointer": 7, "socket": 10, "InternetCrackUrlA": 1, "InternetSetOptionA": 2, "LoadStringW": 6, "SHGetFolderPathW": 1, "InternetQueryOptionA": 1, "LoadResource": 6, "NtQueryValueKey": 11, "NtOpenSection": 7, "NtOpenMutant": 1, "RegOpenKeyExW": 533, "NtReadFile": 158, "RegQueryValueExA": 16, "LdrGetDllHandle": 26, "NtQuerySystemInformation": 1, "GetSystemInfo": 1, "SetErrorMode": 3, "NtCreateMutant": 7, "LdrLoadDll": 46, "GetFileAttributesW": 19, "FindResourceA": 1, "DeleteFileW": 2, "GetFileSizeEx": 12, "setsockopt": 10, "GetSystemMetrics": 5, "NtCreateSection": 4, "NtUnmapViewOfSection": 3, "CreateThread": 2, "GetSystemDirectoryW": 4, "HttpOpenRequestA": 1}, "name": "7b466e11-c907-11e6-bf91-80e65024849a.file"}