{"class": "malware", "name": "7b6cd93a-2702-11e8-900e-80e65024849a.file", "apistats": {"NtOpenKey": 22, "SetUnhandledExceptionFilter": 1, "NtProtectVirtualMemory": 26, "NtAllocateVirtualMemory": 462, "GetFileSize": 7, "GetFileInformationByHandle": 4, "CreateActCtxW": 3, "NtQueryAttributesFile": 3, "GetFileVersionInfoSizeW": 2, "NtQueryDirectoryFile": 2, "NtMapViewOfSection": 16, "NtCreateSection": 14, "SHGetFolderPathW": 2, "LdrUnloadDll": 3, "NtOpenMutant": 1, "GetSystemInfo": 61, "LdrGetDllHandle": 73, "RegOpenKeyExW": 66, "NtEnumerateKey": 2, "NtOpenDirectoryObject": 1, "RegCloseKey": 39, "RtlAddVectoredContinueHandler": 1, "NtDuplicateObject": 1, "GetSystemTimeAsFileTime": 5, "GetFileAttributesExW": 6, "GetSystemWindowsDirectoryW": 2, "NtUnmapViewOfSection": 5, "NtReadFile": 10, "RegEnumKeyExW": 14, "RegQueryValueExW": 97, "CreateThread": 2, "NtOpenSection": 4, "GlobalMemoryStatus": 1, "NtFreeVirtualMemory": 200, "IsDebuggerPresent": 1, "NtEnumerateValueKey": 7, "NtClose": 53, "SetErrorMode": 40, "GetSystemDirectoryW": 4, "FindFirstFileExW": 13, "NtDelayExecution": 58, "LdrLoadDll": 26, "NtCreateFile": 90, "LdrGetProcedureAddress": 216, "GetShortPathNameW": 1, "NtResumeThread": 2, "RegQueryInfoKeyW": 3, "RegEnumValueW": 3, "NtQuerySystemInformation": 1, "LoadStringW": 4, "NtOpenProcess": 2, "NtQueryValueKey": 12, "GetFileVersionInfoW": 2, "RegOpenKeyExA": 1, "GetFileAttributesW": 25, "NtOpenKeyEx": 2, "NtCreateMutant": 4, "CoInitializeEx": 2}}