{"class": "malware", "apistats": {"NtQueryKey": 4, "GetSystemWindowsDirectoryW": 2, "CreateActCtxW": 3, "RtlAddVectoredContinueHandler": 1, "NtCreateFile": 115, "NtOpenProcess": 5, "GetFileVersionInfoSizeW": 4, "NtOpenKey": 23, "NtQueryDirectoryFile": 2, "NtOpenMutant": 1, "FindResourceExW": 1, "NtOpenKeyEx": 6, "LdrUnloadDll": 3, "GetFileSize": 7, "GetFileAttributesExW": 6, "RegOpenKeyExA": 1, "FindFirstFileExW": 15, "NtAllocateVirtualMemory": 791, "NtEnumerateKey": 2, "GetSystemTimeAsFileTime": 6, "LdrLoadDll": 39, "NtFreeVirtualMemory": 290, "RegCloseKey": 45, "NtProtectVirtualMemory": 30, "UuidCreate": 6, "GetFileVersionInfoW": 4, "NtQueryAttributesFile": 3, "NtOpenDirectoryObject": 1, "IsDebuggerPresent": 1, "CoInitializeEx": 2, "RegEnumKeyExW": 14, "RegEnumValueW": 3, "LdrGetProcedureAddress": 284, "NtMapViewOfSection": 24, "ReadProcessMemory": 6279, "NtDuplicateObject": 1, "NtClose": 64, "RegQueryValueExW": 120, "NtEnumerateValueKey": 7, "GlobalMemoryStatus": 1, "LoadStringW": 4, "SHGetFolderPathW": 2, "NtQueryValueKey": 12, "NtOpenSection": 4, "LookupPrivilegeValueW": 1, "RegOpenKeyExW": 72, "NtReadFile": 10, "NtUnmapViewOfSection": 7, "LdrGetDllHandle": 82, "NtQuerySystemInformation": 3, "GetSystemInfo": 80, "NtDelayExecution": 80, "GetFileInformationByHandle": 8, "NtResumeThread": 2, "NtCreateMutant": 4, "GetFileAttributesW": 35, "GetShortPathNameW": 1, "GetSystemMetrics": 3, "SetErrorMode": 68, "NtCreateSection": 18, "RegQueryInfoKeyW": 3, "SetUnhandledExceptionFilter": 1, "GetSystemDirectoryW": 5, "CreateThread": 3}, "name": "7c07d623-2702-11e8-84bf-80e65024849a.file"}