{"class": "malware", "name": "7c210385-f075-11e6-8f77-80e65024849a.file", "apistats": {"NtQueryInformationFile": 1, "FindResourceExA": 1, "FindWindowW": 1, "NtDeviceIoControlFile": 1, "NtFreeVirtualMemory": 1, "NtQueryValueKey": 1, "DeleteFileW": 13508, "LdrLoadDll": 2, "NtCreateFile": 1, "NtMapViewOfSection": 2, "NtCreateSection": 1, "NtAllocateVirtualMemory": 5, "LdrGetDllHandle": 1, "GetCursorPos": 19628, "IsDebuggerPresent": 1, "MoveFileWithProgressW": 7507, "CopyFileExW": 1, "NtClose": 4, "LdrGetProcedureAddress": 4, "GetSystemWindowsDirectoryW": 1, "GetSystemMetrics": 3}}