{"name": "7c4fedee-f584-11e7-9624-80e65024849a.file", "apistats": {"RtlAddVectoredContinueHandler": 1, "NtUnmapViewOfSection": 5, "RegEnumKeyExW": 14, "NtCreateMutant": 4, "NtClose": 38, "NtQueryValueKey": 2, "NtReadFile": 10, "NtOpenKey": 2, "GetSystemDirectoryW": 4, "NtQueryDirectoryFile": 2, "NtAllocateVirtualMemory": 391, "GetSystemInfo": 63, "GetFileSize": 7, "NtOpenProcess": 2, "NtResumeThread": 4, "LdrGetDllHandle": 87, "NtOpenMutant": 1, "CreateThread": 4, "NtFreeVirtualMemory": 148, "NtDelayExecution": 53, "NtDuplicateObject": 1, "SHGetFolderPathW": 2, "GetFileVersionInfoSizeW": 2, "NtQuerySystemInformation": 1, "FindFirstFileExW": 13, "LoadStringW": 4, "GlobalMemoryStatusEx": 6, "RegOpenKeyExA": 1, "LdrLoadDll": 26, "NtMapViewOfSection": 15, "RegQueryInfoKeyW": 3, "NtOpenDirectoryObject": 1, "LdrGetProcedureAddress": 237, "NtCreateFile": 82, "IsDebuggerPresent": 1, "GetFileAttributesW": 25, "GlobalMemoryStatus": 1, "NtCreateSection": 13, "GetFileVersionInfoW": 2, "RegOpenKeyExW": 66, "NtQueryAttributesFile": 3, "LdrUnloadDll": 3, "CoInitializeEx": 4, "GetFileAttributesExW": 6, "SetUnhandledExceptionFilter": 1, "RegEnumValueW": 3, "GetSystemTimeAsFileTime": 5, "NtProtectVirtualMemory": 48, "SetErrorMode": 40, "NtOpenSection": 2, "GetSystemWindowsDirectoryW": 2, "RegCloseKey": 39, "RegQueryValueExW": 89, "NtOpenKeyEx": 2, "CreateActCtxW": 3, "GetShortPathNameW": 1, "GetFileInformationByHandle": 4}, "class": "malware"}