{"apistats": {"NtOpenSection": 4, "CoUninitialize": 2, "RegCloseKey": 9, "GetBestInterfaceEx": 2, "GetNativeSystemInfo": 2, "WSAStartup": 4, "RegEnumKeyW": 2, "GetFileVersionInfoSizeW": 2, "GetForegroundWindow": 71, "GetFileAttributesW": 4, "NtDelayExecution": 29, "GetSystemMetrics": 347, "NtCreateThreadEx": 1, "GetFileSize": 2, "RegOpenKeyExW": 1, "SearchPathW": 4, "SetErrorMode": 4, "NtAllocateVirtualMemory": 39, "CreateDirectoryW": 3, "GetCursorPos": 7, "NtResumeThread": 2, "CoInitializeEx": 6, "CoCreateInstance": 3, "RegEnumKeyExW": 21, "RegOpenKeyExA": 8, "FindResourceExW": 51, "NtCreateFile": 1, "GetSystemTimeAsFileTime": 4, "GlobalMemoryStatusEx": 1, "FindFirstFileExW": 1, "closesocket": 3, "NtCreateSection": 12, "NtOpenMutant": 1, "LoadResource": 57, "FindWindowW": 1, "NtQueryInformationFile": 1, "CreateProcessInternalW": 1, "NtClose": 5, "RegCreateKeyExW": 7, "NtDuplicateObject": 13, "NtQueryKey": 11, "DrawTextExW": 197, "GetSystemInfo": 1, "RegQueryValueExA": 1, "EnumWindows": 10, "LdrGetProcedureAddress": 400, "IsDebuggerPresent": 1, "GetSystemWindowsDirectoryW": 4, "NtQueryValueKey": 7, "NtOpenProcess": 1, "RegQueryValueExW": 167, "NtFreeVirtualMemory": 8, "NtMapViewOfSection": 24, "SizeofResource": 6, "CreateActCtxW": 2, "SetFileTime": 1, "InternetQueryOptionA": 1, "NtDeviceIoControlFile": 16, "NtReadFile": 34, "NtWriteFile": 5, "LdrGetDllHandle": 1, "GetKeyState": 50, "LdrUnloadDll": 1, "NtQuerySystemInformation": 5, "NtEnumerateValueKey": 52, "OleInitialize": 1, "NtOpenFile": 2, "LoadStringA": 31, "CreateThread": 1, "GetSystemDirectoryW": 13, "SetFilePointer": 10, "NtUnmapViewOfSection": 17, "NtQueryDirectoryFile": 1, "SendNotifyMessageW": 1, "LoadStringW": 58, "NtQueryAttributesFile": 11, "NtCreateMutant": 3, "NtProtectVirtualMemory": 16, "setsockopt": 3, "socket": 3, "RegSetValueExW": 3, "NtOpenKey": 1, "FindResourceW": 17, "GetFileVersionInfoW": 2, "SetEndOfFile": 1, "NtOpenKeyEx": 11, "LdrLoadDll": 58, "UuidCreate": 1}, "name": "7c714f02-5260-11e7-b80f-80e65024849a.file", "class": "malware"}