{"name": "7c9123cf-9f66-11e7-b182-80e65024849a.file", "apistats": {"NtClose": 44, "NtUnmapViewOfSection": 3, "RegEnumKeyExW": 58, "NtCreateMutant": 5, "NtOpenFile": 11, "NtQueryValueKey": 11, "NtReadFile": 5, "RtlAddVectoredExceptionHandler": 1, "NtOpenKey": 7, "GetSystemDirectoryW": 3, "NtQueryKey": 7, "NtAllocateVirtualMemory": 476, "GetSystemInfo": 51, "GetFileSize": 2, "NtOpenProcess": 4, "NtResumeThread": 5, "LdrGetDllHandle": 32, "CoInitializeEx": 2, "CreateThread": 3, "NtFreeVirtualMemory": 225, "NtCreateThreadEx": 1, "NtQueryDirectoryFile": 9, "NtDuplicateObject": 4, "NtGetContextThread": 1, "GetFileVersionInfoSizeW": 2, "NtQuerySystemInformation": 3, "GlobalMemoryStatusEx": 6, "LdrLoadDll": 25, "NtMapViewOfSection": 8, "RegQueryInfoKeyW": 2, "NtOpenDirectoryObject": 1, "LdrGetProcedureAddress": 155, "NtCreateFile": 13, "IsDebuggerPresent": 2, "GetFileAttributesW": 7, "SetErrorMode": 12, "NtCreateSection": 7, "GetFileVersionInfoW": 2, "RegOpenKeyExW": 33, "LdrUnloadDll": 4, "GetFileAttributesExW": 4, "SetUnhandledExceptionFilter": 1, "RegEnumValueW": 5, "GetSystemTimeAsFileTime": 15, "NtSuspendThread": 1, "NtProtectVirtualMemory": 64, "GetSystemWindowsDirectoryW": 1, "RegCloseKey": 21, "NtOpenKeyEx": 8, "RegQueryValueExW": 29, "GetShortPathNameW": 1, "GetFileInformationByHandle": 2}, "class": "malware"}